title,creator,interviewee,date,description,subject,interviewer,residence,birth year,family origin,occupation,subject (lcsh),subject (lctgm),location depicted,region,source,original collection,publisher - digital,holding institution,ordering information,format original,format,type,identifier,date digital,language,web site,rights,standardized rights,digital specifications,filename,oclc number,date created,date modified,reference url,cdmid,collectionid,contentdm file name,contentdm file path,objectid
History of the 1910 Forest Fires in Idaho and Western Montana,Elers Koch,,1942,A history of the 1910 forest fire written in 1942.,fires,,,,,,,fires;,United States--Idaho--Shoshone County--Wallace,Wallace,"MG 367, Bunker Hill Company. Records, 1887-1984, University of Idaho Library Special Collections and Archives","Bunker Hill Company Records, 1887-1984",University of Idaho Library Digital Initiatives,University of Idaho Library Special Collections and Archives,"To order a reproduction, inquire about permissions, or for information about prices see: http://www.lib.uidaho.edu/special-collections/about.html",25 page report,application/pdf,Text,Koch1910FireHistory,2011,eng,http://www.lib.uidaho.edu/digital/bigburn/,"Educational use includes non-commercial use of text and images in materials for teaching and research purposes. Digital reproduction rights granted by University of Idaho Library. For other uses beyond educational use, please contact University of Idaho Library Special Collections and Archives Department at libspec@uidaho.edu.",http://rightsstatements.org/vocab/InC-EDU/1.0/,300 dpi grayscale with watermark (displayed). Archival master is a TIFF.,,,2015-08-27,2015-08-27,http://digital.lib.uidaho.edu:80/cdm/ref/collection/bigburn/id/25,25,bigburn,82.cpd,/bigburn/supp/25/index.pdf,bigburn00
Forest Fire 1910 - Correspondence,Ben E. Bush,,1910-08-31,Clearwater Fire Protective Association. Letter from the office of Ben E. Bush to Mr. Day.,fires;,,,,,,Manuscript Group 5381; Forest fires;,fires;,United States--Idaho--Shoshone County--Wallace,Wallace,"MG 5381, Jerome Day Legislative papers, 1909-1910, University of Idaho Library Special Collections and Archives",MG 5381,University of Idaho Library Digital Initiatives,University of Idaho Library Special Collections and Archives,"To order a reproduction, inquire about permissions, or for information about prices see: http://www.lib.uidaho.edu/special-collections/about.html",8.5x11 letter,application/pdf,Text,MG5381-1,2011,eng,http://www.lib.uidaho.edu/digital/bigburn/,"Material determined to be in Public Domain based on date of publication. Material made available by the University of Idaho Library. For more information, please contact University of Idaho Library Special Collections and Archives Department at libspec@uidaho.edu.",https://creativecommons.org/publicdomain/mark/1.0/,300 dpi grayscale with watermark (displayed). Archival master is a TIFF.,,,2015-08-27,2015-08-27,http://digital.lib.uidaho.edu:80/cdm/ref/collection/bigburn/id/28,28,bigburn,85.cpd,/bigburn/supp/28/index.pdf,bigburn01
Forest Fire 1910 - Bunker Hill,Stanley A. Eaton,,1910-08-22,"Managers letters, Easton to Bradley. Letter detailing the Wallace area fire of 1910.  Page 1.",fires;  Bunker Hill Company Records;,,,,,,Bunker Hill Company Records 1887-1984 -- Manuscript Group; Forest fires;,fires;,United States--Idaho--Shoshone County--Wallace,Wallace,"MG 367, Bunker Hill Company. Records, 1887-1984, University of Idaho Library Special Collections and Archives","Bunker Hill Company Records, 1887-1984",University of Idaho Library Digital Initiatives,University of Idaho Library Special Collections and Archives,"To order a reproduction, inquire about permissions, or for information about prices see: http://www.lib.uidaho.edu/special-collections/about.html",8.5x11 letter,application/pdf,Text,MG367-10-116c,2011,eng,http://www.lib.uidaho.edu/digital/bigburn/,"Material determined to be in Public Domain based on date of publication. Material made available by the University of Idaho Library. For more information, please contact University of Idaho Library Special Collections and Archives Department at libspec@uidaho.edu.",https://creativecommons.org/publicdomain/mark/1.0/,300 dpi grayscale with watermark (displayed). Archival master is a TIFF.,,,2015-08-27,2015-08-27,http://digital.lib.uidaho.edu:80/cdm/ref/collection/bigburn/id/33,33,bigburn,90.cpd,/bigburn/supp/33/index.pdf,bigburn02
Forest Fire 1910 - Bunker Hill correspondence,Stanley A. Eaton,,1910-08-21,"Managers letters, Easton to Bradley. Telegraph, August 21, 1910",fires;  Bunker Hill Company Records;,,,,,,Bunker Hill Company Records 1887-1984 -- Manuscript Group; Forest fires;,fires;,United States--Idaho--Shoshone County--Wallace,Wallace,"MG 367, Bunker Hill Company. Records, 1887-1984, University of Idaho Library Special Collections and Archives","Bunker Hill Company Records, 1887-1984",University of Idaho Library Digital Initiatives,University of Idaho Library Special Collections and Archives,"To order a reproduction, inquire about permissions, or for information about prices see: http://www.lib.uidaho.edu/special-collections/about.html",8x5 telegraph,application/pdf,Text,MG367-10-116a,2011,eng,http://www.lib.uidaho.edu/digital/bigburn/,"Material determined to be in Public Domain based on date of publication. Material made available by the University of Idaho Library. For more information, please contact University of Idaho Library Special Collections and Archives Department at libspec@uidaho.edu.",https://creativecommons.org/publicdomain/mark/1.0/,300 dpi grayscale with watermark (displayed). Archival master is a TIFF.,,,2015-08-27,2015-08-27,http://digital.lib.uidaho.edu:80/cdm/ref/collection/bigburn/id/35,35,bigburn,92.cpd,/bigburn/supp/35/index.pdf,bigburn03
Forest Fire 1910 - Bunker Hill correspondence,Stanley A. Eaton,,1910-08-22,"Managers letters, Easton to Bradley. Telegraph, August 22, 1910.",fires;  Bunker Hill Company Records;,,,,,,Bunker Hill Company Records 1887-1984 -- Manuscript Group; Forest fires;,fires;,United States--Idaho--Shoshone County--Wallace,Wallace,"MG 367, Bunker Hill Company. Records, 1887-1984, University of Idaho Library Special Collections and Archives","Bunker Hill Company Records, 1887-1984",University of Idaho Library Digital Initiatives,University of Idaho Library Special Collections and Archives,"To order a reproduction, inquire about permissions, or for information about prices see: http://www.lib.uidaho.edu/special-collections/about.html",8x5 telegraph,application/pdf,Text,MG367-10-116i,2011,eng,http://www.lib.uidaho.edu/digital/bigburn/,"Material determined to be in Public Domain based on date of publication. Material made available by the University of Idaho Library. For more information, please contact University of Idaho Library Special Collections and Archives Department at libspec@uidaho.edu.",https://creativecommons.org/publicdomain/mark/1.0/,300 dpi grayscale with watermark (displayed). Archival master is a TIFF.,,,2015-08-27,2015-08-27,http://digital.lib.uidaho.edu:80/cdm/ref/collection/bigburn/id/37,37,bigburn,94.cpd,/bigburn/supp/37/index.pdf,bigburn04
Forest Fire 1910 - Bunker Hill correspondence,Stanley A. Eaton,,1910-08-21,"Managers letters, Easton to Bradley. Telegraph, August 21, 1910",fires;  Bunker Hill Company Records;,,,,,,Bunker Hill Company Records 1887-1984 -- Manuscript Group; Forest fires;,fires;,United States--Idaho--Shoshone County--Wallace,Wallace,"MG 367, Bunker Hill Company. Records, 1887-1984, University of Idaho Library Special Collections and Archives","Bunker Hill Company Records, 1887-1984",University of Idaho Library Digital Initiatives,University of Idaho Library Special Collections and Archives,"To order a reproduction, inquire about permissions, or for information about prices see: http://www.lib.uidaho.edu/special-collections/about.html",8x5 telegraph,application/pdf,Text,MG367-10-116b,2011,eng,http://www.lib.uidaho.edu/digital/bigburn/,"Material determined to be in Public Domain based on date of publication. Material made available by the University of Idaho Library. For more information, please contact University of Idaho Library Special Collections and Archives Department at libspec@uidaho.edu.",https://creativecommons.org/publicdomain/mark/1.0/,300 dpi grayscale with watermark (displayed). Archival master is a TIFF.,,,2015-08-27,2015-08-27,http://digital.lib.uidaho.edu:80/cdm/ref/collection/bigburn/id/39,39,bigburn,96.cpd,/bigburn/supp/39/index.pdf,bigburn05
Forest Fire 1910 - Bunker Hill correspondence,Stanley A. Eaton,,1910-08-22,"Managers letters, Easton to Bradley. Telegraph, August 22, 1910.",fires;  Bunker Hill Company Records;,,,,,,Bunker Hill Company Records 1887-1984 -- Manuscript Group; Forest fires;,fires;,United States--Idaho--Shoshone County--Wallace,Wallace,"MG 367, Bunker Hill Company. Records, 1887-1984, University of Idaho Library Special Collections and Archives","Bunker Hill Company Records, 1887-1984",University of Idaho Library Digital Initiatives,University of Idaho Library Special Collections and Archives,"To order a reproduction, inquire about permissions, or for information about prices see: http://www.lib.uidaho.edu/special-collections/about.html",8x5 telegraph,application/pdf,Text,MG367-10-116g,2011,eng,http://www.lib.uidaho.edu/digital/bigburn/,"Material determined to be in Public Domain based on date of publication. Material made available by the University of Idaho Library. For more information, please contact University of Idaho Library Special Collections and Archives Department at libspec@uidaho.edu.",https://creativecommons.org/publicdomain/mark/1.0/,300 dpi grayscale with watermark (displayed). Archival master is a TIFF.,,,2015-08-27,2015-08-27,http://digital.lib.uidaho.edu:80/cdm/ref/collection/bigburn/id/41,41,bigburn,98.cpd,/bigburn/supp/41/index.pdf,bigburn06
Forest Fire 1910 - Bunker Hill correspondence,Stanley A. Eaton,,1910-08-22,"Managers letters, Easton to Bradley. Telegraph, August 22, 1910.",fires;  Bunker Hill Company Records;,,,,,,Bunker Hill Company Records 1887-1984 -- Manuscript Group; Forest fires;,fires;,United States--Idaho--Shoshone County--Wallace,Wallace,"MG 367, Bunker Hill Company. Records, 1887-1984, University of Idaho Library Special Collections and Archives","Bunker Hill Company Records, 1887-1984",University of Idaho Library Digital Initiatives,University of Idaho Library Special Collections and Archives,"To order a reproduction, inquire about permissions, or for information about prices see: http://www.lib.uidaho.edu/special-collections/about.html",8x5 telegraph,application/pdf,Text,MG367-10-116h,2011,eng,http://www.lib.uidaho.edu/digital/bigburn/,"Material determined to be in Public Domain based on date of publication. Material made available by the University of Idaho Library. For more information, please contact University of Idaho Library Special Collections and Archives Department at libspec@uidaho.edu.",https://creativecommons.org/publicdomain/mark/1.0/,300 dpi grayscale with watermark (displayed). Archival master is a TIFF.,,,2015-08-27,2015-08-27,http://digital.lib.uidaho.edu:80/cdm/ref/collection/bigburn/id/43,43,bigburn,100.cpd,/bigburn/supp/43/index.pdf,bigburn07
Forest Fire 1910 - Bunker Hill correspondence,Stanley A. Eaton,,1910-08-23,"Managers letters, Easton to Bradley. Telegraph, August 23-24, 1910",fires;  Bunker Hill Company Records;,,,,,,Bunker Hill Company Records 1887-1984 -- Manuscript Group; Forest fires;,fires;,United States--Idaho--Shoshone County--Wallace,Wallace,"MG 367, Bunker Hill Company. Records, 1887-1984, University of Idaho Library Special Collections and Archives","Bunker Hill Company Records, 1887-1984",University of Idaho Library Digital Initiatives,University of Idaho Library Special Collections and Archives,"To order a reproduction, inquire about permissions, or for information about prices see: http://www.lib.uidaho.edu/special-collections/about.html",8x5 telegraph,application/pdf,Text,MG367-10-116j,2011,eng,http://www.lib.uidaho.edu/digital/bigburn/,"Material determined to be in Public Domain based on date of publication. Material made available by the University of Idaho Library. For more information, please contact University of Idaho Library Special Collections and Archives Department at libspec@uidaho.edu.",https://creativecommons.org/publicdomain/mark/1.0/,300 dpi grayscale with watermark (displayed). Archival master is a TIFF.,,,2015-08-27,2015-08-27,http://digital.lib.uidaho.edu:80/cdm/ref/collection/bigburn/id/45,45,bigburn,102.cpd,/bigburn/supp/45/index.pdf,bigburn08
Trail crew cutting out burned timber. 1910 Forest fire - copy. Copied for S.A. Woodbury. 1960. Negative,"Barnard Studio (Wallace, Idaho)",,1910,Image shows a trail crew cutting out burned timber. 1910 Forest fire,"fires;  groups of people;  Barnard, T. N. (Thomas Nathan); Stockbridge, Nellie; debris;",,,,,,"Barnard, T. N. (Thomas Nathan)--Photograph collections; Stockbridge, Nellie--Photograph collections; Forest fires;",debris;,United States--Idaho--Shoshone County,Wallace,"PG 8, Barnard-Stockbridge Collection, University of Idaho Library Special Collections and Archives",Barnard Stockbridge Collection,University of Idaho Library Digital Initiatives,University of Idaho Library Special Collections and Archives,"To order a reproduction, inquire about permissions, or for information about prices see: http://www.lib.uidaho.edu/special-collections/about.html",8x10 black and white glass negative,image/jpg,Image;StillImage,8-27831c,2009,eng,http://www.lib.uidaho.edu/digital/bigburn/,"Material determined to be in Public Domain based on date of publication. Material made available by the University of Idaho Library. For more information, please contact University of Idaho Library Special Collections and Archives Department at libspec@uidaho.edu.",https://creativecommons.org/publicdomain/mark/1.0/,300 dpi grayscale with watermark (displayed). Archival master is a TIFF.,,,2011-08-01,2015-08-27,http://digital.lib.uidaho.edu:80/cdm/ref/collection/bigburn/id/46,46,bigburn,1.jp2,/bigburn/image/1.jp2,bigburn09
"Forest Fire, 1910 - Wallace [1910] General view","Barnard Studio (Wallace, Idaho)",,1910,"Image of Wallace, Idaho after the fire of August 20, 1910. Caption on front: """"General view from Samuel's Hotel, showing Oregon, Washington Railroad and Navigation station, August 20, 1910""""","fires; buildings; railroads; railroads cars;  Barnard, T. N. (Thomas Nathan); Stockbridge, Nellie; debris; buildings; Bricks; cities and towns;",,,,,,"Barnard, T. N. (Thomas Nathan)--Photograph collections; Stockbridge, Nellie--Photograph collections;",debris; Buildings--Idaho; Bricks; Cities and towns--Idaho;,United States--Idaho--Shoshone County--Wallace,Wallace,"PG 8, Barnard-Stockbridge Collection, University of Idaho Library Special Collections and Archives",Barnard Stockbridge Collection,University of Idaho Library Digital Initiatives,University of Idaho Library Special Collections and Archives,"To order a reproduction, inquire about permissions, or for information about prices see: http://www.lib.uidaho.edu/special-collections/about.html",8x10 black and white glass negative,image/jpg,Image;StillImage,8-X90,2009-03-11,eng,http://www.lib.uidaho.edu/digital/bigburn/,"Material determined to be in Public Domain based on date of publication. Material made available by the University of Idaho Library. For more information, please contact University of Idaho Library Special Collections and Archives Department at libspec@uidaho.edu.",https://creativecommons.org/publicdomain/mark/1.0/,"300 dpi grayscale with watermark (displayed), Scanned from a 8 x 10  black and white print. Master is a 300 dpi Tiff.",,,2011-08-01,2015-08-27,http://digital.lib.uidaho.edu:80/cdm/ref/collection/bigburn/id/47,47,bigburn,10.jp2,/bigburn/image/10.jp2,bigburn10
"Forest Fire - Wallace [1910] Taken Aug. 25, after fire of Aug. 20","Barnard Studio (Wallace, Idaho)",,1910-08-22,"Image of Wallace, Idaho after the fire of August 20, 1910.","fires; buildings ; groups of people;  Barnard, T. N. (Thomas Nathan); Stockbridge, Nellie; debris; buildings; Bricks; cities and towns; men; Women;",,,,,,"Barnard, T. N. (Thomas Nathan)--Photograph collections; Stockbridge, Nellie--Photograph collections;",debris; Buildings--Idaho; Bricks; Cities and towns--Idaho; Men--Idaho; Women--Idaho;,United States--Idaho--Shoshone County--Wallace,Wallace,"PG 8, Barnard-Stockbridge Collection, University of Idaho Library Special Collections and Archives",Barnard Stockbridge Collection,University of Idaho Library Digital Initiatives,University of Idaho Library Special Collections and Archives,"To order a reproduction, inquire about permissions, or for information about prices see: http://www.lib.uidaho.edu/special-collections/about.html",8x10 black and white glass negative,image/jpg,Image;StillImage,8-X91a,2009-03-11,eng,http://www.lib.uidaho.edu/digital/bigburn/,"Material determined to be in Public Domain based on date of publication. Material made available by the University of Idaho Library. For more information, please contact University of Idaho Library Special Collections and Archives Department at libspec@uidaho.edu.",https://creativecommons.org/publicdomain/mark/1.0/,"300 dpi grayscale with watermark (displayed), Scanned from a 8 x 10  black and white print. Master is a 300 dpi Tiff.",,,2011-08-01,2015-08-27,http://digital.lib.uidaho.edu:80/cdm/ref/collection/bigburn/id/48,48,bigburn,11.jp2,/bigburn/image/11.jp2,bigburn11
"Wallace, Idaho - Fire of August 20, 1910","Barnard Studio (Wallace, Idaho)",,1910-08-22,"Image of Wallace, Idaho after the fire of August 20, 1910.","fires; buildings ; groups of people;  Barnard, T. N. (Thomas Nathan); Stockbridge, Nellie; debris; buildings; Bricks; cities and towns; men; Women;",,,,,,"Barnard, T. N. (Thomas Nathan)--Photograph collections; Stockbridge, Nellie--Photograph collections;",debris; Buildings--Idaho; Bricks; Cities and towns--Idaho; Men--Idaho; Women--Idaho;,United States--Idaho--Shoshone County--Wallace,Wallace,"PG 8, Barnard-Stockbridge Collection, University of Idaho Library Special Collections and Archives",Barnard Stockbridge Collection,University of Idaho Library Digital Initiatives,University of Idaho Library Special Collections and Archives,"To order a reproduction, inquire about permissions, or for information about prices see: http://www.lib.uidaho.edu/special-collections/about.html",8x10 black and white glass negative,image/jpg,Image;StillImage,8-X91b,2009-03-11,eng,http://www.lib.uidaho.edu/digital/bigburn/,"Material determined to be in Public Domain based on date of publication. Material made available by the University of Idaho Library. For more information, please contact University of Idaho Library Special Collections and Archives Department at libspec@uidaho.edu.",https://creativecommons.org/publicdomain/mark/1.0/,"300 dpi grayscale with watermark (displayed), Scanned from a 8 x 10  black and white print. Master is a 300 dpi Tiff.",,,2011-08-01,2015-08-27,http://digital.lib.uidaho.edu:80/cdm/ref/collection/bigburn/id/49,49,bigburn,12.jp2,/bigburn/image/12.jp2,bigburn12
"Forest Fire, 1910 - Wallace [1910] Showing corner of Samuel's Hotel on Aug. 22, after fire of Aug. 20","Barnard Studio (Wallace, Idaho)",,1910-08-22,"Image of Wallace, Idaho after the fire of August 20, 1910, shows the corner of Samuel's Hotel on August 22, 1910.","fires; buildings ; groups of people; wagons (cargo vehicles);  Barnard, T. N. (Thomas Nathan); Stockbridge, Nellie; Horses; debris; buildings; Bricks; cities and towns; men;",,,,,,"Barnard, T. N. (Thomas Nathan)--Photograph collections; Stockbridge, Nellie--Photograph collections; Horses;",debris; Buildings--Idaho; Bricks; Cities and towns--Idaho; Men--Idaho;,United States--Idaho--Shoshone County--Wallace,Wallace,"PG 8, Barnard-Stockbridge Collection, University of Idaho Library Special Collections and Archives",Barnard Stockbridge Collection,University of Idaho Library Digital Initiatives,University of Idaho Library Special Collections and Archives,"To order a reproduction, inquire about permissions, or for information about prices see: http://www.lib.uidaho.edu/special-collections/about.html",8x10 black and white glass negative,image/jpg,Image;StillImage,8-X92,2009-03-11,eng,http://www.lib.uidaho.edu/digital/bigburn/,"Material determined to be in Public Domain based on date of publication. Material made available by the University of Idaho Library. For more information, please contact University of Idaho Library Special Collections and Archives Department at libspec@uidaho.edu.",https://creativecommons.org/publicdomain/mark/1.0/,"300 dpi grayscale with watermark (displayed), Scanned from a 8 x 10  black and white print. Master is a 300 dpi Tiff.",,,2011-08-01,2015-08-27,http://digital.lib.uidaho.edu:80/cdm/ref/collection/bigburn/id/50,50,bigburn,13.jp2,/bigburn/image/13.jp2,bigburn13
"Forest Fire, 1910 - Wallace [1910] Oil tanks that withstood the fire of August 20","Barnard Studio (Wallace, Idaho)",,1910,Oil tank that withstood the great forest fire of 1910.,"oil storage tanks; fires;  Barnard, T. N. (Thomas Nathan); Stockbridge, Nellie;    Fires-- ; Fuel tanks;",,,,,,"Barnard, T. N. (Thomas Nathan)--Photograph collections; Stockbridge, Nellie--Photograph collections; Forest fires;",fires ; Fuel tanks;,United States--Idaho--Shoshone County--Wallace,Wallace,"PG 8, Barnard-Stockbridge Collection, University of Idaho Library Special Collections and Archives",Barnard Stockbridge Collection,University of Idaho Library Digital Initiatives,University of Idaho Library Special Collections and Archives,"To order a reproduction, inquire about permissions, or for information about prices see: http://www.lib.uidaho.edu/special-collections/about.html",8x10 black and white glass negative,image/jpg,Image;StillImage,8-X170,2009-04-01,eng,http://www.lib.uidaho.edu/digital/bigburn/,"Material determined to be in Public Domain based on date of publication. Material made available by the University of Idaho Library. For more information, please contact University of Idaho Library Special Collections and Archives Department at libspec@uidaho.edu.",https://creativecommons.org/publicdomain/mark/1.0/,"300 dpi grayscale with watermark (displayed), Scanned from a 8 x 10  black and white print. Master is a 300 dpi Tiff.",,,2011-08-01,2015-08-27,http://digital.lib.uidaho.edu:80/cdm/ref/collection/bigburn/id/51,51,bigburn,14.jp2,/bigburn/image/14.jp2,bigburn14
"Wallace, Idaho - after fire [1910] taken from the tank","Barnard Studio (Wallace, Idaho)",,1910,After fire.  Taken from the tank of the town,"fires; water tanks; towns;  Barnard, T. N. (Thomas Nathan); Stockbridge, Nellie; water tanks; cities and towns;",,,,,,"Barnard, T. N. (Thomas Nathan)--Photograph collections; Stockbridge, Nellie--Photograph collections;",fires; water tanksIdaho; Cities and towns--Idaho;,United States--Idaho--Shoshone--Wallace,Wallace,"PG 8, Barnard-Stockbridge Collection, University of Idaho Library Special Collections and Archives",Barnard Stockbridge Collection,University of Idaho Library Digital Initiatives,University of Idaho Library Special Collections and Archives,"To order a reproduction, inquire about permissions, or for information about prices see: http://www.lib.uidaho.edu/special-collections/about.html",8x10 black and white glass negative,image/jpg,Image;StillImage,8-X478,2009-08,eng,http://www.lib.uidaho.edu/digital/bigburn/,"Material determined to be in Public Domain based on date of publication. Material made available by the University of Idaho Library. For more information, please contact University of Idaho Library Special Collections and Archives Department at libspec@uidaho.edu.",https://creativecommons.org/publicdomain/mark/1.0/,"300 dpi grayscale with watermark (displayed), Scanned from a 8 x 10  black and white print. Master is a 300 dpi Tiff.",,,2011-08-01,2015-08-27,http://digital.lib.uidaho.edu:80/cdm/ref/collection/bigburn/id/52,52,bigburn,15.jp2,/bigburn/image/15.jp2,bigburn15
"Wallace, Idaho - Forest fire 1910 [1910] Ruins in East Wallace","Barnard Studio (Wallace, Idaho)",,1910,Forest fire 1910. Ruins in East Wallace.,"fires; damage;  Barnard, T. N. (Thomas Nathan); Stockbridge, Nellie; debris;",,,,,,"Barnard, T. N. (Thomas Nathan)--Photograph collections; Stockbridge, Nellie--Photograph collections;",fires; debris;,United States--Idaho--Shoshone County--Wallace,Wallace,"PG 8, Barnard-Stockbridge Collection, University of Idaho Library Special Collections and Archives",Barnard Stockbridge Collection,University of Idaho Library Digital Initiatives,University of Idaho Library Special Collections and Archives,"To order a reproduction, inquire about permissions, or for information about prices see: http://www.lib.uidaho.edu/special-collections/about.html",8x10 black and white glass negative,image/jpg,Image;StillImage,8-X545c,2009-09,eng,http://www.lib.uidaho.edu/digital/bigburn/,"Material determined to be in Public Domain based on date of publication. Material made available by the University of Idaho Library. For more information, please contact University of Idaho Library Special Collections and Archives Department at libspec@uidaho.edu.",https://creativecommons.org/publicdomain/mark/1.0/,"300 dpi grayscale with watermark (displayed), Scanned from a 8 x 10  black and white print. Master is a 300 dpi Tiff.",,,2011-08-01,2015-08-27,http://digital.lib.uidaho.edu:80/cdm/ref/collection/bigburn/id/53,53,bigburn,16.jp2,/bigburn/image/16.jp2,bigburn16
"Wallace, Idaho - Forest fire 1910 [1910] Some damage of East Wallace","Barnard Studio (Wallace, Idaho)",,1910,Forest fire 1910. Some damage of East Wallace.,"fires; damage;  Barnard, T. N. (Thomas Nathan); Stockbridge, Nellie; debris;",,,,,,"Barnard, T. N. (Thomas Nathan)--Photograph collections; Stockbridge, Nellie--Photograph collections;",fires; debris;,United States--Idaho--Shoshone County--Wallace,Wallace,"PG 8, Barnard-Stockbridge Collection, University of Idaho Library Special Collections and Archives",Barnard Stockbridge Collection,University of Idaho Library Digital Initiatives,University of Idaho Library Special Collections and Archives,"To order a reproduction, inquire about permissions, or for information about prices see: http://www.lib.uidaho.edu/special-collections/about.html",8x10 black and white glass negative,image/jpg,Image;StillImage,8-X545d,2009-09,eng,http://www.lib.uidaho.edu/digital/bigburn/,"Material determined to be in Public Domain based on date of publication. Material made available by the University of Idaho Library. For more information, please contact University of Idaho Library Special Collections and Archives Department at libspec@uidaho.edu.",https://creativecommons.org/publicdomain/mark/1.0/,"300 dpi grayscale with watermark (displayed), Scanned from a 8 x 10  black and white print. Master is a 300 dpi Tiff.",,,2011-08-01,2015-08-27,http://digital.lib.uidaho.edu:80/cdm/ref/collection/bigburn/id/54,54,bigburn,17.jp2,/bigburn/image/17.jp2,bigburn17
"Wallace, Idaho - Forest fire 1910 [1910]","Barnard Studio (Wallace, Idaho)",,1910,Forest fire 1910. Smoke before fire entered town Aug. 20.,"fires; smoke;  Barnard, T. N. (Thomas Nathan); Stockbridge, Nellie;",,,,,,"Barnard, T. N. (Thomas Nathan)--Photograph collections; Stockbridge, Nellie--Photograph collections;",fires;,United States--Idaho--Shoshone County--Wallace,Wallace,"PG 8, Barnard-Stockbridge Collection, University of Idaho Library Special Collections and Archives",Barnard Stockbridge Collection,University of Idaho Library Digital Initiatives,University of Idaho Library Special Collections and Archives,"To order a reproduction, inquire about permissions, or for information about prices see: http://www.lib.uidaho.edu/special-collections/about.html",8x10 black and white glass negative,image/jpg,Image;StillImage,8-X545e,2009-09,eng,http://www.lib.uidaho.edu/digital/bigburn/,"Material determined to be in Public Domain based on date of publication. Material made available by the University of Idaho Library. For more information, please contact University of Idaho Library Special Collections and Archives Department at libspec@uidaho.edu.",https://creativecommons.org/publicdomain/mark/1.0/,"300 dpi grayscale with watermark (displayed), Scanned from a 8 x 10  black and white print. Master is a 300 dpi Tiff.",,,2011-08-01,2015-08-27,http://digital.lib.uidaho.edu:80/cdm/ref/collection/bigburn/id/55,55,bigburn,18.jp2,/bigburn/image/18.jp2,bigburn18
Forest fire 1910 [1910] Smoke before fire entered town Aug. 20,"Barnard Studio (Wallace, Idaho)",,1910,Showing ruins of the Pacific Hotel; Hotel street from 7th. Forest fire 1910,"fires; damage;  Barnard, T. N. (Thomas Nathan); Stockbridge, Nellie; debris;",,,,,,"Barnard, T. N. (Thomas Nathan)--Photograph collections; Stockbridge, Nellie--Photograph collections;",fires; debris;,United States--Idaho--Shoshone County--Wallace,Wallace,"PG 8, Barnard-Stockbridge Collection, University of Idaho Library Special Collections and Archives",Barnard Stockbridge Collection,University of Idaho Library Digital Initiatives,University of Idaho Library Special Collections and Archives,"To order a reproduction, inquire about permissions, or for information about prices see: http://www.lib.uidaho.edu/special-collections/about.html",8x10 black and white glass negative,image/jpg,Image;StillImage,8-X545f,2009-09,eng,http://www.lib.uidaho.edu/digital/bigburn/,"Material determined to be in Public Domain based on date of publication. Material made available by the University of Idaho Library. For more information, please contact University of Idaho Library Special Collections and Archives Department at libspec@uidaho.edu.",https://creativecommons.org/publicdomain/mark/1.0/,"300 dpi grayscale with watermark (displayed), Scanned from a 8 x 10  black and white print. Master is a 300 dpi Tiff.",,,2011-08-01,2015-08-27,http://digital.lib.uidaho.edu:80/cdm/ref/collection/bigburn/id/56,56,bigburn,19.jp2,/bigburn/image/19.jp2,bigburn19
Two men standing in yard of home. 1910 Forest fire - copy. Copied for S.A. Woodbury. 1960. Negative,"Barnard Studio (Wallace, Idaho)",,1910,Images shows two men standing in the yard of a home. 1910 Forest fire,"fires; groups of people; dwellings;  Barnard, T. N. (Thomas Nathan); Stockbridge, Nellie;",,,,,,"Barnard, T. N. (Thomas Nathan)--Photograph collections; Stockbridge, Nellie--Photograph collections; Forest fires;",,United States--Idaho--Shoshone County--Wallace,Wallace,"PG 8, Barnard-Stockbridge Collection, University of Idaho Library Special Collections and Archives",Barnard Stockbridge Collection,University of Idaho Library Digital Initiatives,University of Idaho Library Special Collections and Archives,"To order a reproduction, inquire about permissions, or for information about prices see: http://www.lib.uidaho.edu/special-collections/about.html",8x10 black and white glass negative,image/jpg,Image;StillImage,8-27831a,2009,eng,http://www.lib.uidaho.edu/digital/bigburn/,"Material determined to be in Public Domain based on date of publication. Material made available by the University of Idaho Library. For more information, please contact University of Idaho Library Special Collections and Archives Department at libspec@uidaho.edu.",https://creativecommons.org/publicdomain/mark/1.0/,300 dpi grayscale with watermark (displayed). Archival master is a TIFF.,,,2011-08-01,2015-08-27,http://digital.lib.uidaho.edu:80/cdm/ref/collection/bigburn/id/57,57,bigburn,2.jp2,/bigburn/image/2.jp2,bigburn20
"Forest Fire - Wallace Idaho Aug 20, 1910 Men burned in the fire","Barnard Studio (Wallace, Idaho)",,1910,"Forest fire August 20, 1910. Men burned in the fire.","fires; damage; studio portraits;  Barnard, T. N. (Thomas Nathan); Stockbridge, Nellie;    Group portraits;  wounds and injuries;",,,,,,"Barnard, T. N. (Thomas Nathan)--Photograph collections; Stockbridge, Nellie--Photograph collections;",fires; Group portraits;  wounds and injuriesIdaho;,United States--Idaho--Shoshone County--Wallace,Wallace,"PG 8, Barnard-Stockbridge Collection, University of Idaho Library Special Collections and Archives",Barnard Stockbridge Collection,University of Idaho Library Digital Initiatives,University of Idaho Library Special Collections and Archives,"To order a reproduction, inquire about permissions, or for information about prices see: http://www.lib.uidaho.edu/special-collections/about.html",8x10 black and white glass negative,image/jpg,Image;StillImage,8-X545h,2009-09,eng,http://www.lib.uidaho.edu/digital/bigburn/,"Material determined to be in Public Domain based on date of publication. Material made available by the University of Idaho Library. For more information, please contact University of Idaho Library Special Collections and Archives Department at libspec@uidaho.edu.",https://creativecommons.org/publicdomain/mark/1.0/,"300 dpi grayscale with watermark (displayed), Scanned from a 8 x 10  black and white print. Master is a 300 dpi Tiff.",,,2011-08-01,2015-08-27,http://digital.lib.uidaho.edu:80/cdm/ref/collection/bigburn/id/58,58,bigburn,20.jp2,/bigburn/image/20.jp2,bigburn21
"Forest Fire, 1910 - Wallace [1910]","Barnard Studio (Wallace, Idaho)",,1910,"Night time image of the fire burning buildings in Wallace, Idaho. Forest fire 1910.","fires;  Barnard, T. N. (Thomas Nathan); Stockbridge, Nellie; debris; cities and towns;",,,,,,"Barnard, T. N. (Thomas Nathan)--Photograph collections; Stockbridge, Nellie--Photograph collections; Forest fires;",debris; Cities and towns--Idaho;,United States--Idaho--Shoshone County--Wallace,Wallace,"PG 8, Barnard-Stockbridge Collection, University of Idaho Library Special Collections and Archives",Barnard Stockbridge Collection,University of Idaho Library Digital Initiatives,University of Idaho Library Special Collections and Archives,"To order a reproduction, inquire about permissions, or for information about prices see: http://www.lib.uidaho.edu/special-collections/about.html",8x10 black and white glass negative,image/jpg,Image;StillImage,8-B498a,2009,eng,http://www.lib.uidaho.edu/digital/bigburn/,"Material determined to be in Public Domain based on date of publication. Material made available by the University of Idaho Library. For more information, please contact University of Idaho Library Special Collections and Archives Department at libspec@uidaho.edu.",https://creativecommons.org/publicdomain/mark/1.0/,300 dpi grayscale with watermark (displayed). Archival master is a TIFF.,,,2011-08-01,2015-08-27,http://digital.lib.uidaho.edu:80/cdm/ref/collection/bigburn/id/59,59,bigburn,21.jp2,/bigburn/image/21.jp2,bigburn22
"Forest Fire, 1910 - Wallace [1910]","Barnard Studio (Wallace, Idaho)",,1910,"Night time image of the fire burning buildings in Wallace, Idaho. Forest fire 1910.","fires;  Barnard, T. N. (Thomas Nathan); Stockbridge, Nellie; debris; cities and towns;",,,,,,"Barnard, T. N. (Thomas Nathan)--Photograph collections; Stockbridge, Nellie--Photograph collections; Forest fires;",debris; Cities and towns--Idaho;,United States--Idaho--Shoshone County--Wallace,Wallace,"PG 8, Barnard-Stockbridge Collection, University of Idaho Library Special Collections and Archives",Barnard Stockbridge Collection,University of Idaho Library Digital Initiatives,University of Idaho Library Special Collections and Archives,"To order a reproduction, inquire about permissions, or for information about prices see: http://www.lib.uidaho.edu/special-collections/about.html",8x10 black and white glass negative,image/jpg,Image;StillImage,8-B498b,2009,eng,http://www.lib.uidaho.edu/digital/bigburn/,"Material determined to be in Public Domain based on date of publication. Material made available by the University of Idaho Library. For more information, please contact University of Idaho Library Special Collections and Archives Department at libspec@uidaho.edu.",https://creativecommons.org/publicdomain/mark/1.0/,300 dpi grayscale with watermark (displayed). Archival master is a TIFF.,,,2011-08-01,2015-08-27,http://digital.lib.uidaho.edu:80/cdm/ref/collection/bigburn/id/60,60,bigburn,22.jp2,/bigburn/image/22.jp2,bigburn23
"Forest Fire, 1910 - Wallace [1910]","Barnard Studio (Wallace, Idaho)",,1910,"Night time image of the fire burning buildings in Wallace, Idaho. Forest fire 1910.","fires;  Barnard, T. N. (Thomas Nathan); Stockbridge, Nellie; debris; cities and towns;",,,,,,"Barnard, T. N. (Thomas Nathan)--Photograph collections; Stockbridge, Nellie--Photograph collections; Forest fires;",debris; Cities and towns--Idaho;,United States--Idaho--Shoshone County--Wallace,Wallace,"PG 8, Barnard-Stockbridge Collection, University of Idaho Library Special Collections and Archives",Barnard Stockbridge Collection,University of Idaho Library Digital Initiatives,University of Idaho Library Special Collections and Archives,"To order a reproduction, inquire about permissions, or for information about prices see: http://www.lib.uidaho.edu/special-collections/about.html",8x10 black and white glass negative,image/jpg,Image;StillImage,8-B498c,2009,eng,http://www.lib.uidaho.edu/digital/bigburn/,"Material determined to be in Public Domain based on date of publication. Material made available by the University of Idaho Library. For more information, please contact University of Idaho Library Special Collections and Archives Department at libspec@uidaho.edu.",https://creativecommons.org/publicdomain/mark/1.0/,300 dpi grayscale with watermark (displayed). Archival master is a TIFF.,,,2011-08-01,2015-08-27,http://digital.lib.uidaho.edu:80/cdm/ref/collection/bigburn/id/61,61,bigburn,23.jp2,/bigburn/image/23.jp2,bigburn24
"Forest Fire, 1910 - Wallace [1910]","Barnard Studio (Wallace, Idaho)",,1910,"Night time image of the fire burning buildings in Wallace, Idaho. Forest fire 1910.","fires;  Barnard, T. N. (Thomas Nathan); Stockbridge, Nellie; debris; cities and towns;",,,,,,"Barnard, T. N. (Thomas Nathan)--Photograph collections; Stockbridge, Nellie--Photograph collections; Forest fires;",debris; Cities and towns--Idaho;,United States--Idaho--Shoshone County--Wallace,Wallace,"PG 8, Barnard-Stockbridge Collection, University of Idaho Library Special Collections and Archives",Barnard Stockbridge Collection,University of Idaho Library Digital Initiatives,University of Idaho Library Special Collections and Archives,"To order a reproduction, inquire about permissions, or for information about prices see: http://www.lib.uidaho.edu/special-collections/about.html",8x10 black and white glass negative,image/jpg,Image;StillImage,8-B498d,2009,eng,http://www.lib.uidaho.edu/digital/bigburn/,"Material determined to be in Public Domain based on date of publication. Material made available by the University of Idaho Library. For more information, please contact University of Idaho Library Special Collections and Archives Department at libspec@uidaho.edu.",https://creativecommons.org/publicdomain/mark/1.0/,300 dpi grayscale with watermark (displayed). Archival master is a TIFF.,,,2011-08-01,2015-08-27,http://digital.lib.uidaho.edu:80/cdm/ref/collection/bigburn/id/62,62,bigburn,24.jp2,/bigburn/image/24.jp2,bigburn25
"Forest Fire, 1910 - Wallace [1910]","Barnard Studio (Wallace, Idaho)",,1910,"Night time image of the fire burning buildings in Wallace, Idaho. Forest fire 1910.","fires;  Barnard, T. N. (Thomas Nathan); Stockbridge, Nellie; debris; cities and towns;",,,,,,"Barnard, T. N. (Thomas Nathan)--Photograph collections; Stockbridge, Nellie--Photograph collections; Forest fires;",debris; Cities and towns--Idaho;,United States--Idaho--Shoshone County--Wallace,Wallace,"PG 8, Barnard-Stockbridge Collection, University of Idaho Library Special Collections and Archives",Barnard Stockbridge Collection,University of Idaho Library Digital Initiatives,University of Idaho Library Special Collections and Archives,"To order a reproduction, inquire about permissions, or for information about prices see: http://www.lib.uidaho.edu/special-collections/about.html",8x10 black and white glass negative,image/jpg,Image;StillImage,8-B498e,2009,eng,http://www.lib.uidaho.edu/digital/bigburn/,"Material determined to be in Public Domain based on date of publication. Material made available by the University of Idaho Library. For more information, please contact University of Idaho Library Special Collections and Archives Department at libspec@uidaho.edu.",https://creativecommons.org/publicdomain/mark/1.0/,300 dpi grayscale with watermark (displayed). Archival master is a TIFF.,,,2011-08-01,2015-08-27,http://digital.lib.uidaho.edu:80/cdm/ref/collection/bigburn/id/63,63,bigburn,25.jp2,/bigburn/image/25.jp2,bigburn26
"Forest Fire, 1910 - Wallace [1910]","Barnard Studio (Wallace, Idaho)",,1910,"Image shows people assessing the damage left by the fire in Wallace, Idaho. Forest fire 1910.","fires;  groups of people;  Barnard, T. N. (Thomas Nathan); Stockbridge, Nellie; debris; buildings; Bricks; cities and towns;",,,,,,"Barnard, T. N. (Thomas Nathan)--Photograph collections; Stockbridge, Nellie--Photograph collections; Forest fires;",debris; Buildings--Idaho; Bricks; Cities and towns--Idaho;,United States--Idaho--Shoshone County--Wallace,Wallace,"PG 8, Barnard-Stockbridge Collection, University of Idaho Library Special Collections and Archives",Barnard Stockbridge Collection,University of Idaho Library Digital Initiatives,University of Idaho Library Special Collections and Archives,"To order a reproduction, inquire about permissions, or for information about prices see: http://www.lib.uidaho.edu/special-collections/about.html",8x10 black and white glass negative,image/jpg,Image;StillImage,8-B498f,2009,eng,http://www.lib.uidaho.edu/digital/bigburn/,"Material determined to be in Public Domain based on date of publication. Material made available by the University of Idaho Library. For more information, please contact University of Idaho Library Special Collections and Archives Department at libspec@uidaho.edu.",https://creativecommons.org/publicdomain/mark/1.0/,300 dpi grayscale with watermark (displayed). Archival master is a TIFF.,,,2011-08-01,2015-08-27,http://digital.lib.uidaho.edu:80/cdm/ref/collection/bigburn/id/64,64,bigburn,26.jp2,/bigburn/image/26.jp2,bigburn27
"Forest Fire, 1910 - Wallace [1910]","Barnard Studio (Wallace, Idaho)",,1910,"Image is of debris from a damaged building in Wallace, Idaho. Forest fire 1910.","fires;  buildings ;  Barnard, T. N. (Thomas Nathan); Stockbridge, Nellie; debris; buildings; Bricks; cities and towns;",,,,,,"Barnard, T. N. (Thomas Nathan)--Photograph collections; Stockbridge, Nellie--Photograph collections; Forest fires;",debris; Buildings--Idaho; Bricks; Cities and towns--Idaho;,United States--Idaho--Shoshone County--Wallace,Wallace,"PG 8, Barnard-Stockbridge Collection, University of Idaho Library Special Collections and Archives",Barnard Stockbridge Collection,University of Idaho Library Digital Initiatives,University of Idaho Library Special Collections and Archives,"To order a reproduction, inquire about permissions, or for information about prices see: http://www.lib.uidaho.edu/special-collections/about.html",8x10 black and white glass negative,image/jpg,Image;StillImage,8-B498g,2009,eng,http://www.lib.uidaho.edu/digital/bigburn/,"Material determined to be in Public Domain based on date of publication. Material made available by the University of Idaho Library. For more information, please contact University of Idaho Library Special Collections and Archives Department at libspec@uidaho.edu.",https://creativecommons.org/publicdomain/mark/1.0/,300 dpi grayscale with watermark (displayed). Archival master is a TIFF.,,,2011-08-01,2015-08-27,http://digital.lib.uidaho.edu:80/cdm/ref/collection/bigburn/id/65,65,bigburn,27.jp2,/bigburn/image/27.jp2,bigburn28
"Forest Fire, 1910 - Wallace [1910]","Barnard Studio (Wallace, Idaho)",,1910,"Image is of debris from a damaged building in Wallace, Idaho. Forest fire 1910.","fires;  buildings ;  Barnard, T. N. (Thomas Nathan); Stockbridge, Nellie; debris; buildings; Bricks; cities and towns;",,,,,,"Barnard, T. N. (Thomas Nathan)--Photograph collections; Stockbridge, Nellie--Photograph collections; Forest fires;",debris; Buildings--Idaho; Bricks; Cities and towns--Idaho;,United States--Idaho--Shoshone County--Wallace,Wallace,"PG 8, Barnard-Stockbridge Collection, University of Idaho Library Special Collections and Archives",Barnard Stockbridge Collection,University of Idaho Library Digital Initiatives,University of Idaho Library Special Collections and Archives,"To order a reproduction, inquire about permissions, or for information about prices see: http://www.lib.uidaho.edu/special-collections/about.html",8x10 black and white glass negative,image/jpg,Image;StillImage,8-B498h,2009,eng,http://www.lib.uidaho.edu/digital/bigburn/,"Material determined to be in Public Domain based on date of publication. Material made available by the University of Idaho Library. For more information, please contact University of Idaho Library Special Collections and Archives Department at libspec@uidaho.edu.",https://creativecommons.org/publicdomain/mark/1.0/,"300 dpi grayscale with watermark (displayed). Archival master is a TIFF.; 300 dpi grayscale with watermark (displayed), Scanned from a 8 x 10  black and white print. Master is a 300 dpi Tiff.",,,2011-08-01,2015-08-27,http://digital.lib.uidaho.edu:80/cdm/ref/collection/bigburn/id/66,66,bigburn,28.jp2,/bigburn/image/28.jp2,bigburn29
"Forest Fire, 1910 - Wallace [1910]","Barnard Studio (Wallace, Idaho)",,1910,"Image is of debris from a damaged building in Wallace, Idaho. Forest fire 1910.","fires;  groups of people; buildings ;  Barnard, T. N. (Thomas Nathan); Stockbridge, Nellie; debris; buildings; Bricks; cities and towns; Bicycles & tricycles--;",,,,,,"Barnard, T. N. (Thomas Nathan)--Photograph collections; Stockbridge, Nellie--Photograph collections; Forest fires;",debris; Buildings--Idaho; Bricks; Cities and towns--Idaho; Bicycles & tricycles--Idaho;,United States--Idaho--Shoshone County--Wallace,Wallace,"PG 8, Barnard-Stockbridge Collection, University of Idaho Library Special Collections and Archives",Barnard Stockbridge Collection,University of Idaho Library Digital Initiatives,University of Idaho Library Special Collections and Archives,"To order a reproduction, inquire about permissions, or for information about prices see: http://www.lib.uidaho.edu/special-collections/about.html",8x10 black and white glass negative,image/jpg,Image;StillImage,8-B498i,2009,eng,http://www.lib.uidaho.edu/digital/bigburn/,"Material determined to be in Public Domain based on date of publication. Material made available by the University of Idaho Library. For more information, please contact University of Idaho Library Special Collections and Archives Department at libspec@uidaho.edu.",https://creativecommons.org/publicdomain/mark/1.0/,300 dpi grayscale with watermark (displayed). Archival master is a TIFF.,,,2011-08-01,2015-08-27,http://digital.lib.uidaho.edu:80/cdm/ref/collection/bigburn/id/67,67,bigburn,29.jp2,/bigburn/image/29.jp2,bigburn30
"Big pine that killed three men, Big Creek. 1910 Forest fire - copy. Copied for S.A. Woodbury. 1960. Negative","Barnard Studio (Wallace, Idaho)",,1910,"Image is of the big pine that killed three men, Big Creek. 1910 Forest fire.","fires;  creeks;  Barnard, T. N. (Thomas Nathan); Stockbridge, Nellie; debris;",,,,,,"Barnard, T. N. (Thomas Nathan)--Photograph collections; Stockbridge, Nellie--Photograph collections; Forest fires;",debris;,United States--Idaho--Shoshone County,Kellogg East,"PG 8, Barnard-Stockbridge Collection, University of Idaho Library Special Collections and Archives",Barnard Stockbridge Collection,University of Idaho Library Digital Initiatives,University of Idaho Library Special Collections and Archives,"To order a reproduction, inquire about permissions, or for information about prices see: http://www.lib.uidaho.edu/special-collections/about.html",8x10 black and white glass negative,image/jpg,Image;StillImage,8-27831e,2009,eng,http://www.lib.uidaho.edu/digital/bigburn/,"Material determined to be in Public Domain based on date of publication. Material made available by the University of Idaho Library. For more information, please contact University of Idaho Library Special Collections and Archives Department at libspec@uidaho.edu.",https://creativecommons.org/publicdomain/mark/1.0/,300 dpi grayscale with watermark (displayed). Archival master is a TIFF.,,,2011-08-01,2015-08-27,http://digital.lib.uidaho.edu:80/cdm/ref/collection/bigburn/id/68,68,bigburn,3.jp2,/bigburn/image/3.jp2,bigburn31
"Forest Fire 1910 - Wallace, Idaho Remains of brick building at 721 Bank and, in background, O.R. & N depot, after fire of August 20.","Barnard Studio (Wallace, Idaho)",,1910,"Image shows the remains of brick building at 721 Bank and, in background, O.R. & N depot, after fire of August 20, 1910.","fires;  groups of people; buildings;  Barnard, T. N. (Thomas Nathan); Stockbridge, Nellie; debris; buildings; Bricks; cities and towns;",,,,,,"Barnard, T. N. (Thomas Nathan)--Photograph collections; Stockbridge, Nellie--Photograph collections; Forest fires;",debris; Buildings--Idaho; Bricks; Cities and towns--Idaho;,United States--Idaho--Shoshone County--Wallace,Wallace,"PG 8, Barnard-Stockbridge Collection, University of Idaho Library Special Collections and Archives",Barnard Stockbridge Collection,University of Idaho Library Digital Initiatives,University of Idaho Library Special Collections and Archives,"To order a reproduction, inquire about permissions, or for information about prices see: http://www.lib.uidaho.edu/special-collections/about.html",8x10 black and white glass negative,image/jpg,Image;StillImage,8-C4a,2009,eng,http://www.lib.uidaho.edu/digital/bigburn/,"Material determined to be in Public Domain based on date of publication. Material made available by the University of Idaho Library. For more information, please contact University of Idaho Library Special Collections and Archives Department at libspec@uidaho.edu.",https://creativecommons.org/publicdomain/mark/1.0/,300 dpi grayscale with watermark (displayed). Archival master is a TIFF.,,,2011-08-01,2015-08-27,http://digital.lib.uidaho.edu:80/cdm/ref/collection/bigburn/id/69,69,bigburn,30.jp2,/bigburn/image/30.jp2,bigburn32
"Forest Fire 1910 - Wallace, Idaho Remains of brick building at 721 Bank and, in background, O.R. & N depot, after fire of August 20.","Barnard Studio (Wallace, Idaho)",,1910,"Image shows the remains of brick building at 721 Bank and, in background, O.R. & N depot, after fire of August 20, 1910.","fires;  groups of people; buildings;  Barnard, T. N. (Thomas Nathan); Stockbridge, Nellie; debris; buildings; Bricks; cities and towns;",,,,,,"Barnard, T. N. (Thomas Nathan)--Photograph collections; Stockbridge, Nellie--Photograph collections; Forest fires;",debris; Buildings--Idaho; Bricks; Cities and towns--Idaho;,United States--Idaho--Shoshone County--Wallace,Wallace,"PG 8, Barnard-Stockbridge Collection, University of Idaho Library Special Collections and Archives",Barnard Stockbridge Collection,University of Idaho Library Digital Initiatives,University of Idaho Library Special Collections and Archives,"To order a reproduction, inquire about permissions, or for information about prices see: http://www.lib.uidaho.edu/special-collections/about.html",8x10 black and white glass negative,image/jpg,Image;StillImage,8-C4b,2009,eng,http://www.lib.uidaho.edu/digital/bigburn/,"Material determined to be in Public Domain based on date of publication. Material made available by the University of Idaho Library. For more information, please contact University of Idaho Library Special Collections and Archives Department at libspec@uidaho.edu.",https://creativecommons.org/publicdomain/mark/1.0/,300 dpi grayscale with watermark (displayed). Archival master is a TIFF.,,,2011-08-01,2015-08-27,http://digital.lib.uidaho.edu:80/cdm/ref/collection/bigburn/id/70,70,bigburn,31.jp2,/bigburn/image/31.jp2,bigburn33
Forest Fire 1910 - Wallace [1910] Brewery,"Barnard Studio (Wallace, Idaho)",,1910,"Image is of debris from a damaged building in Wallace, Idaho. Forest fire 1910.","fires;  buildings;  Barnard, T. N. (Thomas Nathan); Stockbridge, Nellie; debris; buildings; Bricks; cities and towns;",,,,,,"Barnard, T. N. (Thomas Nathan)--Photograph collections; Stockbridge, Nellie--Photograph collections; Forest fires;",debris; Buildings--Idaho; Bricks; Cities and towns--Idaho;,United States--Idaho--Shoshone County--Wallace,Wallace,"PG 8, Barnard-Stockbridge Collection, University of Idaho Library Special Collections and Archives",Barnard Stockbridge Collection,University of Idaho Library Digital Initiatives,University of Idaho Library Special Collections and Archives,"To order a reproduction, inquire about permissions, or for information about prices see: http://www.lib.uidaho.edu/special-collections/about.html",8x10 black and white glass negative,image/jpg,Image;StillImage,8-C4c,2009,eng,http://www.lib.uidaho.edu/digital/bigburn/,"Material determined to be in Public Domain based on date of publication. Material made available by the University of Idaho Library. For more information, please contact University of Idaho Library Special Collections and Archives Department at libspec@uidaho.edu.",https://creativecommons.org/publicdomain/mark/1.0/,"300 dpi grayscale with watermark (displayed). Archival master is a TIFF.; 300 dpi grayscale with watermark (displayed), Scanned from a 8 x 10  black and white print. Master is a 300 dpi Tiff.",,,2011-08-01,2015-08-27,http://digital.lib.uidaho.edu:80/cdm/ref/collection/bigburn/id/71,71,bigburn,32.jp2,/bigburn/image/32.jp2,bigburn34
Mr. Morris at the Pulaski tunnel in Placer Creek. 1910 Forest fire - copy. Copied for S.A. Woodbury. 1960. Negative,"Barnard Studio (Wallace, Idaho)",,1910,Image shows Mr. Morris at the Pulaski tunnel in Placer Creek. 1910 Forest fire,"fires;  creeks;  Barnard, T. N. (Thomas Nathan); Stockbridge, Nellie; debris;",,,,,,"Barnard, T. N. (Thomas Nathan)--Photograph collections; Stockbridge, Nellie--Photograph collections; Forest fires;",debris;,United States--Idaho--Shoshone County,Wallace,"PG 8, Barnard-Stockbridge Collection, University of Idaho Library Special Collections and Archives",Barnard Stockbridge Collection,University of Idaho Library Digital Initiatives,University of Idaho Library Special Collections and Archives,"To order a reproduction, inquire about permissions, or for information about prices see: http://www.lib.uidaho.edu/special-collections/about.html",8x10 black and white glass negative,image/jpg,Image;StillImage,8-27831d,2009,eng,http://www.lib.uidaho.edu/digital/bigburn/,"Material determined to be in Public Domain based on date of publication. Material made available by the University of Idaho Library. For more information, please contact University of Idaho Library Special Collections and Archives Department at libspec@uidaho.edu.",https://creativecommons.org/publicdomain/mark/1.0/,300 dpi grayscale with watermark (displayed). Archival master is a TIFF.,,,2011-08-01,2015-08-27,http://digital.lib.uidaho.edu:80/cdm/ref/collection/bigburn/id/72,72,bigburn,33.jp2,/bigburn/image/33.jp2,bigburn35
Forest Fire 1910 - Wallace [1910] Brewery,"Barnard Studio (Wallace, Idaho)",,1910,"Image is of debris from a damaged building in Wallace, Idaho. Forest fire 1910.","fires;  buildings;  Barnard, T. N. (Thomas Nathan); Stockbridge, Nellie; debris; buildings; Bricks; cities and towns;",,,,,,"Barnard, T. N. (Thomas Nathan)--Photograph collections; Stockbridge, Nellie--Photograph collections; Forest fires;",debris; Buildings--Idaho; Bricks; Cities and towns--Idaho;,United States--Idaho--Shoshone County--Wallace,Wallace,"PG 8, Barnard-Stockbridge Collection, University of Idaho Library Special Collections and Archives",Barnard Stockbridge Collection,University of Idaho Library Digital Initiatives,University of Idaho Library Special Collections and Archives,"To order a reproduction, inquire about permissions, or for information about prices see: http://www.lib.uidaho.edu/special-collections/about.html",8x10 black and white glass negative,image/jpg,Image;StillImage,8-C4d,2009,eng,http://www.lib.uidaho.edu/digital/bigburn/,"Material determined to be in Public Domain based on date of publication. Material made available by the University of Idaho Library. For more information, please contact University of Idaho Library Special Collections and Archives Department at libspec@uidaho.edu.",https://creativecommons.org/publicdomain/mark/1.0/,300 dpi grayscale with watermark (displayed). Archival master is a TIFF.,,,2011-08-01,2015-08-27,http://digital.lib.uidaho.edu:80/cdm/ref/collection/bigburn/id/73,73,bigburn,34.jp2,/bigburn/image/34.jp2,bigburn36
Forest Fire 1910 - Wallace [1910] Placer Creek after the fire.,"Barnard Studio (Wallace, Idaho)",,1910,Image shows burned timber surrounding Placer Creek after the fire. Forest fire 1910.,"fires;  creeks;  Barnard, T. N. (Thomas Nathan); Stockbridge, Nellie; debris; buildings; Bricks; cities and towns;",,,,,,"Barnard, T. N. (Thomas Nathan)--Photograph collections; Stockbridge, Nellie--Photograph collections; Forest fires;",debris; Buildings--Idaho; Bricks; Cities and towns--Idaho;,United States--Idaho--Shoshone County--Wallace,Wallace,"PG 8, Barnard-Stockbridge Collection, University of Idaho Library Special Collections and Archives",Barnard Stockbridge Collection,University of Idaho Library Digital Initiatives,University of Idaho Library Special Collections and Archives,"To order a reproduction, inquire about permissions, or for information about prices see: http://www.lib.uidaho.edu/special-collections/about.html",8x10 black and white glass negative,image/jpg,Image;StillImage,8-C5a,2009,eng,http://www.lib.uidaho.edu/digital/bigburn/,"Material determined to be in Public Domain based on date of publication. Material made available by the University of Idaho Library. For more information, please contact University of Idaho Library Special Collections and Archives Department at libspec@uidaho.edu.",https://creativecommons.org/publicdomain/mark/1.0/,300 dpi grayscale with watermark (displayed). Archival master is a TIFF.,,,2011-08-01,2015-08-27,http://digital.lib.uidaho.edu:80/cdm/ref/collection/bigburn/id/74,74,bigburn,35.jp2,/bigburn/image/35.jp2,bigburn37
Forest Fire 1910 - Wallace [1910] Placer Creek after the fire.,"Barnard Studio (Wallace, Idaho)",,1910,Image shows burned timber surrounding Placer Creek after the fire. Forest fire 1910.,"fires;  creeks;  Barnard, T. N. (Thomas Nathan); Stockbridge, Nellie; debris; buildings; Bricks; cities and towns;",,,,,,"Barnard, T. N. (Thomas Nathan)--Photograph collections; Stockbridge, Nellie--Photograph collections; Forest fires;",debris; Buildings--Idaho; Bricks; Cities and towns--Idaho;,United States--Idaho--Shoshone County--Wallace,Wallace,"PG 8, Barnard-Stockbridge Collection, University of Idaho Library Special Collections and Archives",Barnard Stockbridge Collection,University of Idaho Library Digital Initiatives,University of Idaho Library Special Collections and Archives,"To order a reproduction, inquire about permissions, or for information about prices see: http://www.lib.uidaho.edu/special-collections/about.html",8x10 black and white glass negative,image/jpg,Image;StillImage,8-C5b,2009,eng,http://www.lib.uidaho.edu/digital/bigburn/,"Material determined to be in Public Domain based on date of publication. Material made available by the University of Idaho Library. For more information, please contact University of Idaho Library Special Collections and Archives Department at libspec@uidaho.edu.",https://creativecommons.org/publicdomain/mark/1.0/,300 dpi grayscale with watermark (displayed). Archival master is a TIFF.,,,2011-08-01,2015-08-27,http://digital.lib.uidaho.edu:80/cdm/ref/collection/bigburn/id/75,75,bigburn,36.jp2,/bigburn/image/36.jp2,bigburn38
"After the fire on the Little North Fork, St. Joe River. 1910 Forest fire - copy. Copied for S.A. Woodbury. 1960. Negative","Barnard Studio (Wallace, Idaho)",,1910,"Image shows burned timber on the Little North Fork, St. Joe River after the fire. 1910 Forest fire","fires;  Barnard, T. N. (Thomas Nathan); Stockbridge, Nellie; debris;",,,,,,"Barnard, T. N. (Thomas Nathan)--Photograph collections; Stockbridge, Nellie--Photograph collections; Forest fires;",debris;,United States--Idaho--Shoshone County,Avery,"PG 8, Barnard-Stockbridge Collection, University of Idaho Library Special Collections and Archives",Barnard Stockbridge Collection,University of Idaho Library Digital Initiatives,University of Idaho Library Special Collections and Archives,"To order a reproduction, inquire about permissions, or for information about prices see: http://www.lib.uidaho.edu/special-collections/about.html",8x10 black and white glass negative,image/jpg,Image;StillImage,8-27831b,2009,eng,http://www.lib.uidaho.edu/digital/bigburn/,"Material determined to be in Public Domain based on date of publication. Material made available by the University of Idaho Library. For more information, please contact University of Idaho Library Special Collections and Archives Department at libspec@uidaho.edu.",https://creativecommons.org/publicdomain/mark/1.0/,300 dpi grayscale with watermark (displayed). Archival master is a TIFF.,,,2011-08-01,2015-08-27,http://digital.lib.uidaho.edu:80/cdm/ref/collection/bigburn/id/76,76,bigburn,37.jp2,/bigburn/image/37.jp2,bigburn39
Wallace - after 1910 fire,"Barnard Studio (Wallace, Idaho)",,1910-08-20,Postcard: description was handwritten on front,fires;  buildings;  Postcard Collection; debris; buildings; Bricks; cities and towns;,,,,,,Postcard Collection; Forest fires;,debris; Buildings--Idaho; Bricks; Cities and towns--Idaho;,United States--Idaho--Shoshone County--Wallace,Wallace,"PG 9, Postcard Collection, University of Idaho Library Special Collections and Archives",Postcard Collection,University of Idaho Library Digital Initiatives,University of Idaho Library Special Collections and Archives,"To order a reproduction, inquire about permissions, or for information about prices see: http://www.lib.uidaho.edu/special-collections/about.html",3.5x5.5 black and white postcard,image/jpg,Image;StillImage,9-1-6f,2011,eng,http://www.lib.uidaho.edu/digital/bigburn/,"Material determined to be in Public Domain based on date of publication. Material made available by the University of Idaho Library. For more information, please contact University of Idaho Library Special Collections and Archives Department at libspec@uidaho.edu.",https://creativecommons.org/publicdomain/mark/1.0/,300 dpi grayscale with watermark (displayed). Archival master is a TIFF.,,,2011-08-01,2015-08-27,http://digital.lib.uidaho.edu:80/cdm/ref/collection/bigburn/id/77,77,bigburn,38.jp2,/bigburn/image/38.jp2,bigburn40
Forest Fire 1910 - Harlan Ridge,,,1910,Harlan Ridge fire from Bertha Hill.  Beaver Creek,"fires; damage;  Curtis, A. B.; debris;",,,,,,"Curtis, A. B.--Photograph Collections; Forest fires;",fires; debris;,United States--Idaho--Shoshone County--Wallace,Wallace,"PG 13, A.B. Curtis Collection, University of Idaho Library Special Collections and Archives",A.B. Curtis Collection,University of Idaho Library Digital Initiatives,University of Idaho Library Special Collections and Archives,"To order a reproduction, inquire about permissions, or for information about prices see: http://www.lib.uidaho.edu/special-collections/about.html",6.5x10 black and white print,image/jpg,Image;StillImage,13-990,2011,eng,http://www.lib.uidaho.edu/digital/bigburn/,"Material determined to be in Public Domain based on date of publication. Material made available by the University of Idaho Library. For more information, please contact University of Idaho Library Special Collections and Archives Department at libspec@uidaho.edu.",https://creativecommons.org/publicdomain/mark/1.0/,300 dpi grayscale with watermark (displayed). Archival master is a TIFF.,,,2011-08-01,2015-08-27,http://digital.lib.uidaho.edu:80/cdm/ref/collection/bigburn/id/78,78,bigburn,39.jp2,/bigburn/image/39.jp2,bigburn41
Entrance to War Eagle Mine where Edward C. Pulaski led 40 men and two horses to escape from fire. 1910 Forest fire - copy. Copied for Edward Pulaski. 1960. Negative,"Barnard Studio (Wallace, Idaho)",,1910,Image shows the entrance to War Eagle Mine where Edward C. Pulaski led 40 men and two horses to escape from fire. 1910 Forest fire,"fires;  mines ;  Barnard, T. N. (Thomas Nathan); Stockbridge, Nellie; debris;",,,,,,"Barnard, T. N. (Thomas Nathan)--Photograph collections; Stockbridge, Nellie--Photograph collections; Forest fires;",debris;,United States--Idaho,,"PG 8, Barnard-Stockbridge Collection, University of Idaho Library Special Collections and Archives",Barnard Stockbridge Collection,University of Idaho Library Digital Initiatives,University of Idaho Library Special Collections and Archives,"To order a reproduction, inquire about permissions, or for information about prices see: http://www.lib.uidaho.edu/special-collections/about.html",8x10 black and white glass negative,image/jpg,Image;StillImage,8-29535-1,2009,eng,http://www.lib.uidaho.edu/digital/bigburn/,"Material determined to be in Public Domain based on date of publication. Material made available by the University of Idaho Library. For more information, please contact University of Idaho Library Special Collections and Archives Department at libspec@uidaho.edu.",https://creativecommons.org/publicdomain/mark/1.0/,300 dpi grayscale with watermark (displayed). Archival master is a TIFF.,,,2011-08-01,2015-08-27,http://digital.lib.uidaho.edu:80/cdm/ref/collection/bigburn/id/79,79,bigburn,4.jp2,/bigburn/image/4.jp2,bigburn42
Forest Fire 1910 - Striped peak area,,,1910,View of burnt over Striped Peak area.,"fires; damage;  Curtis, A. B.; debris;",,,,,,"Curtis, A. B.--Photograph Collections; Forest fires;",fires; debris;,United States--Idaho--Shoshone County--Wallace,Wallace,"PG 13, A.B. Curtis Collection, University of Idaho Library Special Collections and Archives",A.B. Curtis Collection,University of Idaho Library Digital Initiatives,University of Idaho Library Special Collections and Archives,"To order a reproduction, inquire about permissions, or for information about prices see: http://www.lib.uidaho.edu/special-collections/about.html",6x8 black and white print,image/jpg,Image;StillImage,13-991,2011,eng,http://www.lib.uidaho.edu/digital/bigburn/,"Material determined to be in Public Domain based on date of publication. Material made available by the University of Idaho Library. For more information, please contact University of Idaho Library Special Collections and Archives Department at libspec@uidaho.edu.",https://creativecommons.org/publicdomain/mark/1.0/,300 dpi grayscale with watermark (displayed). Archival master is a TIFF.,,,2011-08-01,2015-08-27,http://digital.lib.uidaho.edu:80/cdm/ref/collection/bigburn/id/80,80,bigburn,40.jp2,/bigburn/image/40.jp2,bigburn43
Forest Fire 1910,,,1910,"View of burnt over ridge top.  Here the fire came up the ridge and crowned to the top, slowed down at the ridge crest.  It burned very hard as can be noted by the burned out green timber.  A wall of searing flame.","fires; damage;  Curtis, A. B.; debris;",,,,,,"Curtis, A. B.--Photograph Collections; Forest fires;",fires; debris;,United States--Idaho--Shoshone County--Wallace,Wallace,"PG 13, A.B. Curtis Collection, University of Idaho Library Special Collections and Archives",A.B. Curtis Collection,University of Idaho Library Digital Initiatives,University of Idaho Library Special Collections and Archives,"To order a reproduction, inquire about permissions, or for information about prices see: http://www.lib.uidaho.edu/special-collections/about.html",3x5.5 black and white print,image/jpg,Image;StillImage,13-992,2011,eng,http://www.lib.uidaho.edu/digital/bigburn/,"Material determined to be in Public Domain based on date of publication. Material made available by the University of Idaho Library. For more information, please contact University of Idaho Library Special Collections and Archives Department at libspec@uidaho.edu.",https://creativecommons.org/publicdomain/mark/1.0/,300 dpi grayscale with watermark (displayed). Archival master is a TIFF.,,,2011-08-01,2015-08-27,http://digital.lib.uidaho.edu:80/cdm/ref/collection/bigburn/id/81,81,bigburn,41.jp2,/bigburn/image/41.jp2,bigburn44
Forest Fire 1910 - Clearwater area,,,1910,View of burnt over valley in Clearwater area.,"fires; damage;  Curtis, A. B.; debris;",,,,,,"Curtis, A. B.--Photograph Collections; Forest fires;",fires; debris;,United States--Idaho--Shoshone County--Wallace,Wallace,"PG 13, A.B. Curtis Collection, University of Idaho Library Special Collections and Archives",A.B. Curtis Collection,University of Idaho Library Digital Initiatives,University of Idaho Library Special Collections and Archives,"To order a reproduction, inquire about permissions, or for information about prices see: http://www.lib.uidaho.edu/special-collections/about.html",3x5.5 black and white print,image/jpg,Image;StillImage,13-993,2011,eng,http://www.lib.uidaho.edu/digital/bigburn/,"Material determined to be in Public Domain based on date of publication. Material made available by the University of Idaho Library. For more information, please contact University of Idaho Library Special Collections and Archives Department at libspec@uidaho.edu.",https://creativecommons.org/publicdomain/mark/1.0/,300 dpi grayscale with watermark (displayed). Archival master is a TIFF.,,,2011-08-01,2015-08-27,http://digital.lib.uidaho.edu:80/cdm/ref/collection/bigburn/id/82,82,bigburn,42.jp2,/bigburn/image/42.jp2,bigburn45
"Oral History - Ione ""Pinkie"" Adair part 1","Schrager, Sam","Adair, Ione",1977-02-24,"Conversation with Ione (""Pinkie"") at her Moscow home February 24, 1977.  Interviewer is Sam Schrager.  Part 1.",fires,,,,,,,fires;,United States--Idaho--Shoshone County--Wallace,Wallace,"MG 415, Latah County Oral History Project, 1971-1985, University of Idaho Library Special Collections and Archives",,University of Idaho Library Digital Initiatives,University of Idaho Library Special Collections and Archives,"To order a reproduction, inquire about permissions, or for information about prices see: http://www.lib.uidaho.edu/special-collections/about.html",,audio/aif,Sound,Adair 1-5a,2011,eng,http://www.lib.uidaho.edu/digital/bigburn/,"Educational use includes non-commercial use of text and images in materials for teaching and research purposes. Digital reproduction rights granted by University of Idaho Library. For other uses beyond educational use, please contact University of Idaho Library Special Collections and Archives Department at libspec@uidaho.edu.",http://rightsstatements.org/vocab/InC-EDU/1.0/,300 dpi grayscale with watermark (displayed). Archival master is a TIFF.,,,2011-08-01,2015-08-27,http://digital.lib.uidaho.edu:80/cdm/ref/collection/bigburn/id/83,83,bigburn,43.aif,/bigburn/image/43.aif,bigburn46
"Oral History - Ione ""Pinkie"" Adair part 2","Schrager, Sam","Adair, Ione",1977-02-24,"Conversation with Ione (""Pinkie"") at her Moscow home February 24, 1977.  Interviewer is Sam Schrager.  Part 2.",fires,,,,,,,fires;,United States--Idaho--Shoshone County--Wallace,Wallace,"MG 415, Latah County Oral History Project, 1971-1985, University of Idaho Library Special Collections and Archives",,University of Idaho Library Digital Initiatives,University of Idaho Library Special Collections and Archives,"To order a reproduction, inquire about permissions, or for information about prices see: http://www.lib.uidaho.edu/special-collections/about.html",,audio/aif,Sound,Adair 1-5b,2011,eng,http://www.lib.uidaho.edu/digital/bigburn/,"Educational use includes non-commercial use of text and images in materials for teaching and research purposes. Digital reproduction rights granted by University of Idaho Library. For other uses beyond educational use, please contact University of Idaho Library Special Collections and Archives Department at libspec@uidaho.edu.",http://rightsstatements.org/vocab/InC-EDU/1.0/,300 dpi grayscale with watermark (displayed). Archival master is a TIFF.,,,2011-08-01,2015-08-27,http://digital.lib.uidaho.edu:80/cdm/ref/collection/bigburn/id/84,84,bigburn,44.aif,/bigburn/image/44.aif,bigburn47
Forest Fire 1910,,,1910,View of burnt over area,"fires; damage;  Curtis, A. B.; debris;",,,,,,"Curtis, A. B.--Photograph Collections; Forest fires;",fires; debris;,United States--Idaho--Shoshone County--Wallace,Wallace,"PG 13, A.B. Curtis Collection, University of Idaho Library Special Collections and Archives",A.B. Curtis Collection,University of Idaho Library Digital Initiatives,University of Idaho Library Special Collections and Archives,"To order a reproduction, inquire about permissions, or for information about prices see: http://www.lib.uidaho.edu/special-collections/about.html",3x5.5 black and white print,image/jpg,Image;StillImage,13-994,2011,eng,http://www.lib.uidaho.edu/digital/bigburn/,"Material determined to be in Public Domain based on date of publication. Material made available by the University of Idaho Library. For more information, please contact University of Idaho Library Special Collections and Archives Department at libspec@uidaho.edu.",https://creativecommons.org/publicdomain/mark/1.0/,300 dpi grayscale with watermark (displayed). Archival master is a TIFF.,,,2011-08-01,2015-08-27,http://digital.lib.uidaho.edu:80/cdm/ref/collection/bigburn/id/85,85,bigburn,45.jp2,/bigburn/image/45.jp2,bigburn48
Forest Fire 1910 - Dull Axe area,,,1910,View of burnt over Dull Axe area,"fires; damage;  Curtis, A. B.; debris;",,,,,,"Curtis, A. B.--Photograph Collections; Forest fires;",fires; debris;,United States--Idaho--Shoshone County--Wallace,Wallace,"PG 13, A.B. Curtis Collection, University of Idaho Library Special Collections and Archives",A.B. Curtis Collection,University of Idaho Library Digital Initiatives,University of Idaho Library Special Collections and Archives,"To order a reproduction, inquire about permissions, or for information about prices see: http://www.lib.uidaho.edu/special-collections/about.html",3x5.5 black and white print,image/jpg,Image;StillImage,13-995,2011,eng,http://www.lib.uidaho.edu/digital/bigburn/,"Material determined to be in Public Domain based on date of publication. Material made available by the University of Idaho Library. For more information, please contact University of Idaho Library Special Collections and Archives Department at libspec@uidaho.edu.",https://creativecommons.org/publicdomain/mark/1.0/,300 dpi grayscale with watermark (displayed). Archival master is a TIFF.,,,2011-08-01,2015-08-27,http://digital.lib.uidaho.edu:80/cdm/ref/collection/bigburn/id/86,86,bigburn,46.jp2,/bigburn/image/46.jp2,bigburn49
Forest Fire 1910 - Wallace [1910] Placer Creek after the fire.,"Barnard Studio (Wallace, Idaho)",,1910,Image shows burned timber surrounding Placer Creek after the fire. Forest fire 1910.,"fires;  creeks;  Barnard, T. N. (Thomas Nathan); Stockbridge, Nellie; debris; buildings; Bricks; cities and towns;",,,,,,"Barnard, T. N. (Thomas Nathan)--Photograph collections; Stockbridge, Nellie--Photograph collections; Forest fires;",debris; Buildings--Idaho; Bricks; Cities and towns--Idaho;,United States--Idaho--Shoshone County--Wallace,Wallace,"PG 8, Barnard-Stockbridge Collection, University of Idaho Library Special Collections and Archives",Barnard Stockbridge Collection,University of Idaho Library Digital Initiatives,University of Idaho Library Special Collections and Archives,"To order a reproduction, inquire about permissions, or for information about prices see: http://www.lib.uidaho.edu/special-collections/about.html",8x10 black and white glass negative,image/jpg,Image;StillImage,8-C5c,2009,eng,http://www.lib.uidaho.edu/digital/bigburn/,"Material determined to be in Public Domain based on date of publication. Material made available by the University of Idaho Library. For more information, please contact University of Idaho Library Special Collections and Archives Department at libspec@uidaho.edu.",https://creativecommons.org/publicdomain/mark/1.0/,300 dpi grayscale with watermark (displayed). Archival master is a TIFF.,,,2011-08-01,2015-08-27,http://digital.lib.uidaho.edu:80/cdm/ref/collection/bigburn/id/87,87,bigburn,47.jp2,/bigburn/image/47.jp2,bigburn50
Forest Fire 1910,,,1910,View of burnt over ridge top,"fires; damage;  Curtis, A. B.; debris;",,,,,,"Curtis, A. B.--Photograph Collections; Forest fires;",fires; debris;,United States--Idaho--Shoshone County--Wallace,Wallace,"PG 13, A.B. Curtis Collection, University of Idaho Library Special Collections and Archives",A.B. Curtis Collection,University of Idaho Library Digital Initiatives,University of Idaho Library Special Collections and Archives,"To order a reproduction, inquire about permissions, or for information about prices see: http://www.lib.uidaho.edu/special-collections/about.html",3x5.5 black and white print,image/jpg,Image;StillImage,13-996,2011,eng,http://www.lib.uidaho.edu/digital/bigburn/,"Material determined to be in Public Domain based on date of publication. Material made available by the University of Idaho Library. For more information, please contact University of Idaho Library Special Collections and Archives Department at libspec@uidaho.edu.",https://creativecommons.org/publicdomain/mark/1.0/,300 dpi grayscale with watermark (displayed). Archival master is a TIFF.,,,2011-08-01,2015-08-27,http://digital.lib.uidaho.edu:80/cdm/ref/collection/bigburn/id/88,88,bigburn,48.jp2,/bigburn/image/48.jp2,bigburn51
Forest Fire 1910 - Fish Hook Creek,,,1910,View of burnt over Fish Hook Creek in St. Joe country,"fires; damage;  Curtis, A. B.; debris;",,,,,,"Curtis, A. B.--Photograph Collections; Forest fires;",fires; debris;,United States--Idaho--Shoshone County--Wallace,Wallace,"PG 13, A.B. Curtis Collection, University of Idaho Library Special Collections and Archives",A.B. Curtis Collection,University of Idaho Library Digital Initiatives,University of Idaho Library Special Collections and Archives,"To order a reproduction, inquire about permissions, or for information about prices see: http://www.lib.uidaho.edu/special-collections/about.html",3x5.5 black and white print,image/jpg,Image;StillImage,13-997,2011,eng,http://www.lib.uidaho.edu/digital/bigburn/,"Material determined to be in Public Domain based on date of publication. Material made available by the University of Idaho Library. For more information, please contact University of Idaho Library Special Collections and Archives Department at libspec@uidaho.edu.",https://creativecommons.org/publicdomain/mark/1.0/,300 dpi grayscale with watermark (displayed). Archival master is a TIFF.,,,2011-08-01,2015-08-27,http://digital.lib.uidaho.edu:80/cdm/ref/collection/bigburn/id/89,89,bigburn,49.jp2,/bigburn/image/49.jp2,bigburn52
"Forest Fire, 1910 - Wallace [1910] Coeur d'Alene Hardware warehouse ruins Sept. 3 after fire of August 20.","Barnard Studio (Wallace, Idaho)",,1910-09-03,"Image shows the debris from the Coeur d'Alene Hardware Warehouse on September 3, 1910 after  the fire on August 20, 1910 swept went through Wallace, Idaho.","groups of people; business ; fires;  Barnard, T. N. (Thomas Nathan); Stockbridge, Nellie; debris; cities and towns; men;",,,,,,"Barnard, T. N. (Thomas Nathan)--Photograph collections; Stockbridge, Nellie--Photograph collections;",debris; Cities and towns--Idaho; Men--Idaho;,United States--Idaho--Shoshone County--Wallace,Wallace,"PG 8, Barnard-Stockbridge Collection, University of Idaho Library Special Collections and Archives",Barnard Stockbridge Collection,University of Idaho Library Digital Initiatives,University of Idaho Library Special Collections and Archives,"To order a reproduction, inquire about permissions, or for information about prices see: http://www.lib.uidaho.edu/special-collections/about.html",8x10 black and white glass negative,image/jpg,Image;StillImage,8-X82,2009-03-11,eng,http://www.lib.uidaho.edu/digital/bigburn/,"Material determined to be in Public Domain based on date of publication. Material made available by the University of Idaho Library. For more information, please contact University of Idaho Library Special Collections and Archives Department at libspec@uidaho.edu.",https://creativecommons.org/publicdomain/mark/1.0/,"300 dpi grayscale with watermark (displayed), Scanned from a 8 x 10  black and white print. Master is a 300 dpi Tiff.",,,2011-08-01,2015-08-27,http://digital.lib.uidaho.edu:80/cdm/ref/collection/bigburn/id/90,90,bigburn,5.jp2,/bigburn/image/5.jp2,bigburn53
Forest Fire 1910 - Wallace [1910] Soldiers Camp,"Barnard Studio (Wallace, Idaho)",,1910,"Images shows tents of  a Soldiers Camp set up outside of Wallace, Idaho. Forest fire 1910.","fires;  groups of people;  tents;  Barnard, T. N. (Thomas Nathan); Stockbridge, Nellie; debris; buildings; Bricks; cities and towns;",,,,,,"Barnard, T. N. (Thomas Nathan)--Photograph collections; Stockbridge, Nellie--Photograph collections; Forest fires;",debris; Buildings--Idaho; Bricks; Cities and towns--Idaho;,United States--Idaho--Shoshone County--Wallace,Wallace,"PG 8, Barnard-Stockbridge Collection, University of Idaho Library Special Collections and Archives",Barnard Stockbridge Collection,University of Idaho Library Digital Initiatives,University of Idaho Library Special Collections and Archives,"To order a reproduction, inquire about permissions, or for information about prices see: http://www.lib.uidaho.edu/special-collections/about.html",8x10 black and white glass negative,image/jpg,Image;StillImage,8-C6,2009,eng,http://www.lib.uidaho.edu/digital/bigburn/,"Material determined to be in Public Domain based on date of publication. Material made available by the University of Idaho Library. For more information, please contact University of Idaho Library Special Collections and Archives Department at libspec@uidaho.edu.",https://creativecommons.org/publicdomain/mark/1.0/,300 dpi grayscale with watermark (displayed). Archival master is a TIFF.,,,2011-08-01,2015-08-27,http://digital.lib.uidaho.edu:80/cdm/ref/collection/bigburn/id/91,91,bigburn,50.jp2,/bigburn/image/50.jp2,bigburn54
Forest Fire 1910 - Wallace [1910] Hill about opposite 6th St.,"Barnard Studio (Wallace, Idaho)",,1910,"Image shows men working on the hill opposite of 6th St. in Wallace, Idaho. Forest fire 1910.","fires;  groups of people;  Barnard, T. N. (Thomas Nathan); Stockbridge, Nellie; debris; cities and towns; adults;",,,,,,"Barnard, T. N. (Thomas Nathan)--Photograph collections; Stockbridge, Nellie--Photograph collections; Forest fires;",debris; Cities and towns--Idaho; adultsIdaho;,United States--Idaho--Shoshone County--Wallace,Wallace,"PG 8, Barnard-Stockbridge Collection, University of Idaho Library Special Collections and Archives",Barnard Stockbridge Collection,University of Idaho Library Digital Initiatives,University of Idaho Library Special Collections and Archives,"To order a reproduction, inquire about permissions, or for information about prices see: http://www.lib.uidaho.edu/special-collections/about.html",8x10 black and white glass negative,image/jpg,Image;StillImage,8-C7,2009,eng,http://www.lib.uidaho.edu/digital/bigburn/,"Material determined to be in Public Domain based on date of publication. Material made available by the University of Idaho Library. For more information, please contact University of Idaho Library Special Collections and Archives Department at libspec@uidaho.edu.",https://creativecommons.org/publicdomain/mark/1.0/,300 dpi grayscale with watermark (displayed). Archival master is a TIFF.,,,2011-08-01,2015-08-27,http://digital.lib.uidaho.edu:80/cdm/ref/collection/bigburn/id/92,92,bigburn,51.jp2,/bigburn/image/51.jp2,bigburn55
Forest Fire 1910 - Wallace [1910] Worstell Co. Store,"Barnard Studio (Wallace, Idaho)",,1910,Image shows damage from the forest fire to the Worstell Co. Store. A young boy stands in the intersection looking back at the camera. Forest fire 1910.,"fires;  groups of people;  Barnard, T. N. (Thomas Nathan); Stockbridge, Nellie--Photograph collections; debris;",,,,,,"Barnard, T. N. (Thomas Nathan)--Photograph collections; Stockbridge, Nellie--Photograph collections; Forest fires;",debris; Buildings--Idaho; Bricks; Cities and towns--Idaho; Children--Idaho;,United States--Idaho--Shoshone County--Wallace,Wallace,"PG 8, Barnard-Stockbridge Collection, University of Idaho Library Special Collections and Archives",Barnard Stockbridge Collection,University of Idaho Library Digital Initiatives,University of Idaho Library Special Collections and Archives,"To order a reproduction, inquire about permissions, or for information about prices see: http://www.lib.uidaho.edu/special-collections/about.html",8x10 black and white glass negative,image/jpg,Image;StillImage,8-C8,2009,eng,http://www.lib.uidaho.edu/digital/bigburn/,"Material determined to be in Public Domain based on date of publication. Material made available by the University of Idaho Library. For more information, please contact University of Idaho Library Special Collections and Archives Department at libspec@uidaho.edu.",https://creativecommons.org/publicdomain/mark/1.0/,300 dpi grayscale with watermark (displayed). Archival master is a TIFF.,,,2011-08-01,2015-08-27,http://digital.lib.uidaho.edu:80/cdm/ref/collection/bigburn/id/93,93,bigburn,52.jp2,/bigburn/image/52.jp2,bigburn56
Elsie Pulaski,"Barnard Studio (Wallace, Idaho)",,1917,Portrait of Elsie Pulaski,"portraits;  Barnard, T. N. (Thomas Nathan); Stockbridge, Nellie;",,,,,,"Barnard, T. N. (Thomas Nathan)--Photograph collections; Stockbridge, Nellie--Photograph collections; Forest fires;",,United States--Idaho--Shoshone County--Wallace,Wallace,"PG 8, Barnard-Stockbridge Collection, University of Idaho Library Special Collections and Archives",Barnard Stockbridge Collection,University of Idaho Library Digital Initiatives,University of Idaho Library Special Collections and Archives,"To order a reproduction, inquire about permissions, or for information about prices see: http://www.lib.uidaho.edu/special-collections/about.html",8x10 black and white glass negative,image/jpg,Image;StillImage,8-07561,2009,eng,http://www.lib.uidaho.edu/digital/bigburn/,"Material determined to be in Public Domain based on date of publication. Material made available by the University of Idaho Library. For more information, please contact University of Idaho Library Special Collections and Archives Department at libspec@uidaho.edu.",https://creativecommons.org/publicdomain/mark/1.0/,300 dpi grayscale with watermark (displayed). Archival master is a TIFF.,,,2011-08-01,2015-08-27,http://digital.lib.uidaho.edu:80/cdm/ref/collection/bigburn/id/94,94,bigburn,53.jp2,/bigburn/image/53.jp2,bigburn57
Edward C. Pulaski,"Barnard Studio (Wallace, Idaho)",,1917,Group shot of Edward C. Pulaski.,"people;  Barnard, T. N. (Thomas Nathan); Stockbridge, Nellie;",,,,,,"Barnard, T. N. (Thomas Nathan)--Photograph collections; Stockbridge, Nellie--Photograph collections; Forest fires;",,United States--Idaho--Shoshone County--Wallace,Wallace,"PG 8, Barnard-Stockbridge Collection, University of Idaho Library Special Collections and Archives",Barnard Stockbridge Collection,University of Idaho Library Digital Initiatives,University of Idaho Library Special Collections and Archives,"To order a reproduction, inquire about permissions, or for information about prices see: http://www.lib.uidaho.edu/special-collections/about.html",8x10 black and white glass negative,image/jpg,Image;StillImage,8-07562,2009,eng,http://www.lib.uidaho.edu/digital/bigburn/,"Material determined to be in Public Domain based on date of publication. Material made available by the University of Idaho Library. For more information, please contact University of Idaho Library Special Collections and Archives Department at libspec@uidaho.edu.",https://creativecommons.org/publicdomain/mark/1.0/,300 dpi grayscale with watermark (displayed). Archival master is a TIFF.,,,2011-08-01,2015-08-27,http://digital.lib.uidaho.edu:80/cdm/ref/collection/bigburn/id/95,95,bigburn,54.jp2,/bigburn/image/54.jp2,bigburn58
Walter H. Hanson,"Barnard Studio (Wallace, Idaho)",,1912,Advertisement for Walter H. Hanson as a Republican candidate for State Senator.  Made into slide for theatre showings.,"fires; groups of people; dwellings;  Barnard, T. N. (Thomas Nathan); Stockbridge, Nellie;",,,,,,"Barnard, T. N. (Thomas Nathan)--Photograph collections; Stockbridge, Nellie--Photograph collections; Forest fires;",,United States--Idaho--Shoshone County--Wallace,Wallace,"PG 8, Barnard-Stockbridge Collection, University of Idaho Library Special Collections and Archives",Barnard Stockbridge Collection,University of Idaho Library Digital Initiatives,University of Idaho Library Special Collections and Archives,"To order a reproduction, inquire about permissions, or for information about prices see: http://www.lib.uidaho.edu/special-collections/about.html",8x10 black and white glass negative,image/jpg,Image;StillImage,8-01606-2,2009,eng,http://www.lib.uidaho.edu/digital/bigburn/,"Material determined to be in Public Domain based on date of publication. Material made available by the University of Idaho Library. For more information, please contact University of Idaho Library Special Collections and Archives Department at libspec@uidaho.edu.",https://creativecommons.org/publicdomain/mark/1.0/,300 dpi grayscale with watermark (displayed). Archival master is a TIFF.,,,2011-08-01,2015-08-27,http://digital.lib.uidaho.edu:80/cdm/ref/collection/bigburn/id/96,96,bigburn,55.jp2,/bigburn/image/55.jp2,bigburn59
Emma (Mrs. Edward C.) Pulaski and Child,"Barnard Studio (Wallace, Idaho)",,1917,Portrait of Emma (Mrs. Edward C.) Pulaski and Child,"portraits;  Barnard, T. N. (Thomas Nathan); Stockbridge, Nellie;",,,,,,"Barnard, T. N. (Thomas Nathan)--Photograph collections; Stockbridge, Nellie--Photograph collections; Forest fires;",,United States--Idaho--Shoshone County--Wallace,Wallace,"PG 8, Barnard-Stockbridge Collection, University of Idaho Library Special Collections and Archives",Barnard Stockbridge Collection,University of Idaho Library Digital Initiatives,University of Idaho Library Special Collections and Archives,"To order a reproduction, inquire about permissions, or for information about prices see: http://www.lib.uidaho.edu/special-collections/about.html",8x10 black and white glass negative,image/jpg,Image;StillImage,8-P1194,2009,eng,http://www.lib.uidaho.edu/digital/bigburn/,"Material determined to be in Public Domain based on date of publication. Material made available by the University of Idaho Library. For more information, please contact University of Idaho Library Special Collections and Archives Department at libspec@uidaho.edu.",https://creativecommons.org/publicdomain/mark/1.0/,300 dpi grayscale with watermark (displayed). Archival master is a TIFF.,,,2011-08-01,2015-08-27,http://digital.lib.uidaho.edu:80/cdm/ref/collection/bigburn/id/97,97,bigburn,56.jp2,/bigburn/image/56.jp2,bigburn60
"Forest Fire, 1910 - Wallace. [1910] Coeur d'Alene Hardware warehouse ruins after fire of August 20.","Barnard Studio (Wallace, Idaho)",,1910-08-20,"Image shows the debris from the Coeur d'Alene Hardware Warehouse on September 3, 1910 after  the fire on August 20, 1910 swept went through Wallace, Idaho.","fires; groups of people; railroads; business;  Barnard, T. N. (Thomas Nathan); Stockbridge, Nellie; debris; cities and towns; men; Women;",,,,,,"Barnard, T. N. (Thomas Nathan)--Photograph collections; Stockbridge, Nellie--Photograph collections;",debris; Cities and towns--Idaho; Men--Idaho; Women--Idaho;,United States--Idaho--Shoshone County--Wallace,Wallace,"PG 8, Barnard-Stockbridge Collection, University of Idaho Library Special Collections and Archives",Barnard Stockbridge Collection,University of Idaho Library Digital Initiatives,University of Idaho Library Special Collections and Archives,"To order a reproduction, inquire about permissions, or for information about prices see: http://www.lib.uidaho.edu/special-collections/about.html",8x10 black and white glass negative,image/jpg,Image;StillImage,8-X87,2009-03-11,eng,http://www.lib.uidaho.edu/digital/bigburn/,"Material determined to be in Public Domain based on date of publication. Material made available by the University of Idaho Library. For more information, please contact University of Idaho Library Special Collections and Archives Department at libspec@uidaho.edu.",https://creativecommons.org/publicdomain/mark/1.0/,"300 dpi grayscale with watermark (displayed), Scanned from a 8 x 10  black and white print. Master is a 300 dpi Tiff.",,,2011-08-01,2015-08-27,http://digital.lib.uidaho.edu:80/cdm/ref/collection/bigburn/id/98,98,bigburn,6.jp2,/bigburn/image/6.jp2,bigburn61
"Forest Fire, 1910 - Wallace. [1910] Coeur d'Alene Hardware warehouse ruins after fire of August 20.","Barnard Studio (Wallace, Idaho)",,1910-08-20,"Image shows the debris from the Coeur d'Alene Hardware Warehouse on September 3, 1910 after  the fire on August 20, 1910 swept went through Wallace, Idaho.","fires; business;  Barnard, T. N. (Thomas Nathan); Stockbridge, Nellie; debris; buildings; Bricks; cities and towns;",,,,,,"Barnard, T. N. (Thomas Nathan)--Photograph collections; Stockbridge, Nellie--Photograph collections;",debris; Buildings--Idaho; Bricks; Cities and towns--Idaho;,United States--Idaho--Shoshone County--Wallace,Wallace,"PG 8, Barnard-Stockbridge Collection, University of Idaho Library Special Collections and Archives",Barnard Stockbridge Collection,University of Idaho Library Digital Initiatives,University of Idaho Library Special Collections and Archives,"To order a reproduction, inquire about permissions, or for information about prices see: http://www.lib.uidaho.edu/special-collections/about.html",8x10 black and white glass negative,image/jpg,Image;StillImage,8-X88,2009-03-11,eng,http://www.lib.uidaho.edu/digital/bigburn/,"Material determined to be in Public Domain based on date of publication. Material made available by the University of Idaho Library. For more information, please contact University of Idaho Library Special Collections and Archives Department at libspec@uidaho.edu.",https://creativecommons.org/publicdomain/mark/1.0/,"300 dpi grayscale with watermark (displayed), Scanned from a 8 x 10  black and white print. Master is a 300 dpi Tiff.",,,2011-08-01,2015-08-27,http://digital.lib.uidaho.edu:80/cdm/ref/collection/bigburn/id/99,99,bigburn,7.jp2,/bigburn/image/7.jp2,bigburn62
"Wallace, Idaho - Brewery - after fire of August 20, 1910","Barnard Studio (Wallace, Idaho)",,1910-08-20,"Image shows the brewery in Wallace, Idaho after the fire of August 20, 1910.","fires; buildings; business;  Barnard, T. N. (Thomas Nathan); Stockbridge, Nellie; debris; buildings; Bricks; cities and towns;",,,,,,"Barnard, T. N. (Thomas Nathan)--Photograph collections; Stockbridge, Nellie--Photograph collections;",debris; Buildings--Idaho; Bricks; Cities and towns--Idaho;,United States--Idaho--Shoshone County--Wallace,Wallace,"PG 8, Barnard-Stockbridge Collection, University of Idaho Library Special Collections and Archives",Barnard Stockbridge Collection,University of Idaho Library Digital Initiatives,University of Idaho Library Special Collections and Archives,"To order a reproduction, inquire about permissions, or for information about prices see: http://www.lib.uidaho.edu/special-collections/about.html",8x10 black and white glass negative,image/jpg,Image;StillImage,8-X89a,2009-03-11,eng,http://www.lib.uidaho.edu/digital/bigburn/,"Material determined to be in Public Domain based on date of publication. Material made available by the University of Idaho Library. For more information, please contact University of Idaho Library Special Collections and Archives Department at libspec@uidaho.edu.",https://creativecommons.org/publicdomain/mark/1.0/,"300 dpi grayscale with watermark (displayed), Scanned from a 8 x 10  black and white print. Master is a 300 dpi Tiff.",,,2011-08-01,2015-08-27,http://digital.lib.uidaho.edu:80/cdm/ref/collection/bigburn/id/100,100,bigburn,8.jp2,/bigburn/image/8.jp2,bigburn63
"Forest Fire - Wallace [1910] Taken Aug. 25, after fire of Aug. 20","Barnard Studio (Wallace, Idaho)",,1910-08-25,"Image of Wallace, Idaho after the fire of August 20, 1910.","fires; buildings ; railroads; railroads cars;  Barnard, T. N. (Thomas Nathan); Stockbridge, Nellie; debris; buildings; Bricks; cities and towns;",,,,,,"Barnard, T. N. (Thomas Nathan)--Photograph collections; Stockbridge, Nellie--Photograph collections;",debris; Buildings--Idaho; Bricks; Cities and towns--Idaho;,United States--Idaho--Shoshone County--Wallace,Wallace,"PG 8, Barnard-Stockbridge Collection, University of Idaho Library Special Collections and Archives",Barnard Stockbridge Collection,University of Idaho Library Digital Initiatives,University of Idaho Library Special Collections and Archives,"To order a reproduction, inquire about permissions, or for information about prices see: http://www.lib.uidaho.edu/special-collections/about.html",8x10 black and white glass negative,image/jpg,Image;StillImage,8-X89b,2009-03-11,eng,http://www.lib.uidaho.edu/digital/bigburn/,"Material determined to be in Public Domain based on date of publication. Material made available by the University of Idaho Library. For more information, please contact University of Idaho Library Special Collections and Archives Department at libspec@uidaho.edu.",https://creativecommons.org/publicdomain/mark/1.0/,"300 dpi grayscale with watermark (displayed), Scanned from a 8 x 10  black and white print. Master is a 300 dpi Tiff.",,,2011-08-01,2015-08-27,http://digital.lib.uidaho.edu:80/cdm/ref/collection/bigburn/id/101,101,bigburn,9.jp2,/bigburn/image/9.jp2,bigburn64
"Ione Adair, 1977-02-24, Interview #5","Schrager, Sam","Adair, Ione",1977-02-24,With Bernadine Cornelison. Women homesteaders in the timber. Experiences of 1910 fire. Friendship with father. Dr. Watkins family. Carrie Bush and Mary Borah. 2-24-77 2.5 hr 59p,,"Schrager, Sam","Moscow, Bovill, Fortynine Meadows",1883,Parents came from Oregon and Indiana (1893); family lived in the McConnell mansion (1900-36),"County assessor, teacher, postal clerk, timber homesteader",,,,,"MG 415, Latah County Oral History Project, 1971-1985, University of Idaho Library Special Collections and Archives",Latah County Oral History Collectionlcoh/,University of Idaho Library Digital Initiatives,University of Idaho Library Special Collections and Archives,"To order a reproduction, inquire about permissions, or for information about prices see: http://www.lib.uidaho.edu/special-collections/about.html",,application/pdf,Text,MG415_0216a,,eng,https://www.lib.uidaho.edu/digital/lcoh/,Digital format copyright: University of Idaho Library. Original Copyright: Latah County Historical Society.,http://rightsstatements.org/vocab/InC/1.0/,,,,,,http://cdm17254.contentdm.oclc.org/cdm/ref/collection/latah/id/404,404,latah,405.cpd,/latah/supp/404/index.pdf,bigburn65