title,description,creator,date,subject,location,location (LCSH),latitude,longitude,digital collection,collection,rights,rights (standardized),format original,pages,identifier,type,format,language,reference url,cdm-id,contentdm file name,contentdm file path file path,object-id
Chatcolab 1949,"Camp Packet for Chatcolab Northwest Leadership lab that contains program planning, activities, stories, and menus/recipes. Only bound materials have been scanned; this digital collection does not contain any associated ephemera from the donors notebook.",Chatcolab Northwest Leadership Lab,5/11/1949,camps (recreation areas); leadership; songs (oral or performed works); crafts (art genres); folklore,Benewah County;Plummer;Heyburn State Park;Chatcolet;Camp Heyburn,United States -- Idaho -- Benewah County -- Plummer -- Heyburn State Park -- Chatcolet -- Camp Heyburn,47.375048,-116.763424,Chatcolab NW Leadership Lab,"MA 2015-23, Chatcolab NW Leadership Lab, 1944-2000, University of Idaho Library Special Collections and Archives, http://www.lib.uidaho.edu/special-collections","Educational use includes non-commercial use of text and images in materials for teaching and research purposes. Digital reproduction permissions assigned to University of Idaho Library by Bob Carver. For more information, please contact University of Idaho Library Special Collections and Archives Department at libspec@uidaho.edu.",http://rightsstatements.org/vocab/InC-EDU/1.0/,8.5 X 11 Booklet,102,MA2015-23_1949,text,application/pdf,eng,http://cdm17254.contentdm.oclc.org/cdm/ref/collection/chatcolab/id/0,0,1.pdf,/chatcolab/image/1.pdf,chatcolab0
Chatcolab 1958 - FriendSHIP,"Camp Packet for Chatcolab Northwest Leadership lab that contains program planning, activities, stories, and menus/recipes. Only bound materials have been scanned; this digital collection does not contain any associated ephemera from the donors notebook.",Chatcolab Northwest Leadership Lab,5/11/1958,camps (recreation areas); leadership; songs (oral or performed works); crafts (art genres); folklore,Benewah County;Plummer;Heyburn State Park;Chatcolet;Camp Heyburn,United States -- Idaho -- Benewah County -- Plummer -- Heyburn State Park -- Chatcolet -- Camp Heyburn,47.373658,-116.764046,Chatcolab NW Leadership Lab,"MA 2015-23, Chatcolab NW Leadership Lab, 1944-2000, University of Idaho Library Special Collections and Archives, http://www.lib.uidaho.edu/special-collections","Educational use includes non-commercial use of text and images in materials for teaching and research purposes. Digital reproduction permissions assigned to University of Idaho Library by Bob Carver. For more information, please contact University of Idaho Library Special Collections and Archives Department at libspec@uidaho.edu.",http://rightsstatements.org/vocab/InC-EDU/1.0/,8.5 X 11 Booklet,190,MA2015-23_1958,text,application/pdf,eng,http://cdm17254.contentdm.oclc.org/cdm/ref/collection/chatcolab/id/1,1,10.pdf,/chatcolab/image/10.pdf,chatcolab1
Chatcolab 1959 - Loggers Jamboree,"Camp Packet for Chatcolab Northwest Leadership lab that contains program planning, activities, stories, and menus/recipes. Only bound materials have been scanned; this digital collection does not contain any associated ephemera from the donors notebook.",Chatcolab Northwest Leadership Lab,5/10/1959,camps (recreation areas); leadership; songs (oral or performed works); crafts (art genres); folklore,Benewah County;Plummer;Heyburn State Park;Chatcolet;Camp Heyburn,United States -- Idaho -- Benewah County -- Plummer -- Heyburn State Park -- Chatcolet -- Camp Heyburn,47.37402,-116.767075,Chatcolab NW Leadership Lab,"MA 2015-23, Chatcolab NW Leadership Lab, 1944-2000, University of Idaho Library Special Collections and Archives, http://www.lib.uidaho.edu/special-collections","Educational use includes non-commercial use of text and images in materials for teaching and research purposes. Digital reproduction permissions assigned to University of Idaho Library by Bob Carver. For more information, please contact University of Idaho Library Special Collections and Archives Department at libspec@uidaho.edu.",http://rightsstatements.org/vocab/InC-EDU/1.0/,8.5 X 11 Booklet,161,MA2015-23_1959,text,application/pdf,eng,http://cdm17254.contentdm.oclc.org/cdm/ref/collection/chatcolab/id/2,2,11.pdf,/chatcolab/image/11.pdf,chatcolab2
Chatcolab 1960 - Discovery Days,"Camp Packet for Chatcolab Northwest Leadership lab that contains program planning, activities, stories, and menus/recipes. Only bound materials have been scanned; this digital collection does not contain any associated ephemera from the donors notebook.",Chatcolab Northwest Leadership Lab,5/15/1960,camps (recreation areas); leadership; songs (oral or performed works); crafts (art genres); folklore,Benewah County;Plummer;Heyburn State Park;Chatcolet;Camp Heyburn,United States -- Idaho -- Benewah County -- Plummer -- Heyburn State Park -- Chatcolet -- Camp Heyburn,47.375442,-116.764128,Chatcolab NW Leadership Lab,"MA 2015-23, Chatcolab NW Leadership Lab, 1944-2000, University of Idaho Library Special Collections and Archives, http://www.lib.uidaho.edu/special-collections","Educational use includes non-commercial use of text and images in materials for teaching and research purposes. Digital reproduction permissions assigned to University of Idaho Library by Bob Carver. For more information, please contact University of Idaho Library Special Collections and Archives Department at libspec@uidaho.edu.",http://rightsstatements.org/vocab/InC-EDU/1.0/,8.5 X 11 Booklet,185,MA2015-23_1960,text,application/pdf,eng,http://cdm17254.contentdm.oclc.org/cdm/ref/collection/chatcolab/id/3,3,12.pdf,/chatcolab/image/12.pdf,chatcolab3
Chatcolab 1961 - Within U.S. One World,"Camp Packet for Chatcolab Northwest Leadership lab that contains program planning, activities, stories, and menus/recipes. Only bound materials have been scanned; this digital collection does not contain any associated ephemera from the donors notebook.",Chatcolab Northwest Leadership Lab,5/8/1961,camps (recreation areas); leadership; songs (oral or performed works); crafts (art genres); folklore,Benewah County;Plummer;Heyburn State Park;Chatcolet;Camp Heyburn,United States -- Idaho -- Benewah County -- Plummer -- Heyburn State Park -- Chatcolet -- Camp Heyburn,47.372563,-116.766683,Chatcolab NW Leadership Lab,"MA 2015-23, Chatcolab NW Leadership Lab, 1944-2000, University of Idaho Library Special Collections and Archives, http://www.lib.uidaho.edu/special-collections","Educational use includes non-commercial use of text and images in materials for teaching and research purposes. Digital reproduction permissions assigned to University of Idaho Library by Bob Carver. For more information, please contact University of Idaho Library Special Collections and Archives Department at libspec@uidaho.edu.",http://rightsstatements.org/vocab/InC-EDU/1.0/,8.5 X 11 Booklet,169,MA2015-23_1961,text,application/pdf,eng,http://cdm17254.contentdm.oclc.org/cdm/ref/collection/chatcolab/id/4,4,13.pdf,/chatcolab/image/13.pdf,chatcolab4
Chatcolab 1962 - Bridges To-,"Camp Packet for Chatcolab Northwest Leadership lab that contains program planning, activities, stories, and menus/recipes. Only bound materials have been scanned; this digital collection does not contain any associated ephemera from the donors notebook.",Chatcolab Northwest Leadership Lab,5/13/1962,camps (recreation areas); leadership; songs (oral or performed works); crafts (art genres); folklore,Benewah County;Plummer;Heyburn State Park;Chatcolet;Camp Heyburn,United States -- Idaho -- Benewah County -- Plummer -- Heyburn State Park -- Chatcolet -- Camp Heyburn,47.374832,-116.761387,Chatcolab NW Leadership Lab,"MA 2015-23, Chatcolab NW Leadership Lab, 1944-2000, University of Idaho Library Special Collections and Archives, http://www.lib.uidaho.edu/special-collections","Educational use includes non-commercial use of text and images in materials for teaching and research purposes. Digital reproduction permissions assigned to University of Idaho Library by Bob Carver. For more information, please contact University of Idaho Library Special Collections and Archives Department at libspec@uidaho.edu.",http://rightsstatements.org/vocab/InC-EDU/1.0/,8.5 X 11 Booklet,142,MA2015-23_1962,text,application/pdf,eng,http://cdm17254.contentdm.oclc.org/cdm/ref/collection/chatcolab/id/5,5,14.pdf,/chatcolab/image/14.pdf,chatcolab5
Chatcolab 1963 - Expanding Orbits,"Camp Packet for Chatcolab Northwest Leadership lab that contains program planning, activities, stories, and menus/recipes. Only bound materials have been scanned; this digital collection does not contain any associated ephemera from the donors notebook.",Chatcolab Northwest Leadership Lab,5/12/1963,camps (recreation areas); leadership; songs (oral or performed works); crafts (art genres); folklore,Benewah County;Plummer;Heyburn State Park;Chatcolet;Camp Heyburn,United States -- Idaho -- Benewah County -- Plummer -- Heyburn State Park -- Chatcolet -- Camp Heyburn,47.375808,-116.765725,Chatcolab NW Leadership Lab,"MA 2015-23, Chatcolab NW Leadership Lab, 1944-2000, University of Idaho Library Special Collections and Archives, http://www.lib.uidaho.edu/special-collections","Educational use includes non-commercial use of text and images in materials for teaching and research purposes. Digital reproduction permissions assigned to University of Idaho Library by Bob Carver. For more information, please contact University of Idaho Library Special Collections and Archives Department at libspec@uidaho.edu.",http://rightsstatements.org/vocab/InC-EDU/1.0/,8.5 X 11 Booklet,170,MA2015-23_1963,text,application/pdf,eng,http://cdm17254.contentdm.oclc.org/cdm/ref/collection/chatcolab/id/6,6,15.pdf,/chatcolab/image/15.pdf,chatcolab6
Chatcolab 1964 - From These Seeds,"Camp Packet for Chatcolab Northwest Leadership lab that contains program planning, activities, stories, and menus/recipes. Only bound materials have been scanned; this digital collection does not contain any associated ephemera from the donors notebook.",Chatcolab Northwest Leadership Lab,5/10/1964,camps (recreation areas); leadership; songs (oral or performed works); crafts (art genres); folklore,Benewah County;Plummer;Heyburn State Park;Chatcolet;Camp Heyburn,United States -- Idaho -- Benewah County -- Plummer -- Heyburn State Park -- Chatcolet -- Camp Heyburn,47.371854,-116.764287,Chatcolab NW Leadership Lab,"MA 2015-23, Chatcolab NW Leadership Lab, 1944-2000, University of Idaho Library Special Collections and Archives, http://www.lib.uidaho.edu/special-collections","Educational use includes non-commercial use of text and images in materials for teaching and research purposes. Digital reproduction permissions assigned to University of Idaho Library by Bob Carver. For more information, please contact University of Idaho Library Special Collections and Archives Department at libspec@uidaho.edu.",http://rightsstatements.org/vocab/InC-EDU/1.0/,8.5 X 11 Booklet,164,MA2015-23_1964,text,application/pdf,eng,http://cdm17254.contentdm.oclc.org/cdm/ref/collection/chatcolab/id/7,7,16.pdf,/chatcolab/image/16.pdf,chatcolab7
Chatcolab 1965 - The Music of Friendship,"Camp Packet for Chatcolab Northwest Leadership lab that contains program planning, activities, stories, and menus/recipes. Only bound materials have been scanned; this digital collection does not contain any associated ephemera from the donors notebook.",Chatcolab Northwest Leadership Lab,5/9/1965,camps (recreation areas); leadership; songs (oral or performed works); crafts (art genres); folklore,Benewah County;Plummer;Heyburn State Park;Chatcolet;Camp Heyburn,United States -- Idaho -- Benewah County -- Plummer -- Heyburn State Park -- Chatcolet -- Camp Heyburn,47.374554,-116.764688,Chatcolab NW Leadership Lab,"MA 2015-23, Chatcolab NW Leadership Lab, 1944-2000, University of Idaho Library Special Collections and Archives, http://www.lib.uidaho.edu/special-collections","Educational use includes non-commercial use of text and images in materials for teaching and research purposes. Digital reproduction permissions assigned to University of Idaho Library by Bob Carver. For more information, please contact University of Idaho Library Special Collections and Archives Department at libspec@uidaho.edu.",http://rightsstatements.org/vocab/InC-EDU/1.0/,8.5 X 11 Booklet,202,MA2015-23_1965,text,application/pdf,eng,http://cdm17254.contentdm.oclc.org/cdm/ref/collection/chatcolab/id/8,8,17.pdf,/chatcolab/image/17.pdf,chatcolab8
Chatcolab 1966 - Chatcolab Has the Keys,"Camp Packet for Chatcolab Northwest Leadership lab that contains program planning, activities, stories, and menus/recipes. Only bound materials have been scanned; this digital collection does not contain any associated ephemera from the donors notebook.",Chatcolab Northwest Leadership Lab,5/8/1966,camps (recreation areas); leadership; songs (oral or performed works); crafts (art genres); folklore,Benewah County;Plummer;Heyburn State Park;Chatcolet;Camp Heyburn,United States -- Idaho -- Benewah County -- Plummer -- Heyburn State Park -- Chatcolet -- Camp Heyburn,47.374875,-116.768683,Chatcolab NW Leadership Lab,"MA 2015-23, Chatcolab NW Leadership Lab, 1944-2000, University of Idaho Library Special Collections and Archives, http://www.lib.uidaho.edu/special-collections","Educational use includes non-commercial use of text and images in materials for teaching and research purposes. Digital reproduction permissions assigned to University of Idaho Library by Bob Carver. For more information, please contact University of Idaho Library Special Collections and Archives Department at libspec@uidaho.edu.",http://rightsstatements.org/vocab/InC-EDU/1.0/,8.5 X 11 Booklet,208,MA2015-23_1966,text,application/pdf,eng,http://cdm17254.contentdm.oclc.org/cdm/ref/collection/chatcolab/id/9,9,18.pdf,/chatcolab/image/18.pdf,chatcolab9
Chatcolab 1967 - Carving a New Image,"Camp Packet for Chatcolab Northwest Leadership lab that contains program planning, activities, stories, and menus/recipes. Only bound materials have been scanned; this digital collection does not contain any associated ephemera from the donors notebook.",Chatcolab Northwest Leadership Lab,5/14/1967,camps (recreation areas); leadership; songs (oral or performed works); crafts (art genres); folklore,Benewah County;Plummer;Heyburn State Park;Chatcolet;Camp Heyburn,United States -- Idaho -- Benewah County -- Plummer -- Heyburn State Park -- Chatcolet -- Camp Heyburn,47.372363,-116.767381,Chatcolab NW Leadership Lab,"MA 2015-23, Chatcolab NW Leadership Lab, 1944-2000, University of Idaho Library Special Collections and Archives, http://www.lib.uidaho.edu/special-collections","Educational use includes non-commercial use of text and images in materials for teaching and research purposes. Digital reproduction permissions assigned to University of Idaho Library by Bob Carver. For more information, please contact University of Idaho Library Special Collections and Archives Department at libspec@uidaho.edu.",http://rightsstatements.org/vocab/InC-EDU/1.0/,8.5 X 11 Booklet,234,MA2015-23_1967,text,application/pdf,eng,http://cdm17254.contentdm.oclc.org/cdm/ref/collection/chatcolab/id/10,10,19.pdf,/chatcolab/image/19.pdf,chatcolab10
Chatcolab Notes for '50' - Strangers are but Friends in Disguise,"Camp Packet for Chatcolab Northwest Leadership lab that contains program planning, activities, stories, and menus/recipes. Only bound materials have been scanned; this digital collection does not contain any associated ephemera from the donors notebook.",Chatcolab Northwest Leadership Lab,5/17/1950,camps (recreation areas); leadership; songs (oral or performed works); crafts (art genres); folklore,Benewah County;Plummer;Heyburn State Park;Chatcolet;Camp Heyburn,United States -- Idaho -- Benewah County -- Plummer -- Heyburn State Park -- Chatcolet -- Camp Heyburn,47.374428,-116.763556,Chatcolab NW Leadership Lab,"MA 2015-23, Chatcolab NW Leadership Lab, 1944-2000, University of Idaho Library Special Collections and Archives, http://www.lib.uidaho.edu/special-collections","Educational use includes non-commercial use of text and images in materials for teaching and research purposes. Digital reproduction permissions assigned to University of Idaho Library by Bob Carver. For more information, please contact University of Idaho Library Special Collections and Archives Department at libspec@uidaho.edu.",http://rightsstatements.org/vocab/InC-EDU/1.0/,8.5 X 11 Booklet,105,MA2015-23_1950,text,application/pdf,eng,http://cdm17254.contentdm.oclc.org/cdm/ref/collection/chatcolab/id/11,11,2.pdf,/chatcolab/image/2.pdf,chatcolab11
Chatcolab 1968 - Count Down for Tomorrow,"Camp Packet for Chatcolab Northwest Leadership lab that contains program planning, activities, stories, and menus/recipes. Only bound materials have been scanned; this digital collection does not contain any associated ephemera from the donors notebook.",Chatcolab Northwest Leadership Lab,5/12/1968,camps (recreation areas); leadership; songs (oral or performed works); crafts (art genres); folklore,Benewah County;Plummer;Heyburn State Park;Chatcolet;Camp Heyburn,United States -- Idaho -- Benewah County -- Plummer -- Heyburn State Park -- Chatcolet -- Camp Heyburn,47.373221,-116.764662,Chatcolab NW Leadership Lab,"MA 2015-23, Chatcolab NW Leadership Lab, 1944-2000, University of Idaho Library Special Collections and Archives, http://www.lib.uidaho.edu/special-collections","Educational use includes non-commercial use of text and images in materials for teaching and research purposes. Digital reproduction permissions assigned to University of Idaho Library by Bob Carver. For more information, please contact University of Idaho Library Special Collections and Archives Department at libspec@uidaho.edu.",http://rightsstatements.org/vocab/InC-EDU/1.0/,8.5 X 11 Booklet,247,MA2015-23_1968,text,application/pdf,eng,http://cdm17254.contentdm.oclc.org/cdm/ref/collection/chatcolab/id/12,12,20.pdf,/chatcolab/image/20.pdf,chatcolab12
Chatcolab 1969 - Beginnings,"Camp Packet for Chatcolab Northwest Leadership lab that contains program planning, activities, stories, and menus/recipes. Only bound materials have been scanned; this digital collection does not contain any associated ephemera from the donors notebook.",Chatcolab Northwest Leadership Lab,5/11/1969,camps (recreation areas); leadership; songs (oral or performed works); crafts (art genres); folklore,Benewah County;Plummer;Heyburn State Park;Chatcolet;Camp Heyburn,United States -- Idaho -- Benewah County -- Plummer -- Heyburn State Park -- Chatcolet -- Camp Heyburn,47.374736,-116.764917,Chatcolab NW Leadership Lab,"MA 2015-23, Chatcolab NW Leadership Lab, 1944-2000, University of Idaho Library Special Collections and Archives, http://www.lib.uidaho.edu/special-collections","Educational use includes non-commercial use of text and images in materials for teaching and research purposes. Digital reproduction permissions assigned to University of Idaho Library by Bob Carver. For more information, please contact University of Idaho Library Special Collections and Archives Department at libspec@uidaho.edu.",http://rightsstatements.org/vocab/InC-EDU/1.0/,8.5 X 11 Booklet,352,MA2015-23_1969,text,application/pdf,eng,http://cdm17254.contentdm.oclc.org/cdm/ref/collection/chatcolab/id/13,13,21.pdf,/chatcolab/image/21.pdf,chatcolab13
Chatcolab 1970 - New Horizons,"Camp Packet for Chatcolab Northwest Leadership lab that contains program planning, activities, stories, and menus/recipes. Only bound materials have been scanned; this digital collection does not contain any associated ephemera from the donors notebook.",Chatcolab Northwest Leadership Lab,5/9/1970,camps (recreation areas); leadership; songs (oral or performed works); crafts (art genres); folklore,Benewah County;Plummer;Heyburn State Park;Chatcolet;Camp Heyburn,United States -- Idaho -- Benewah County -- Plummer -- Heyburn State Park -- Chatcolet -- Camp Heyburn,47.373453,-116.762866,Chatcolab NW Leadership Lab,"MA 2015-23, Chatcolab NW Leadership Lab, 1944-2000, University of Idaho Library Special Collections and Archives, http://www.lib.uidaho.edu/special-collections","Educational use includes non-commercial use of text and images in materials for teaching and research purposes. Digital reproduction permissions assigned to University of Idaho Library by Bob Carver. For more information, please contact University of Idaho Library Special Collections and Archives Department at libspec@uidaho.edu.",http://rightsstatements.org/vocab/InC-EDU/1.0/,8.5 X 11 Booklet,130,MA2015-23_1970,text,application/pdf,eng,http://cdm17254.contentdm.oclc.org/cdm/ref/collection/chatcolab/id/14,14,22.pdf,/chatcolab/image/22.pdf,chatcolab14
Chatcolab 1971 - The Unfolding Process,"Camp Packet for Chatcolab Northwest Leadership lab that contains program planning, activities, stories, and menus/recipes. Only bound materials have been scanned; this digital collection does not contain any associated ephemera from the donors notebook.",Chatcolab Northwest Leadership Lab,5/9/1971,camps (recreation areas); leadership; songs (oral or performed works); crafts (art genres); folklore,Benewah County;Plummer;Heyburn State Park;Chatcolet;Camp Heyburn,United States -- Idaho -- Benewah County -- Plummer -- Heyburn State Park -- Chatcolet -- Camp Heyburn,47.374231,-116.76499,Chatcolab NW Leadership Lab,"MA 2015-23, Chatcolab NW Leadership Lab, 1944-2000, University of Idaho Library Special Collections and Archives, http://www.lib.uidaho.edu/special-collections","Educational use includes non-commercial use of text and images in materials for teaching and research purposes. Digital reproduction permissions assigned to University of Idaho Library by Bob Carver. For more information, please contact University of Idaho Library Special Collections and Archives Department at libspec@uidaho.edu.",http://rightsstatements.org/vocab/InC-EDU/1.0/,8.5 X 11 Booklet,204,MA2015-23_1971,text,application/pdf,eng,http://cdm17254.contentdm.oclc.org/cdm/ref/collection/chatcolab/id/15,15,23.pdf,/chatcolab/image/23.pdf,chatcolab15
Chatcolab 1972 - Leadership is a Process,"Camp Packet for Chatcolab Northwest Leadership lab that contains program planning, activities, stories, and menus/recipes. Only bound materials have been scanned; this digital collection does not contain any associated ephemera from the donors notebook.",Chatcolab Northwest Leadership Lab,5/14/1972,camps (recreation areas); leadership; songs (oral or performed works); crafts (art genres); folklore,Benewah County;Plummer;Heyburn State Park;Chatcolet;Camp Heyburn,United States -- Idaho -- Benewah County -- Plummer -- Heyburn State Park -- Chatcolet -- Camp Heyburn,47.372261,-116.765087,Chatcolab NW Leadership Lab,"MA 2015-23, Chatcolab NW Leadership Lab, 1944-2000, University of Idaho Library Special Collections and Archives, http://www.lib.uidaho.edu/special-collections","Educational use includes non-commercial use of text and images in materials for teaching and research purposes. Digital reproduction permissions assigned to University of Idaho Library by Bob Carver. For more information, please contact University of Idaho Library Special Collections and Archives Department at libspec@uidaho.edu.",http://rightsstatements.org/vocab/InC-EDU/1.0/,8.5 X 11 Booklet,256,MA2015-23_1972,text,application/pdf,eng,http://cdm17254.contentdm.oclc.org/cdm/ref/collection/chatcolab/id/16,16,24.pdf,/chatcolab/image/24.pdf,chatcolab16
Chatcolab 1973 - Because We Care(25th Chat),"Camp Packet for Chatcolab Northwest Leadership lab that contains program planning, activities, stories, and menus/recipes. Only bound materials have been scanned; this digital collection does not contain any associated ephemera from the donors notebook.",Chatcolab Northwest Leadership Lab,5/13/1973,camps (recreation areas); leadership; songs (oral or performed works); crafts (art genres); folklore,Benewah County;Plummer;Heyburn State Park;Chatcolet;Camp Heyburn,United States -- Idaho -- Benewah County -- Plummer -- Heyburn State Park -- Chatcolet -- Camp Heyburn,47.373862,-116.766441,Chatcolab NW Leadership Lab,"MA 2015-23, Chatcolab NW Leadership Lab, 1944-2000, University of Idaho Library Special Collections and Archives, http://www.lib.uidaho.edu/special-collections","Educational use includes non-commercial use of text and images in materials for teaching and research purposes. Digital reproduction permissions assigned to University of Idaho Library by Bob Carver. For more information, please contact University of Idaho Library Special Collections and Archives Department at libspec@uidaho.edu.",http://rightsstatements.org/vocab/InC-EDU/1.0/,8.5 X 11 Booklet,326,MA2015-23_1973,text,application/pdf,eng,http://cdm17254.contentdm.oclc.org/cdm/ref/collection/chatcolab/id/17,17,25.pdf,/chatcolab/image/25.pdf,chatcolab17
Chatcolab 1974 - Kollege of Knowledge,"Camp Packet for Chatcolab Northwest Leadership lab that contains program planning, activities, stories, and menus/recipes. Only bound materials have been scanned; this digital collection does not contain any associated ephemera from the donors notebook.",Chatcolab Northwest Leadership Lab,5/12/1974,camps (recreation areas); leadership; songs (oral or performed works); crafts (art genres); folklore,Benewah County;Plummer;Heyburn State Park;Chatcolet;Camp Heyburn,United States -- Idaho -- Benewah County -- Plummer -- Heyburn State Park -- Chatcolet -- Camp Heyburn,47.374096,-116.762883,Chatcolab NW Leadership Lab,"MA 2015-23, Chatcolab NW Leadership Lab, 1944-2000, University of Idaho Library Special Collections and Archives, http://www.lib.uidaho.edu/special-collections","Educational use includes non-commercial use of text and images in materials for teaching and research purposes. Digital reproduction permissions assigned to University of Idaho Library by Bob Carver. For more information, please contact University of Idaho Library Special Collections and Archives Department at libspec@uidaho.edu.",http://rightsstatements.org/vocab/InC-EDU/1.0/,8.5 X 11 Booklet,236,MA2015-23_1974,text,application/pdf,eng,http://cdm17254.contentdm.oclc.org/cdm/ref/collection/chatcolab/id/18,18,26.pdf,/chatcolab/image/26.pdf,chatcolab18
Chatcolab 1975 - Finding Life's Treasures,"Camp Packet for Chatcolab Northwest Leadership lab that contains program planning, activities, stories, and menus/recipes. Only bound materials have been scanned; this digital collection does not contain any associated ephemera from the donors notebook.",Chatcolab Northwest Leadership Lab,5/11/1975,camps (recreation areas); leadership; songs (oral or performed works); crafts (art genres); folklore,Benewah County;Plummer;Heyburn State Park;Chatcolet;Camp Heyburn,United States -- Idaho -- Benewah County -- Plummer -- Heyburn State Park -- Chatcolet -- Camp Heyburn,47.375636,-116.763335,Chatcolab NW Leadership Lab,"MA 2015-23, Chatcolab NW Leadership Lab, 1944-2000, University of Idaho Library Special Collections and Archives, http://www.lib.uidaho.edu/special-collections","Educational use includes non-commercial use of text and images in materials for teaching and research purposes. Digital reproduction permissions assigned to University of Idaho Library by Bob Carver. For more information, please contact University of Idaho Library Special Collections and Archives Department at libspec@uidaho.edu.",http://rightsstatements.org/vocab/InC-EDU/1.0/,8.5 X 11 Booklet,270,MA2015-23_1975,text,application/pdf,eng,http://cdm17254.contentdm.oclc.org/cdm/ref/collection/chatcolab/id/19,19,27.pdf,/chatcolab/image/27.pdf,chatcolab19
Chatcolab 1981 - Take Time to Live,"Camp Packet for Chatcolab Northwest Leadership lab that contains program planning, activities, stories, and menus/recipes. Only bound materials have been scanned; this digital collection does not contain any associated ephemera from the donors notebook.",Chatcolab Northwest Leadership Lab,5/10/1981,camps (recreation areas); leadership; songs (oral or performed works); crafts (art genres); folklore,Kootenai County;Worley;Camp Larson (Camp Easter Seal),United States -- Idaho -- Kootenai County -- Worley -- Camp Larson (Camp Easter Seal),47.443643,-116.838647,Chatcolab NW Leadership Lab,"MA 2015-23, Chatcolab NW Leadership Lab, 1944-2000, University of Idaho Library Special Collections and Archives, http://www.lib.uidaho.edu/special-collections","Educational use includes non-commercial use of text and images in materials for teaching and research purposes. Digital reproduction permissions assigned to University of Idaho Library by Bob Carver. For more information, please contact University of Idaho Library Special Collections and Archives Department at libspec@uidaho.edu.",http://rightsstatements.org/vocab/InC-EDU/1.0/,8.5 X 11 Booklet,161,MA2015-23_1981,text,application/pdf,eng,http://cdm17254.contentdm.oclc.org/cdm/ref/collection/chatcolab/id/20,20,28.pdf,/chatcolab/image/28.pdf,chatcolab20
Chatcolab 1976 - An American Panorama,"Camp Packet for Chatcolab Northwest Leadership lab that contains program planning, activities, stories, and menus/recipes. Only bound materials have been scanned; this digital collection does not contain any associated ephemera from the donors notebook.",Chatcolab Northwest Leadership Lab,5/9/1976,camps (recreation areas); leadership; songs (oral or performed works); crafts (art genres); folklore,Kootenai County;Worley;Camp Larson (Camp Easter Seal),United States -- Idaho -- Kootenai County -- Worley -- Camp Larson (Camp Easter Seal),47.443045,-116.838162,Chatcolab NW Leadership Lab,"MA 2015-23, Chatcolab NW Leadership Lab, 1944-2000, University of Idaho Library Special Collections and Archives, http://www.lib.uidaho.edu/special-collections","Educational use includes non-commercial use of text and images in materials for teaching and research purposes. Digital reproduction permissions assigned to University of Idaho Library by Bob Carver. For more information, please contact University of Idaho Library Special Collections and Archives Department at libspec@uidaho.edu.",http://rightsstatements.org/vocab/InC-EDU/1.0/,8.5 X 11 Booklet,250,MA2015-23_1976,text,application/pdf,eng,http://cdm17254.contentdm.oclc.org/cdm/ref/collection/chatcolab/id/21,21,29.pdf,/chatcolab/image/29.pdf,chatcolab21
Chatcolab Notes for '51' - On Being a Real Person,"Camp Packet for Chatcolab Northwest Leadership lab that contains program planning, activities, stories, and menus/recipes. Only bound materials have been scanned; this digital collection does not contain any associated ephemera from the donors notebook.",Chatcolab Northwest Leadership Lab,5/16/1951,camps (recreation areas); leadership; songs (oral or performed works); crafts (art genres); folklore,Benewah County;Plummer;Heyburn State Park;Chatcolet;Camp Heyburn,United States -- Idaho -- Benewah County -- Plummer -- Heyburn State Park -- Chatcolet -- Camp Heyburn,47.375013,-116.764051,Chatcolab NW Leadership Lab,"MA 2015-23, Chatcolab NW Leadership Lab, 1944-2000, University of Idaho Library Special Collections and Archives, http://www.lib.uidaho.edu/special-collections","Educational use includes non-commercial use of text and images in materials for teaching and research purposes. Digital reproduction permissions assigned to University of Idaho Library by Bob Carver. For more information, please contact University of Idaho Library Special Collections and Archives Department at libspec@uidaho.edu.",http://rightsstatements.org/vocab/InC-EDU/1.0/,8.5 X 11 Booklet,129,MA2015-23_1951,text,application/pdf,eng,http://cdm17254.contentdm.oclc.org/cdm/ref/collection/chatcolab/id/22,22,3.pdf,/chatcolab/image/3.pdf,chatcolab22
Chatcolab 1982 - Discover Your Wings,"Camp Packet for Chatcolab Northwest Leadership lab that contains program planning, activities, stories, and menus/recipes. Only bound materials have been scanned; this digital collection does not contain any associated ephemera from the donors notebook.",Chatcolab Northwest Leadership Lab,5/9/1982,camps (recreation areas); leadership; songs (oral or performed works); crafts (art genres); folklore,Kootenai County;Worley;Camp Larson (Camp Easter Seal),United States -- Idaho -- Kootenai County -- Worley -- Camp Larson (Camp Easter Seal),47.443367,-116.83758,Chatcolab NW Leadership Lab,"MA 2015-23, Chatcolab NW Leadership Lab, 1944-2000, University of Idaho Library Special Collections and Archives, http://www.lib.uidaho.edu/special-collections","Educational use includes non-commercial use of text and images in materials for teaching and research purposes. Digital reproduction permissions assigned to University of Idaho Library by Bob Carver. For more information, please contact University of Idaho Library Special Collections and Archives Department at libspec@uidaho.edu.",http://rightsstatements.org/vocab/InC-EDU/1.0/,8.5 X 11 Booklet,309,MA2015-23_1982,text,application/pdf,eng,http://cdm17254.contentdm.oclc.org/cdm/ref/collection/chatcolab/id/23,23,30.pdf,/chatcolab/image/30.pdf,chatcolab23
Chatcolab 1983 - A long time ago in a camp far away???,"Camp Packet for Chatcolab Northwest Leadership lab that contains program planning, activities, stories, and menus/recipes. Only bound materials have been scanned; this digital collection does not contain any associated ephemera from the donors notebook.",Chatcolab Northwest Leadership Lab,5/8/1983,camps (recreation areas); leadership; songs (oral or performed works); crafts (art genres); folklore,Kootenai County;Worley;Camp Larson (Camp Easter Seal),United States -- Idaho -- Kootenai County -- Worley -- Camp Larson (Camp Easter Seal),47.44449,-116.838606,Chatcolab NW Leadership Lab,"MA 2015-23, Chatcolab NW Leadership Lab, 1944-2000, University of Idaho Library Special Collections and Archives, http://www.lib.uidaho.edu/special-collections","Educational use includes non-commercial use of text and images in materials for teaching and research purposes. Digital reproduction permissions assigned to University of Idaho Library by Bob Carver. For more information, please contact University of Idaho Library Special Collections and Archives Department at libspec@uidaho.edu.",http://rightsstatements.org/vocab/InC-EDU/1.0/,8.5 X 11 Booklet,180,MA2015-23_1983,text,application/pdf,eng,http://cdm17254.contentdm.oclc.org/cdm/ref/collection/chatcolab/id/24,24,31.pdf,/chatcolab/image/31.pdf,chatcolab24
Chatcolab 1984 - Leader-Ship,"Camp Packet for Chatcolab Northwest Leadership lab that contains program planning, activities, stories, and menus/recipes. Only bound materials have been scanned; this digital collection does not contain any associated ephemera from the donors notebook.",Chatcolab Northwest Leadership Lab,5/14/1984,camps (recreation areas); leadership; songs (oral or performed works); crafts (art genres); folklore,Kootenai County;Worley;Camp Larson (Camp Easter Seal),United States -- Idaho -- Kootenai County -- Worley -- Camp Larson (Camp Easter Seal),47.443533,-116.837157,Chatcolab NW Leadership Lab,"MA 2015-23, Chatcolab NW Leadership Lab, 1944-2000, University of Idaho Library Special Collections and Archives, http://www.lib.uidaho.edu/special-collections","Educational use includes non-commercial use of text and images in materials for teaching and research purposes. Digital reproduction permissions assigned to University of Idaho Library by Bob Carver. For more information, please contact University of Idaho Library Special Collections and Archives Department at libspec@uidaho.edu.",http://rightsstatements.org/vocab/InC-EDU/1.0/,8.5 X 11 Booklet,230,MA2015-23_1984,text,application/pdf,eng,http://cdm17254.contentdm.oclc.org/cdm/ref/collection/chatcolab/id/25,25,32.pdf,/chatcolab/image/32.pdf,chatcolab25
Chatcolab 1985 - Come Out of Hibernation Time for Bears,"Camp Packet for Chatcolab Northwest Leadership lab that contains program planning, activities, stories, and menus/recipes. Only bound materials have been scanned; this digital collection does not contain any associated ephemera from the donors notebook.",Chatcolab Northwest Leadership Lab,6/9/1985,camps (recreation areas); leadership; songs (oral or performed works); crafts (art genres); folklore,Kootenai County;Worley;Camp Larson (Camp Easter Seal),United States -- Idaho -- Kootenai County -- Worley -- Camp Larson (Camp Easter Seal),47.443117,-116.83761,Chatcolab NW Leadership Lab,"MA 2015-23, Chatcolab NW Leadership Lab, 1944-2000, University of Idaho Library Special Collections and Archives, http://www.lib.uidaho.edu/special-collections","Educational use includes non-commercial use of text and images in materials for teaching and research purposes. Digital reproduction permissions assigned to University of Idaho Library by Bob Carver. For more information, please contact University of Idaho Library Special Collections and Archives Department at libspec@uidaho.edu.",http://rightsstatements.org/vocab/InC-EDU/1.0/,8.5 X 11 Booklet,286,MA2015-23_1985,text,application/pdf,eng,http://cdm17254.contentdm.oclc.org/cdm/ref/collection/chatcolab/id/26,26,33.pdf,/chatcolab/image/33.pdf,chatcolab26
Chatcolab 1986 - Energize - Let's Glow Together,"Camp Packet for Chatcolab Northwest Leadership lab that contains program planning, activities, stories, and menus/recipes. Only bound materials have been scanned; this digital collection does not contain any associated ephemera from the donors notebook.",Chatcolab Northwest Leadership Lab,6/8/1986,camps (recreation areas); leadership; songs (oral or performed works); crafts (art genres); folklore,Kootenai County;Worley;Camp Larson (Camp Easter Seal),United States -- Idaho -- Kootenai County -- Worley -- Camp Larson (Camp Easter Seal),47.44463,-116.837694,Chatcolab NW Leadership Lab,"MA 2015-23, Chatcolab NW Leadership Lab, 1944-2000, University of Idaho Library Special Collections and Archives, http://www.lib.uidaho.edu/special-collections","Educational use includes non-commercial use of text and images in materials for teaching and research purposes. Digital reproduction permissions assigned to University of Idaho Library by Bob Carver. For more information, please contact University of Idaho Library Special Collections and Archives Department at libspec@uidaho.edu.",http://rightsstatements.org/vocab/InC-EDU/1.0/,8.5 X 11 Booklet,215,MA2015-23_1986,text,application/pdf,eng,http://cdm17254.contentdm.oclc.org/cdm/ref/collection/chatcolab/id/27,27,34.pdf,/chatcolab/image/34.pdf,chatcolab27
Chatcolab 1987 - Follow the Rainbow,"Camp Packet for Chatcolab Northwest Leadership lab that contains program planning, activities, stories, and menus/recipes. Only bound materials have been scanned; this digital collection does not contain any associated ephemera from the donors notebook.",Chatcolab Northwest Leadership Lab,6/7/1987,camps (recreation areas); leadership; songs (oral or performed works); crafts (art genres); folklore,Kootenai County;Worley;Camp Larson (Camp Easter Seal),United States -- Idaho -- Kootenai County -- Worley -- Camp Larson (Camp Easter Seal),47.444034,-116.838024,Chatcolab NW Leadership Lab,"MA 2015-23, Chatcolab NW Leadership Lab, 1944-2000, University of Idaho Library Special Collections and Archives, http://www.lib.uidaho.edu/special-collections","Educational use includes non-commercial use of text and images in materials for teaching and research purposes. Digital reproduction permissions assigned to University of Idaho Library by Bob Carver. For more information, please contact University of Idaho Library Special Collections and Archives Department at libspec@uidaho.edu.",http://rightsstatements.org/vocab/InC-EDU/1.0/,8.5 X 11 Booklet,423,MA2015-23_1987,text,application/pdf,eng,http://cdm17254.contentdm.oclc.org/cdm/ref/collection/chatcolab/id/28,28,35.pdf,/chatcolab/image/35.pdf,chatcolab28
Chatcolab 1988 - Celebrating 40 Years,"Camp Packet for Chatcolab Northwest Leadership lab that contains program planning, activities, stories, and menus/recipes. Only bound materials have been scanned; this digital collection does not contain any associated ephemera from the donors notebook.",Chatcolab Northwest Leadership Lab,6/5/1988,camps (recreation areas); leadership; songs (oral or performed works); crafts (art genres); folklore,Kootenai County;Worley;Camp Larson (Camp Easter Seal),United States -- Idaho -- Kootenai County -- Worley -- Camp Larson (Camp Easter Seal),47.443069,-116.838501,Chatcolab NW Leadership Lab,"MA 2015-23, Chatcolab NW Leadership Lab, 1944-2000, University of Idaho Library Special Collections and Archives, http://www.lib.uidaho.edu/special-collections","Educational use includes non-commercial use of text and images in materials for teaching and research purposes. Digital reproduction permissions assigned to University of Idaho Library by Bob Carver. For more information, please contact University of Idaho Library Special Collections and Archives Department at libspec@uidaho.edu.",http://rightsstatements.org/vocab/InC-EDU/1.0/,8.5 X 11 Booklet,479,MA2015-23_1988,text,application/pdf,eng,http://cdm17254.contentdm.oclc.org/cdm/ref/collection/chatcolab/id/29,29,36.pdf,/chatcolab/image/36.pdf,chatcolab29
Chatcolab 1989 - A Kaleidoscope of Communication,"Camp Packet for Chatcolab Northwest Leadership lab that contains program planning, activities, stories, and menus/recipes. Only bound materials have been scanned; this digital collection does not contain any associated ephemera from the donors notebook.",Chatcolab Northwest Leadership Lab,6/4/1989,camps (recreation areas); leadership; songs (oral or performed works); crafts (art genres); folklore,Kootenai County;Worley;Camp Larson (Camp Easter Seal),United States -- Idaho -- Kootenai County -- Worley -- Camp Larson (Camp Easter Seal),47.443421,-116.837516,Chatcolab NW Leadership Lab,"MA 2015-23, Chatcolab NW Leadership Lab, 1944-2000, University of Idaho Library Special Collections and Archives, http://www.lib.uidaho.edu/special-collections","Educational use includes non-commercial use of text and images in materials for teaching and research purposes. Digital reproduction permissions assigned to University of Idaho Library by Bob Carver. For more information, please contact University of Idaho Library Special Collections and Archives Department at libspec@uidaho.edu.",http://rightsstatements.org/vocab/InC-EDU/1.0/,8.5 X 11 Booklet,298,MA2015-23_1989,text,application/pdf,eng,http://cdm17254.contentdm.oclc.org/cdm/ref/collection/chatcolab/id/30,30,37.pdf,/chatcolab/image/37.pdf,chatcolab30
Chatcolab 1990 - Laughter in Leadership,"Camp Packet for Chatcolab Northwest Leadership lab that contains program planning, activities, stories, and menus/recipes. Only bound materials have been scanned; this digital collection does not contain any associated ephemera from the donors notebook.",Chatcolab Northwest Leadership Lab,6/3/1990,camps (recreation areas); leadership; songs (oral or performed works); crafts (art genres); folklore,Kootenai County;Worley;Camp Larson (Camp Easter Seal),United States -- Idaho -- Kootenai County -- Worley -- Camp Larson (Camp Easter Seal),47.444114,-116.839863,Chatcolab NW Leadership Lab,"MA 2015-23, Chatcolab NW Leadership Lab, 1944-2000, University of Idaho Library Special Collections and Archives, http://www.lib.uidaho.edu/special-collections","Educational use includes non-commercial use of text and images in materials for teaching and research purposes. Digital reproduction permissions assigned to University of Idaho Library by Bob Carver. For more information, please contact University of Idaho Library Special Collections and Archives Department at libspec@uidaho.edu.",http://rightsstatements.org/vocab/InC-EDU/1.0/,8.5 X 11 Booklet,338,MA2015-23_1990,text,application/pdf,eng,http://cdm17254.contentdm.oclc.org/cdm/ref/collection/chatcolab/id/31,31,38.pdf,/chatcolab/image/38.pdf,chatcolab31
Chatcolab 1991 - Create Harmony in Leadership,"Camp Packet for Chatcolab Northwest Leadership lab that contains program planning, activities, stories, and menus/recipes. Only bound materials have been scanned; this digital collection does not contain any associated ephemera from the donors notebook.",Chatcolab Northwest Leadership Lab,6/1/1991,camps (recreation areas); leadership; songs (oral or performed works); crafts (art genres); folklore,Kootenai County;Worley;Camp Larson (Camp Easter Seal),United States -- Idaho -- Kootenai County -- Worley -- Camp Larson (Camp Easter Seal),47.444293,-116.838583,Chatcolab NW Leadership Lab,"MA 2015-23, Chatcolab NW Leadership Lab, 1944-2000, University of Idaho Library Special Collections and Archives, http://www.lib.uidaho.edu/special-collections","Educational use includes non-commercial use of text and images in materials for teaching and research purposes. Digital reproduction permissions assigned to University of Idaho Library by Bob Carver. For more information, please contact University of Idaho Library Special Collections and Archives Department at libspec@uidaho.edu.",http://rightsstatements.org/vocab/InC-EDU/1.0/,8.5 X 11 Booklet,291,MA2015-23_1991,text,application/pdf,eng,http://cdm17254.contentdm.oclc.org/cdm/ref/collection/chatcolab/id/32,32,39.pdf,/chatcolab/image/39.pdf,chatcolab32
Chatcolab Notes from '52' - ,"Camp Packet for Chatcolab Northwest Leadership lab that contains program planning, activities, stories, and menus/recipes. Only bound materials have been scanned; this digital collection does not contain any associated ephemera from the donors notebook.",Chatcolab Northwest Leadership Lab,5/14/1952,camps (recreation areas); leadership; songs (oral or performed works); crafts (art genres); folklore,Benewah County;Plummer;Heyburn State Park;Chatcolet;Camp Heyburn,United States -- Idaho -- Benewah County -- Plummer -- Heyburn State Park -- Chatcolet -- Camp Heyburn,47.374765,-116.765278,Chatcolab NW Leadership Lab,"MA 2015-23, Chatcolab NW Leadership Lab, 1944-2000, University of Idaho Library Special Collections and Archives, http://www.lib.uidaho.edu/special-collections","Educational use includes non-commercial use of text and images in materials for teaching and research purposes. Digital reproduction permissions assigned to University of Idaho Library by Bob Carver. For more information, please contact University of Idaho Library Special Collections and Archives Department at libspec@uidaho.edu.",http://rightsstatements.org/vocab/InC-EDU/1.0/,8.5 X 11 Booklet,191,MA2015-23_1952,text,application/pdf,eng,http://cdm17254.contentdm.oclc.org/cdm/ref/collection/chatcolab/id/33,33,4.pdf,/chatcolab/image/4.pdf,chatcolab33
Chatcolab 1977 - Prospecting a Discovery in Adventure,"Camp Packet for Chatcolab Northwest Leadership lab that contains program planning, activities, stories, and menus/recipes. Only bound materials have been scanned; this digital collection does not contain any associated ephemera from the donors notebook.",Chatcolab Northwest Leadership Lab,5/8/1977,camps (recreation areas); leadership; songs (oral or performed works); crafts (art genres); folklore,Kootenai County;Worley;Camp Larson (Camp Easter Seal),United States -- Idaho -- Kootenai County -- Worley -- Camp Larson (Camp Easter Seal),47.443349,-116.837029,Chatcolab NW Leadership Lab,"MA 2015-23, Chatcolab NW Leadership Lab, 1944-2000, University of Idaho Library Special Collections and Archives, http://www.lib.uidaho.edu/special-collections","Educational use includes non-commercial use of text and images in materials for teaching and research purposes. Digital reproduction permissions assigned to University of Idaho Library by Bob Carver. For more information, please contact University of Idaho Library Special Collections and Archives Department at libspec@uidaho.edu.",http://rightsstatements.org/vocab/InC-EDU/1.0/,8.5 X 11 Booklet,336,MA2015-23_1977,text,application/pdf,eng,http://cdm17254.contentdm.oclc.org/cdm/ref/collection/chatcolab/id/34,34,40.pdf,/chatcolab/image/40.pdf,chatcolab34
Chatcolab 1992 - We Can Make a Difference,"Camp Packet for Chatcolab Northwest Leadership lab that contains program planning, activities, stories, and menus/recipes. Only bound materials have been scanned; this digital collection does not contain any associated ephemera from the donors notebook.",Chatcolab Northwest Leadership Lab,6/7/1992,camps (recreation areas); leadership; songs (oral or performed works); crafts (art genres); folklore,Kootenai County;Worley;Camp Larson (Camp Easter Seal),United States -- Idaho -- Kootenai County -- Worley -- Camp Larson (Camp Easter Seal),47.443956,-116.838162,Chatcolab NW Leadership Lab,"MA 2015-23, Chatcolab NW Leadership Lab, 1944-2000, University of Idaho Library Special Collections and Archives, http://www.lib.uidaho.edu/special-collections","Educational use includes non-commercial use of text and images in materials for teaching and research purposes. Digital reproduction permissions assigned to University of Idaho Library by Bob Carver. For more information, please contact University of Idaho Library Special Collections and Archives Department at libspec@uidaho.edu.",http://rightsstatements.org/vocab/InC-EDU/1.0/,8.5 X 11 Booklet,311,MA2015-23_1992,text,application/pdf,eng,http://cdm17254.contentdm.oclc.org/cdm/ref/collection/chatcolab/id/35,35,41.pdf,/chatcolab/image/41.pdf,chatcolab35
Chatcolab 1993 - A Journey into Leadership,"Camp Packet for Chatcolab Northwest Leadership lab that contains program planning, activities, stories, and menus/recipes. Only bound materials have been scanned; this digital collection does not contain any associated ephemera from the donors notebook.",Chatcolab Northwest Leadership Lab,6/6/1993,camps (recreation areas); leadership; songs (oral or performed works); crafts (art genres); folklore,Kootenai County;Worley;Camp Larson (Camp Easter Seal),United States -- Idaho -- Kootenai County -- Worley -- Camp Larson (Camp Easter Seal),47.443896,-116.837259,Chatcolab NW Leadership Lab,"MA 2015-23, Chatcolab NW Leadership Lab, 1944-2000, University of Idaho Library Special Collections and Archives, http://www.lib.uidaho.edu/special-collections","Educational use includes non-commercial use of text and images in materials for teaching and research purposes. Digital reproduction permissions assigned to University of Idaho Library by Bob Carver. For more information, please contact University of Idaho Library Special Collections and Archives Department at libspec@uidaho.edu.",http://rightsstatements.org/vocab/InC-EDU/1.0/,8.5 X 11 Booklet,379,MA2015-23_1993,text,application/pdf,eng,http://cdm17254.contentdm.oclc.org/cdm/ref/collection/chatcolab/id/36,36,42.pdf,/chatcolab/image/42.pdf,chatcolab36
Chatcolab 1994 - A Recipe for Leadership,"Camp Packet for Chatcolab Northwest Leadership lab that contains program planning, activities, stories, and menus/recipes. Only bound materials have been scanned; this digital collection does not contain any associated ephemera from the donors notebook.",Chatcolab Northwest Leadership Lab,6/5/1994,camps (recreation areas); leadership; songs (oral or performed works); crafts (art genres); folklore,United States;Washington;Stevens County;Loon Lake;Camp Gifford,United States -- Washington -- Stevens County -- Loon Lake -- Camp Gifford,48.115492,-117.603302,Chatcolab NW Leadership Lab,"MA 2015-23, Chatcolab NW Leadership Lab, 1944-2000, University of Idaho Library Special Collections and Archives, http://www.lib.uidaho.edu/special-collections","Educational use includes non-commercial use of text and images in materials for teaching and research purposes. Digital reproduction permissions assigned to University of Idaho Library by Bob Carver. For more information, please contact University of Idaho Library Special Collections and Archives Department at libspec@uidaho.edu.",http://rightsstatements.org/vocab/InC-EDU/1.0/,8.5 X 11 Booklet,373,MA2015-23_1994,text,application/pdf,eng,http://cdm17254.contentdm.oclc.org/cdm/ref/collection/chatcolab/id/37,37,43.pdf,/chatcolab/image/43.pdf,chatcolab37
Chatcolab 1995 - Stepping Stones,"Camp Packet for Chatcolab Northwest Leadership lab that contains program planning, activities, stories, and menus/recipes. Only bound materials have been scanned; this digital collection does not contain any associated ephemera from the donors notebook.",Chatcolab Northwest Leadership Lab,6/4/1995,camps (recreation areas); leadership; songs (oral or performed works); crafts (art genres); folklore,Kootenai County;Worley;Camp Larson (Camp Easter Seal),United States -- Idaho -- Kootenai County -- Worley -- Camp Larson (Camp Easter Seal),47.442509,-116.838261,Chatcolab NW Leadership Lab,"MA 2015-23, Chatcolab NW Leadership Lab, 1944-2000, University of Idaho Library Special Collections and Archives, http://www.lib.uidaho.edu/special-collections","Educational use includes non-commercial use of text and images in materials for teaching and research purposes. Digital reproduction permissions assigned to University of Idaho Library by Bob Carver. For more information, please contact University of Idaho Library Special Collections and Archives Department at libspec@uidaho.edu.",http://rightsstatements.org/vocab/InC-EDU/1.0/,8.5 X 11 Booklet,414,MA2015-23_1995,text,application/pdf,eng,http://cdm17254.contentdm.oclc.org/cdm/ref/collection/chatcolab/id/38,38,44.pdf,/chatcolab/image/44.pdf,chatcolab38
Chatcolab 1978 - Celebrating 30 Years,"Camp Packet for Chatcolab Northwest Leadership lab that contains program planning, activities, stories, and menus/recipes. Only bound materials have been scanned; this digital collection does not contain any associated ephemera from the donors notebook.",Chatcolab Northwest Leadership Lab,5/14/1978,camps (recreation areas); leadership; songs (oral or performed works); crafts (art genres); folklore,Kootenai County;Worley;Camp Larson (Camp Easter Seal),United States -- Idaho -- Kootenai County -- Worley -- Camp Larson (Camp Easter Seal),47.443548,-116.836766,Chatcolab NW Leadership Lab,"MA 2015-23, Chatcolab NW Leadership Lab, 1944-2000, University of Idaho Library Special Collections and Archives, http://www.lib.uidaho.edu/special-collections","Educational use includes non-commercial use of text and images in materials for teaching and research purposes. Digital reproduction permissions assigned to University of Idaho Library by Bob Carver. For more information, please contact University of Idaho Library Special Collections and Archives Department at libspec@uidaho.edu.",http://rightsstatements.org/vocab/InC-EDU/1.0/,8.5 X 11 Booklet,313,MA2015-23_1978,text,application/pdf,eng,http://cdm17254.contentdm.oclc.org/cdm/ref/collection/chatcolab/id/39,39,45.pdf,/chatcolab/image/45.pdf,chatcolab39
Chatcolab 1979 - Seek a Rainbow Color it You,"Camp Packet for Chatcolab Northwest Leadership lab that contains program planning, activities, stories, and menus/recipes. Only bound materials have been scanned; this digital collection does not contain any associated ephemera from the donors notebook.",Chatcolab Northwest Leadership Lab,5/13/1979,camps (recreation areas); leadership; songs (oral or performed works); crafts (art genres); folklore,Kootenai County;Worley;Camp Larson (Camp Easter Seal),United States -- Idaho -- Kootenai County -- Worley -- Camp Larson (Camp Easter Seal),47.443172,-116.837511,Chatcolab NW Leadership Lab,"MA 2015-23, Chatcolab NW Leadership Lab, 1944-2000, University of Idaho Library Special Collections and Archives, http://www.lib.uidaho.edu/special-collections","Educational use includes non-commercial use of text and images in materials for teaching and research purposes. Digital reproduction permissions assigned to University of Idaho Library by Bob Carver. For more information, please contact University of Idaho Library Special Collections and Archives Department at libspec@uidaho.edu.",http://rightsstatements.org/vocab/InC-EDU/1.0/,8.5 X 11 Booklet,373,MA2015-23_1979,text,application/pdf,eng,http://cdm17254.contentdm.oclc.org/cdm/ref/collection/chatcolab/id/40,40,46.pdf,/chatcolab/image/46.pdf,chatcolab40
Chatcolab 1980 - Bloom and Grow,"Camp Packet for Chatcolab Northwest Leadership lab that contains program planning, activities, stories, and menus/recipes. Only bound materials have been scanned; this digital collection does not contain any associated ephemera from the donors notebook.",Chatcolab Northwest Leadership Lab,5/11/1980,camps (recreation areas); leadership; songs (oral or performed works); crafts (art genres); folklore,Kootenai County;Worley;Camp Larson (Camp Easter Seal),United States -- Idaho -- Kootenai County -- Worley -- Camp Larson (Camp Easter Seal),47.442447,-116.839272,Chatcolab NW Leadership Lab,"MA 2015-23, Chatcolab NW Leadership Lab, 1944-2000, University of Idaho Library Special Collections and Archives, http://www.lib.uidaho.edu/special-collections","Educational use includes non-commercial use of text and images in materials for teaching and research purposes. Digital reproduction permissions assigned to University of Idaho Library by Bob Carver. For more information, please contact University of Idaho Library Special Collections and Archives Department at libspec@uidaho.edu.",http://rightsstatements.org/vocab/InC-EDU/1.0/,8.5 X 11 Booklet,201,MA2015-23_1980,text,application/pdf,eng,http://cdm17254.contentdm.oclc.org/cdm/ref/collection/chatcolab/id/41,41,47.pdf,/chatcolab/image/47.pdf,chatcolab41
Chatcolab 1953 - To know is to care - to care is to share,"Camp Packet for Chatcolab Northwest Leadership lab that contains program planning, activities, stories, and menus/recipes. Only bound materials have been scanned; this digital collection does not contain any associated ephemera from the donors notebook.",Chatcolab Northwest Leadership Lab,5/13/1953,camps (recreation areas); leadership; songs (oral or performed works); crafts (art genres); folklore,Benewah County;Plummer;Heyburn State Park;Chatcolet;Camp Heyburn,United States -- Idaho -- Benewah County -- Plummer -- Heyburn State Park -- Chatcolet -- Camp Heyburn,47.373648,-116.762428,Chatcolab NW Leadership Lab,"MA 2015-23, Chatcolab NW Leadership Lab, 1944-2000, University of Idaho Library Special Collections and Archives, http://www.lib.uidaho.edu/special-collections","Educational use includes non-commercial use of text and images in materials for teaching and research purposes. Digital reproduction permissions assigned to University of Idaho Library by Bob Carver. For more information, please contact University of Idaho Library Special Collections and Archives Department at libspec@uidaho.edu.",http://rightsstatements.org/vocab/InC-EDU/1.0/,8.5 X 11 Booklet,139,MA2015-23_1953,text,application/pdf,eng,http://cdm17254.contentdm.oclc.org/cdm/ref/collection/chatcolab/id/42,42,5.pdf,/chatcolab/image/5.pdf,chatcolab42
Chatcolab 1954 - Our Peace Through Participation,"Camp Packet for Chatcolab Northwest Leadership lab that contains program planning, activities, stories, and menus/recipes. Only bound materials have been scanned; this digital collection does not contain any associated ephemera from the donors notebook.",Chatcolab Northwest Leadership Lab,5/12/1954,camps (recreation areas); leadership; songs (oral or performed works); crafts (art genres); folklore,Benewah County;Plummer;Heyburn State Park;Chatcolet;Camp Heyburn,United States -- Idaho -- Benewah County -- Plummer -- Heyburn State Park -- Chatcolet -- Camp Heyburn,47.374482,-116.764016,Chatcolab NW Leadership Lab,"MA 2015-23, Chatcolab NW Leadership Lab, 1944-2000, University of Idaho Library Special Collections and Archives, http://www.lib.uidaho.edu/special-collections","Educational use includes non-commercial use of text and images in materials for teaching and research purposes. Digital reproduction permissions assigned to University of Idaho Library by Bob Carver. For more information, please contact University of Idaho Library Special Collections and Archives Department at libspec@uidaho.edu.",http://rightsstatements.org/vocab/InC-EDU/1.0/,8.5 X 11 Booklet,120,MA2015-23_1954,text,application/pdf,eng,http://cdm17254.contentdm.oclc.org/cdm/ref/collection/chatcolab/id/43,43,6.pdf,/chatcolab/image/6.pdf,chatcolab43
Chatcolab 1955 - A Menu for Fun,"Camp Packet for Chatcolab Northwest Leadership lab that contains program planning, activities, stories, and menus/recipes. Only bound materials have been scanned; this digital collection does not contain any associated ephemera from the donors notebook.",Chatcolab Northwest Leadership Lab,5/15/1955,camps (recreation areas); leadership; songs (oral or performed works); crafts (art genres); folklore,Benewah County;Plummer;Heyburn State Park;Chatcolet;Camp Heyburn,United States -- Idaho -- Benewah County -- Plummer -- Heyburn State Park -- Chatcolet -- Camp Heyburn,47.375943,-116.766037,Chatcolab NW Leadership Lab,"MA 2015-23, Chatcolab NW Leadership Lab, 1944-2000, University of Idaho Library Special Collections and Archives, http://www.lib.uidaho.edu/special-collections","Educational use includes non-commercial use of text and images in materials for teaching and research purposes. Digital reproduction permissions assigned to University of Idaho Library by Bob Carver. For more information, please contact University of Idaho Library Special Collections and Archives Department at libspec@uidaho.edu.",http://rightsstatements.org/vocab/InC-EDU/1.0/,8.5 X 11 Booklet,134,MA2015-23_1955,text,application/pdf,eng,http://cdm17254.contentdm.oclc.org/cdm/ref/collection/chatcolab/id/44,44,7.pdf,/chatcolab/image/7.pdf,chatcolab44
Chatcolab 1956 - Family Fun Fest,"Camp Packet for Chatcolab Northwest Leadership lab that contains program planning, activities, stories, and menus/recipes. Only bound materials have been scanned; this digital collection does not contain any associated ephemera from the donors notebook.",Chatcolab Northwest Leadership Lab,5/12/1956,camps (recreation areas); leadership; songs (oral or performed works); crafts (art genres); folklore,Benewah County;Plummer;Heyburn State Park;Chatcolet;Camp Heyburn,United States -- Idaho -- Benewah County -- Plummer -- Heyburn State Park -- Chatcolet -- Camp Heyburn,47.373926,-116.764578,Chatcolab NW Leadership Lab,"MA 2015-23, Chatcolab NW Leadership Lab, 1944-2000, University of Idaho Library Special Collections and Archives, http://www.lib.uidaho.edu/special-collections","Educational use includes non-commercial use of text and images in materials for teaching and research purposes. Digital reproduction permissions assigned to University of Idaho Library by Bob Carver. For more information, please contact University of Idaho Library Special Collections and Archives Department at libspec@uidaho.edu.",http://rightsstatements.org/vocab/InC-EDU/1.0/,8.5 X 11 Booklet,98,MA2015-23_1956,text,application/pdf,eng,http://cdm17254.contentdm.oclc.org/cdm/ref/collection/chatcolab/id/45,45,8.pdf,/chatcolab/image/8.pdf,chatcolab45
Chatcolab 1957 - B-U (Be You),"Camp Packet for Chatcolab Northwest Leadership lab that contains program planning, activities, stories, and menus/recipes. Only bound materials have been scanned; this digital collection does not contain any associated ephemera from the donors notebook.",Chatcolab Northwest Leadership Lab,5/12/1957,camps (recreation areas); leadership; songs (oral or performed works); crafts (art genres); folklore,Benewah County;Plummer;Heyburn State Park;Chatcolet;Camp Heyburn,United States -- Idaho -- Benewah County -- Plummer -- Heyburn State Park -- Chatcolet -- Camp Heyburn,47.375554,-116.761731,Chatcolab NW Leadership Lab,"MA 2015-23, Chatcolab NW Leadership Lab, 1944-2000, University of Idaho Library Special Collections and Archives, http://www.lib.uidaho.edu/special-collections","Educational use includes non-commercial use of text and images in materials for teaching and research purposes. Digital reproduction permissions assigned to University of Idaho Library by Bob Carver. For more information, please contact University of Idaho Library Special Collections and Archives Department at libspec@uidaho.edu.",http://rightsstatements.org/vocab/InC-EDU/1.0/,8.5 X 11 Booklet,201,MA2015-23_1957,text,application/pdf,eng,http://cdm17254.contentdm.oclc.org/cdm/ref/collection/chatcolab/id/46,46,9.pdf,/chatcolab/image/9.pdf,chatcolab46
Chatcolab 1996 - Blast Off to New Horizons,"Camp Packet for Chatcolab Northwest Leadership lab that contains program planning, activities, stories, and menus/recipes. Only bound materials have been scanned; this digital collection does not contain any associated ephemera from the donors notebook.",Chatcolab Northwest Leadership Lab,6/2/1996,camps (recreation areas); leadership; songs (oral or performed works); crafts (art genres); folklore,Kootenai County;Worley;Camp Larson (Camp Easter Seal),United States -- Idaho -- Kootenai County -- Worley -- Camp Larson (Camp Easter Seal),47.442999,-116.837669,Chatcolab NW Leadership Lab,"MA 2015-23, Chatcolab NW Leadership Lab, 1944-2000, University of Idaho Library Special Collections and Archives, http://www.lib.uidaho.edu/special-collections","In Copyright ??? Educational Use Permitted. Digital reproduction rights assigned to University of Idaho Library by contributing institution. For more information, please contact University of Idaho Library Special Collections and Archives Department at libspec@uidaho.edu.",http://rightsstatements.org/vocab/InC-EDU/1.0/,8.5 X 11 Booklet,306,MA2015-23_1996,text,application/pdf,eng,http://cdm17254.contentdm.oclc.org/cdm/ref/collection/chatcolab/id/47,47,48.pdf,/chatcolab/image/48.pdf,chatcolab47
Chatcolab 1997 - Blaze Your Trail to Leadership,"Camp Packet for Chatcolab Northwest Leadership lab that contains program planning, activities, stories, and menus/recipes. Only bound materials have been scanned; this digital collection does not contain any associated ephemera from the donors notebook.",Chatcolab Northwest Leadership Lab,5/18/1997,camps (recreation areas); leadership; songs (oral or performed works); crafts (art genres); folklore,Kootenai County;Worley;Camp Larson (Camp Easter Seal),United States -- Idaho -- Kootenai County -- Worley -- Camp Larson (Camp Easter Seal),47.443981,-116.839249,Chatcolab NW Leadership Lab,"MA 2015-23, Chatcolab NW Leadership Lab, 1944-2000, University of Idaho Library Special Collections and Archives, http://www.lib.uidaho.edu/special-collections","In Copyright ??? Educational Use Permitted. Digital reproduction rights assigned to University of Idaho Library by contributing institution. For more information, please contact University of Idaho Library Special Collections and Archives Department at libspec@uidaho.edu.",http://rightsstatements.org/vocab/InC-EDU/1.0/,8.5 X 11 Booklet,318,MA2015-23_1997,text,application/pdf,eng,http://cdm17254.contentdm.oclc.org/cdm/ref/collection/chatcolab/id/48,48,49.pdf,/chatcolab/image/49.pdf,chatcolab48
Chatcolab 1998 - Golden Gates to Leadership (50th Chat),"Camp Packet for Chatcolab Northwest Leadership lab that contains program planning, activities, stories, and menus/recipes. Only bound materials have been scanned; this digital collection does not contain any associated ephemera from the donors notebook.",Chatcolab Northwest Leadership Lab,6/8/1998,camps (recreation areas); leadership; songs (oral or performed works); crafts (art genres); folklore,Kootenai County;Worley;Camp Larson (Camp Easter Seal),United States -- Idaho -- Kootenai County -- Worley -- Camp Larson (Camp Easter Seal),47.44391,-116.838293,Chatcolab NW Leadership Lab,"MA 2015-23, Chatcolab NW Leadership Lab, 1944-2000, University of Idaho Library Special Collections and Archives, http://www.lib.uidaho.edu/special-collections","In Copyright ??? Educational Use Permitted. Digital reproduction rights assigned to University of Idaho Library by contributing institution. For more information, please contact University of Idaho Library Special Collections and Archives Department at libspec@uidaho.edu.",http://rightsstatements.org/vocab/InC-EDU/1.0/,8.5 X 11 Booklet,317,MA2015-23_1998,text,application/pdf,eng,http://cdm17254.contentdm.oclc.org/cdm/ref/collection/chatcolab/id/49,49,50.pdf,/chatcolab/image/50.pdf,chatcolab49
Chatcolab 1999 - Get the Scoop on 1999,"Camp Packet for Chatcolab Northwest Leadership lab that contains program planning, activities, stories, and menus/recipes. Only bound materials have been scanned; this digital collection does not contain any associated ephemera from the donors notebook.",Chatcolab Northwest Leadership Lab,6/5/1999,camps (recreation areas); leadership; songs (oral or performed works); crafts (art genres); folklore,Kootenai County;Worley;Camp Larson (Camp Easter Seal),United States -- Idaho -- Kootenai County -- Worley -- Camp Larson (Camp Easter Seal),47.444295,-116.837753,Chatcolab NW Leadership Lab,"MA 2015-23, Chatcolab NW Leadership Lab, 1944-2000, University of Idaho Library Special Collections and Archives, http://www.lib.uidaho.edu/special-collections","In Copyright ??? Educational Use Permitted. Digital reproduction rights assigned to University of Idaho Library by contributing institution. For more information, please contact University of Idaho Library Special Collections and Archives Department at libspec@uidaho.edu.",http://rightsstatements.org/vocab/InC-EDU/1.0/,8.5 X 11 Booklet,152,MA2015-23_1999,text,application/pdf,eng,http://cdm17254.contentdm.oclc.org/cdm/ref/collection/chatcolab/id/50,50,51.pdf,/chatcolab/image/51.pdf,chatcolab50
Chatcolab 2000 - Catch Ideas and Release Knowledge,"Camp Packet for Chatcolab Northwest Leadership lab that contains program planning, activities, stories, and menus/recipes. Only bound materials have been scanned; this digital collection does not contain any associated ephemera from the donors notebook.",Chatcolab Northwest Leadership Lab,6/18/2000,camps (recreation areas); leadership; songs (oral or performed works); crafts (art genres); folklore,Kootenai County;Worley;Camp Larson (Camp Easter Seal),United States -- Idaho -- Kootenai County -- Worley -- Camp Larson (Camp Easter Seal),47.443378,-116.839678,Chatcolab NW Leadership Lab,"MA 2015-23, Chatcolab NW Leadership Lab, 1944-2000, University of Idaho Library Special Collections and Archives, http://www.lib.uidaho.edu/special-collections","In Copyright ??? Educational Use Permitted. Digital reproduction rights assigned to University of Idaho Library by contributing institution. For more information, please contact University of Idaho Library Special Collections and Archives Department at libspec@uidaho.edu.",http://rightsstatements.org/vocab/InC-EDU/1.0/,8.5 X 11 Booklet,196,MA2015-23_2000,text,application/pdf,eng,http://cdm17254.contentdm.oclc.org/cdm/ref/collection/chatcolab/id/51,51,52.pdf,/chatcolab/image/52.pdf,chatcolab51
History of Chatcolab,"A presentation on the history of Chatcholab, its principles, and what recreational leadership camps have become.",Chatcolab Northwest Leadership Lab,6/14/2014,,Kootenai County;Rathdrum;Twinlow Camp and Retreat Center,United States -- Idaho -- Kootenai County -- Rathdrum -- Twinlow Camp and Retreat Center,47.877013,-116.857085,Chatcolab NW Leadership Lab,"MA 2015-23, Chatcolab NW Leadership Lab, 1944-2000, University of Idaho Library Special Collections and Archives, http://www.lib.uidaho.edu/special-collections","In Copyright ??? Educational Use Permitted. Digital reproduction rights assigned to University of Idaho Library by contributing institution. For more information, please contact University of Idaho Library Special Collections and Archives Department at libspec@uidaho.edu.",http://rightsstatements.org/vocab/InC-EDU/1.0/,8.5 X 11 Booklet,11,MA2015-23_History_of_Chatco,text,application/pdf,eng,http://cdm17254.contentdm.oclc.org/cdm/ref/collection/chatcolab/id/52,52,53.pdf,/chatcolab/image/53.pdf,chatcolab52
