colltitle,shorttitle,cdmtitle,Items,webitems,TSV File,Google Sheet,Data Validation,cpd entries,digital-archive-location,digital-archive-size,Type,Alpha,CDMID,Website,path,short_desc,Description,Subjects,MediaType,Location,Lat,Long,TimeStart,TimeEnd,Image,ImageLink,image-number,ImageTitle,width,height,menu,fusionmap,zoom
Agricultural Experiment &amp; UI Extension Publications,UI Extension,Agricultural and Extension Publications Collection,3462,2107,,,Complete,YES,,,Collection,Agricultural,ui_ep,https://www.lib.uidaho.edu/digital/uiext/,uiext,"Primary sources for practical, research-based information on Idaho Agriculture, Forestry, Gardening, and Family and Consumer Sciences","A collaboration between the Library and University of Idaho Extension, the University of Idaho Extension and Idaho Agricultural Experiment Station Publications collection features over 2000 publications that serve as the primary source for practical, research-based information on Idaho agriculture, forestry, gardening, family and consumer sciences, and other to links.",UIResearch; Agricultural; Environmental; Idaho; UI;,documents,"Idaho; Moscow, ID (Extension Offices); 42 counties and 12 research and extension centers in Idaho",46.728077,-117.020026,1892,2011,https://www.lib.uidaho.edu/digital/uiext/images/01ext.jpg,https://digital.lib.uidaho.edu/cdm/ref/collection/ui_ep/id/13209,13209,Idaho Potato Culture Clubs | Feb. 1912,200px,316px,table timeline subjects about,,
Arbor Notes Collection,Arbor Notes,Arbor Notes,57,57,Uploaded,Created,Complete,,,,AltCollection,Arbor,arbornotes,http://digital.lib.uidaho.edu/cdm/search/collection/arbornotes,arbornotes,A Newsletter of the (University of Idaho) Arboretum Associates,"A collection of newsletters pertaining to the University of Idaho's Arboretum and Botanical Garden, including reports, gardening tips, and other information.",UI;Campus,documents,"Moscow, ID (Arboretum)",46.722532,-117.014779,1980,2017,https://www.lib.uidaho.edu/digital/images/small/arbornotes.jpg,,,Arboretum in Fall,400px,300px,,,
Barnard-Stockbridge Photograph Collection,Barnard-Stockbridge,Barnard-Stockbridge Photograph Collection,1208,1208,Uploaded,Created,Complete,,,,Collection,Barnard,bar-stock,https://www.lib.uidaho.edu/digital/barstock/,barstock,"Historical Photographs of Northern Idaho Mines, Towns, and Scenery, 1894-1964","The Barnard-Stockbridge Collection exhibits over 1000 photographs, selected from over 200,000 nitrocellulose and glass plate negatives, taken by Nellie Stockbridge and T. N. Barnard during the years 1894-1964. The photos depict various aspects of life in the Wallace/Kellogg mining area.",Idaho; Mining; Fire;,images,"Wallace, ID; Kellogg, ID; Burke, ID; Mullan, ID; Wardner, ID; Cataldo, ID; Silver Valley area in Idaho; Coeur D&apos; Alene, ID; Lolo Pass, MT;",47.474095,-115.927939,1886,1964,https://digital.lib.uidaho.edu/utils/ajaxhelper/?CISOROOT=bar-stock&amp;CISOPTR=405&amp;action=2&amp;DMSCALE=40&amp;DMWIDTH=512&amp;DMHEIGHT=450&amp;DMX=0&amp;DMY=0&amp;DMTEXT=&amp;DMROTATE=0,https://digital.lib.uidaho.edu/cdm/ref/collection/barstock/id/405,405,"Hercules Mill, Burke (Idaho), 1907",400px,352px,table map timeline subjects all about,1vAfzCZfzcPSCRLAipILpiygJRUhkScVaA6RgTbE,9
The Big Burn Collection,Big Burn,Big Burn Collection,65,65,Uploaded,Created,Completed: Rights updated,YES,,,Exhibit,Big,bigburn,https://www.lib.uidaho.edu/digital/bigburn/,bigburn,An exhibition of materials related to the 'Big Burn' fires of 1910,"The Big Burn Collection is an online exhibit of materials related to the &apos;Big Burn&apos; fires of 1910 that devastated much of Northern Idaho and Northwest Montana. The collection includes photographs, documents, first-person accounts, and oral histories pertaining to the fires and the local and national responses to them.",Idaho; Mining; Fire;,images,"Wallace, Idaho; Lolo Pass, Mont.; Selway-Bitterroot, Idaho",47.487853,-115.872459,1910,1910,https://digital.lib.uidaho.edu/utils/ajaxhelper/?CISOROOT=bigburn&amp;CISOPTR=58&amp;action=2&amp;DMSCALE=12.89169&amp;DMWIDTH=600&amp;DMHEIGHT=600&amp;DMX=0&amp;DMY=0&amp;DMTEXT=&amp;DMROTATE=0,https://digital.lib.uidaho.edu/cdm/ref/collection/bigburn/id/58,58,"Forest Fire - Wallace Idaho Aug 20, 1910 Men burned in the fire",275px,385px,,,
Donald R. Theophilus Boxing Photograph Collection,Boxing Collection,Donald R. Theophilus Boxing Photograph Collection,53,53,Uploaded,Created,"Complete: general cleanup of text and numbers; deleted empty ""OCLC Number"" field",,,,Collection,Boxing,boxing,https://www.lib.uidaho.edu/digital/boxing,boxing,"Photographs of University of Idaho Boxers and Boxing Teams, 1934 - 1953",A digital collection comprised of 52 photographs of boxers and boxing teams from the University of Idaho,UI; Idaho; Sports,images,"University of Idaho; Sacramento, California;",46.727485,-117.014185,1934,1953,https://digital.lib.uidaho.edu/utils/ajaxhelper/?CISOROOT=boxing&amp;CISOPTR=5&amp;action=2&amp;DMSCALE=45&amp;DMWIDTH=512&amp;DMHEIGHT=482&amp;DMX=0&amp;DMY=0&amp;DMTEXT=&amp;DMROTATE=0,https://digital.lib.uidaho.edu/cdm/ref/collection/boxing/id/5,5,1947-1948 University of Idaho boxing squad,400px,377px,timeline all,,
Bunker Hill Labor Collection,Bunker Hill,Bunker Hill Labor History Collection,463,463,Uploaded,Created,Complete,,,,Collection,Bunker,bunkerhill,https://digital.lib.uidaho.edu/cdm/landingpage/collection/bunkerhill,bunkerhill,463 letters of correspondence between the mangers and owners of the Bunker Hill Mine and Sullivan M. &amp; C. Co.,The Bunker Hill Labor History Collection is 463 letters of correspondence between the mangers and owners of the Bunker Hill Mine &amp; Sullivan M. &amp; C. Co.,Idaho; Mining; Labor;,documents; correspondence,"Wardner, ID",47.523164,-116.13419,1899,1902,https://www.lib.uidaho.edu/digital/bigburn/other/MG367-10-116j.jpg,https://digital.lib.uidaho.edu/cdm/ref/collection/bigburn/id/45,45,Forest Fire 1910 - Bunker Hill correspondence,400px,351px,,,
Mark Brooks Calnon Collection,Calnon Collection,Mark Calnon Collection,52,52,Uploaded,Created,Complete,,,,Collection,Calnon,calnon,https://www.lib.uidaho.edu/digital/calnon/index.html,calnon,"Materials from the life of Mark B. Calnon, World War II Pilot and Prisoner of War","The Mark Brooks Calnon Collection consists of estate materials from 2nd. Lt. Mark Brooks Calnon, including memorabilia relating to his experiences in World War II as a pilot and prisoner of war. The collection includes photographs, documents, an oral history (audio/video/transcript), and a copy of Calnon&apos;s book, Some Lived, Some Died It Was Understood. The collection was put together by Journalism and Mass Media Professor Denise Bennett as part of a Seed Grant funded project.",Idaho; Labor; War;,documents; images; audio; video,"Boise, ID; Germany",43.61349,-116.227996,1941,2013,https://digital.lib.uidaho.edu/utils/ajaxhelper/?CISOROOT=calnon&amp;CISOPTR=15&amp;action=2&amp;DMSCALE=20&amp;DMWIDTH=912&amp;DMHEIGHT=512&amp;DMX=0&amp;DMY=0&amp;DMTEXT=&amp;DMROTATE=0,https://digital.lib.uidaho.edu/cdm/ref/collection/calnon/id/15,15,B17 Crew Portrait,592px,474px,video interview all about,,
UI Campus Photograph Collection,Campus Collection,University of Idaho Campus Photographs Collection (PG1),3119,3119,Uploaded,Created,Completed: Rights fireld updated; Standardized Rights field added; sorted,,,,CampusCollection,Campus,pg1,https://www.lib.uidaho.edu/digital/campus/,campus,3000 historical photographs of the UI Campus from 1889 to the present,The University of Idaho Campus Photograph Collection contains over 3000 historical photographs of the UI Campus from 1889 to the present.,Campus; UI;,images,University of Idaho,46.728014,-117.011009,1889,2014,https://digital.lib.uidaho.edu/utils/ajaxhelper/?CISOROOT=pg1&amp;CISOPTR=1288&amp;action=2&amp;DMSCALE=18.00000&amp;DMWIDTH=1000&amp;DMHEIGHT=1000&amp;DMX=0&amp;DMY=0&amp;DMTEXT=&amp;DMROTATE=0,https://digital.lib.uidaho.edu/cdm/ref/collection/pg1/id/1288,1288,"Administration Building, University of Idaho from southeast. [52-4]",400px,315px,,,
Cattle Producer's Handbook Collection,Cattle Handbook,Cattle Producer's Handbook Collection,12,12,Uploaded,Created,"Complete - reformatted names, dates, general clean up - left the rights statements as is (seems unique?)",YES,,,AltCollection,Cattle,cattle,http://digital.lib.uidaho.edu/cdm/search/collection/cattle,cattle,Handbook prepared regularly by the Western Beef Resource Committee (WBRC),"The Cattle Producer's Handbook is prepared by the Western Beef Resource Committee (WBRC), which consists of beef specialists, economists, range scientists, animal nutritionists, county educators, and veterinarians from the Cooperative Extension System and cattle industry.",UIResearch; Agricultural; Environmental; Idaho; UI;,documents,"Twin Falls, ID",42.562404,-114.460263,2014,2018,https://www.lib.uidaho.edu/digital/images/small/cattle.jpg,na,,Image from Cow-Calf Management Guide Website,493px,113px,,,
Chatcolab NW Leadership Lab Collection,Chatcolab Collection,Chatcolab NW Leadership Lab,47,47,Uploaded,Created,Complete,,,,AltCollection,Chatcolab,chatcolab,https://www.lib.uidaho.edu/digital/chatcolab/,chatcolab,A collection of packets from the Chatcolet Northwest Leadership Lab,The Chatcolab Northwest Leadership Laboratory has been running each summer since 1949. Chatcolab offers a unique opportunity to build leadership by engaging in the creative planning and then sharing of a recreational experience. This collection of packets was donated by Bob Carver to the University of Idaho Library and digitized by the digital initiatives unit in 2017.,Idaho;Northwest;,documents,"Rathdrum, Idaho",47.877418,-116.856805,1949,1995,https://www.lib.uidaho.edu/digital/images/small/chatcolab.jpg,http://digital.lib.uidaho.edu/cdm/ref/collection/chatcolab/id/12,12,Chatcolab Packet 1968,400px,516px,table,,
Idaho Civilian Conservation Corps,CCC Collection,Idaho Civilian Conservation Corps,1749,1749,Uploaded,Created,Complete - Items 1220-1246 were shifted right 1 column,,,,Collection,Civilian,cccidaho,https://www.lib.uidaho.edu/digital/cccidaho/,cccidaho,"A collection of maps, images, and documents pertinent to the history of the CCC in Idaho","A collection of maps, images, and documents pertinent to the history of the CCC in Idaho representing the research discoveries of Patricia Hart and Ivar Nelson, who spent over two years traveling across the state to find and scan materials related to the CCC.",Idaho; Fire; Forests; Wilderness,images; documents; links; maps;,Idaho,47.012456,-116.265435,1933,1942,https://digital.lib.uidaho.edu/utils/ajaxhelper/?CISOROOT=cccidaho&amp;CISOPTR=0&amp;action=2&amp;DMSCALE=33&amp;DMWIDTH=400&amp;DMHEIGHT=315&amp;DMX=0&amp;DMY=0&amp;DMTEXT=&amp;DMROTATE=0&amp;DMID,https://digital.lib.uidaho.edu/cdm/ref/collection/cccidaho/id/0,0,Camp Deep Creek,400px,315px,map subjects timeline all about,1fOsHOjuTQA1pW8Nq9yxmUpvhh5fnzr1odi9KfpK3,
Columbia River Basin Project - PNW Dam Construction,Coulee Dam Collection,Columbia River Basin Project - Dam Construction in the Pacific Northwest,456,456,Uploaded,Created,Complete,,,,Collection,Columbia,crbproj,https://www.lib.uidaho.edu/digital/crbp/,crbp,"Historical photographs of Grand Coulee Dam and Columbia River Basin Project construction, 1933-1965","Digitized photographs pertaining to the Columbia Basin Project. Special emphasis is placed on the construction of Grand Coulee Dam, the canal systems of Central Washington, and numerous other dams in the Inland Northwest.",Dams; Construction Water; Northwest;,images,"Grand Coulee, WA; Canal systems of Central Washington",47.959223,-118.974938,1933,1965,https://digital.lib.uidaho.edu/utils/ajaxhelper/?CISOROOT=crbproj&amp;CISOPTR=1040&amp;action=2&amp;DMSCALE=15&amp;DMWIDTH=512&amp;DMHEIGHT=460&amp;DMX=0&amp;DMY=0&amp;DMTEXT=&amp;DMROTATE=0,https://digital.lib.uidaho.edu/cdm/ref/collection/crbproj/id/1040,1040,Man stands on siphon,400px,359px,table map timeline all about,1vAfzCZfzcPSCRLAipILpiygJRUhkScVaA6RgTbE,8
Digital Scholarship Collection,Digital Scholarship,Digital Scholarship Collection,4,4,Uploaded,Created,Complete,,,,AltCollection,Digital,digschol,https://digital.lib.uidaho.edu/cdm/search/collection/digschol,digschol,Website records of past digital scholarship at the University of Idaho,Website records of past digital scholarship at the University of Idaho,UIResearch,urls,University of Idaho,46.728014,-117.011009,2000,2015,,na,,,na,na,,,
Dworshak Dam Collection,Dworshak Dam,Dworshak Dam Collection,501,501,Uploaded,Created,Complete - Removed compound objects,YES,,,Collection,Dworshak,dworshak,https://www.lib.uidaho.edu/digital/dworshak/,dworshak,"Documenting the Development and Construction of the Doworshak Dam, 1952 - 1975","Digitized photographs and documents pertaining to the planning, development and construction of the Dworshak Dam, featuring documents and photographs detailing both the legislative and physical development of the dam.",Dams; Construction; Water; Northwest; Idaho; Maps;,documents; correspondence; images,"Dworshak Dam, Idaho",46.515697,-116.296881,1952,1973,https://digital.lib.uidaho.edu/utils/ajaxhelper/?CISOROOT=dworshak&amp;CISOPTR=552&amp;action=2&amp;DMSCALE=30&amp;DMWIDTH=456&amp;DMHEIGHT=366&amp;DMX=0&amp;DMY=0&amp;DMTEXT=&amp;DMROTATE=0,https://digital.lib.uidaho.edu/cdm/ref/collection/dworshak/id/552,552,Aerial view of clearwater river before construction of Dworshak Dam,400px,321px,map timeline subjects all about,1vAfzCZfzcPSCRLAipILpiygJRUhkScVaA6RgTbE,11
Experimental Forest and Savenac Nursery Photo Archive,Exp. Forest Photos,Experimental Forests and Savenac Nursery Photo Archive,848,848,Uploaded,Created,Complete - one item was cell shifted to the left,,,,Collection,Experimental,expforsav,https://www.lib.uidaho.edu/digital/expforest/,expforest,"Historical photographs of Experimental Forests and Savenac Nursery in Northern Idaho and Northwestern Montana, 1910 - 1989","The Experimental Forest and Savenac Nursery Photo Archive contains photographs related to or depicting the establishment of two Forest Service Experimental Forests in north Idaho, Priest River and Deception Creek, and the Savenac Nursery in Montana.",Forests; Idaho; Northwest; Fire,images,"Priest River, Idaho; Deception Creek, Idaho; Savenac Nursery, Montana",48.571027,-116.823399,1910,1989,https://digital.lib.uidaho.edu/utils/ajaxhelper/?CISOROOT=expforsav&amp;CISOPTR=232&amp;action=2&amp;DMSCALE=20&amp;DMWIDTH=481&amp;DMHEIGHT=361&amp;DMX=0&amp;DMY=0&amp;DMTEXT=&amp;DMROTATE=0,https://digital.lib.uidaho.edu/cdm/ref/collection/expforsav/id/232,232,Interior view of thinning in 65-year western white pine.,400px,300px,map timeline all about,1dNyxWpPXdrA4qX-dZTEhJWdPtDUWC_7N0gODA9w,8
"Family Tree Collection, a Potlatch Forests, Inc. Newsletter",Family Tree Collection,"Family Tree Collection, a Potlatch Forests, Inc. Newsletter",180,180,Uploaded,Created,Completed: Removed Compund Object pages; Updated Rights/Standardized Rights fields;,YES,,,Collection,Family,spec_pot,https://www.lib.uidaho.edu/digital/FamilyTree/,familytree,"A Potlatch Forests, Inc. Newsletter Published from 1936-1952","The Family Tree was a newsletter published by Potlatch Forests, Inc. for their employees from 1936 - 1952. The newsletter covers local (Potlatch area) and national events, with a special focus on issues pertaining to Potlatch Forests and its loggers and other employees.",Idaho; Forests; Potlatch,documents,"Potlatch, ID",46.921354,-116.903071,1936,1952,https://www.lib.uidaho.edu/digital/FamilyTree/5009a.jpg,https://digital.lib.uidaho.edu/cdm/ref/collection/spec_pot/id/1149,1149,"The Family Tree - 1947, September",294px,400px,timeline about,,
Finding Aids (EAD),Finding Aids,Finding Aids,1106,425,Uploaded,Created,Completed: No Right/Standardized Rights Field,,,,AltCollection,Finding,spec_fa,https://digital.lib.uidaho.edu/cdm/landingpage/collection/spec_fa,spec_fa,University of Idaho Library Special Collections and Archives Guides and Descriptions,Finding Aids are guides to the physical collections held by the Library&apos;s Special Collections &amp; Archives Department. All material mentioned in these guides can be read or examined by request. See here for more information about accessing these materials.,UI; Idaho; Mining;,documents,"Moscow, ID (Library)",46.72748,-117.01396,1889,2011,,na,,,,,,,
Stanton Gilbert Fisher Collection,Fisher Collection,Stanton Gilbert Fisher Collection,50,50,Uploaded,Created,Complete: removed compound objects,YES,,,AltCollection,Fisher,fisher,https://digital.lib.uidaho.edu/cdm/landingpage/collection/fisher,fisher,"Writings and memorabilia of Stanton Gilbert Fisher, pioneer and Nez Perce War scout, 1840-1915","Writings and memorabilia of Stanton Gilbert Fisher, pioneer and Nez Perce War scout, 1840-1915. Most of the documents are Nez Perce War collectibles, such as maps, photographs and accounts of the war and its participants. The rest of the papers are personal materials related to Fisher, including autobiographical materials as well as the correspondence and census records of several of his family members.",Northwest; NativeAmericans,documents; images; clippings,"Central Idaho; Beaverhead National Forest, Montana; Whitebird battleground",45.742401,-116.310539,1840,1915,https://digital.lib.uidaho.edu/utils/ajaxhelper/?CISOROOT=fisher&amp;CISOPTR=290&amp;action=2&amp;DMSCALE=65&amp;DMWIDTH=300&amp;DMHEIGHT=473&amp;DMX=0&amp;DMY=0&amp;DMTEXT=&amp;DMROTATE=0,https://digital.lib.uidaho.edu/cdm/ref/collection/fisher/id/290,290,Colonel J. W. Redington,254px,400px,,,
Idaho Football Covers Collection,Gameday Covers,Vandal Football Program Covers Collection,148,148,Uploaded,Created,Complete,,,,Collection,Football,football,https://www.lib.uidaho.edu/digital/footballcovers/,footballcovers,"50+ Years worth of Vandal Football Gameday Program Covers, 1908 - 1967",The Idaho Vandals Football Historical Game day Program Covers Collection consists of over 50 years worth of game day program covers (1908-1967) produced for football contests that took place all over the country.,UI; Idaho; Sports,images,University of Idaho (MacLean Field &amp; Neale Stadium); Arizona; California; Montana; West Point (New York); North Dakota; Oregon; Utah; WSU &amp; UW (Washington),46.727012,-117.01645,1908,1967,https://digital.lib.uidaho.edu/utils/ajaxhelper/?CISOROOT=football&amp;CISOPTR=60&amp;action=2&amp;DMSCALE=25&amp;DMWIDTH=290&amp;DMHEIGHT=407&amp;DMX=0&amp;DMY=0&amp;DMTEXT=&amp;DMROTATE=0,https://digital.lib.uidaho.edu/cdm/ref/collection/football/id/60,60,UI vs. Farragut,285px,400px,map timeline all about,1vAfzCZfzcPSCRLAipILpiygJRUhkScVaA6RgTbE,4
Idaho Forest Wildlife and Range Experiment Station Collection,Forest Wildlife + Range,Idaho Forest Wildlife and Range Experiment Station,233,77,Uploaded,Created,Completed: updated Rights field,,,,Collection,Forest,fwres,https://www.lib.uidaho.edu/digital/fwres/,fwres,"UI-led research on topics ranging from Idaho&apos;s forests and hydrology to rangeland, fisheries, and wildlife, published from 1954 to the present","Over 200 documents and reports created by faculty in the UI Foestry Department of the College of Natural Resources, 1954 to the present",Forests; Idaho; Northwest; UI; Water; Rangeland; Wilderness,images,"Moscow, ID",46.72929,-117.012801,1954,2014,https://www.lib.uidaho.edu/digital/fwres/covers/uifwre-fnrrv7_p001.jpg,https://digital.lib.uidaho.edu/cdm/ref/collection/fwres/id/4,4,Focus on Renewable Natural Resources Fiscal 1981 Annual Report,296px,400px,table timeline subjects about,,
The Idaho Forester Collection,Forester Collection,The Idaho Forester Collection,77,233,Uploaded,Created,Complete: removed compound objects,YES,,,Collection,Forester,forester,https://www.lib.uidaho.edu/digital/forester/,forester,"The University of Idaho Forestry Department&apos;s Annual, 1917 - 1997","The Idaho Forester was published annually from 1917 - 1997 by the University of Idaho&apos;s forestry program. The journal combines research articles, UI program activities information, and analysis of the forest products industry, formerly the dominant industry in Northern Idaho. The collection was developed with the support of a Project Ceres Grant from the Center for Research Libraries and the United States Agricultural Information Network.",Forests; Idaho; Northwest; UI,documents,"Moscow, ID",46.729399,-117.012629,1917,1997,https://www.lib.uidaho.edu/digital/forester/covers/idahoforester_1935_001.jpg,https://digital.lib.uidaho.edu/cdm/ref/collection/forester/id/1104,1104,The Idaho Forester - 1935 (Vol. 17),260px,400px,table subjects about,,
Idaho Forestry Research Collection,Forestry Research,Idaho Forestry Research Collection,478,478,Uploaded,Created,Complete: Updated Rights field; added Standardized Rights field; removed PDF pages,YES,,,AltCollection,Forestry,forestryresearch,https://digital.lib.uidaho.edu/cdm/search/collection/forestryresearch,forestryresearch,Documents and images from miscellaneous collections pertaining to the history of forestry in Idaho,Documents and images from miscellaneous collections pertaining to the history of forestry in Idaho,Forests; Idaho; Northwest; UI,documents; images,Idaho,46.926875,-116.501427,1911,1983,https://digital.lib.uidaho.edu/utils/ajaxhelper/?CISOROOT=forestryresearch&amp;CISOPTR=49&amp;action=2&amp;DMSCALE=20&amp;DMWIDTH=400&amp;DMHEIGHT=315&amp;DMX=0&amp;DMY=0&amp;DMTEXT=&amp;DMROTATE=0&amp;DMID,https://digital.lib.uidaho.edu/cdm/singleitem/collection/forestryresearch/id/49/rec/40,49,DDT Application,400px,315px,,,
Fugue Literary Journal Collection,Fugue Collection,Fugue Literary Journal Collection,4300,38,Uploaded,Created,Corey in progress,YES,,,Journal,Fugue,fugue,https://digital.lib.uidaho.edu/cdm/landingpage/collection/fugue,fugue,The official literary journal of the University of Idaho&apos;s English Department,Fugue is the official literary journal of the University of Idaho&apos;s English Department.,UIResearch; UI,documents; images,University of Idaho (English Department),46.728091,-117.012692,1990,2013,https://digital.lib.uidaho.edu/utils/ajaxhelper/?CISOROOT=fugue&amp;CISOPTR=3685&amp;action=2&amp;DMSCALE=35&amp;DMWIDTH=287&amp;DMHEIGHT=442&amp;DMX=0&amp;DMY=0&amp;DMTEXT=&amp;DMROTATE=0,https://digital.lib.uidaho.edu/cdm/ref/collection/fugue/id/3889,3889,"Fugue Summer-Fall, Fall 2010 (No. 39)",260px,400px,,,
Gem of the Mountains Digital Yearbook Collection,Gem Collection,Gem of the Mountains Digital Yearbook Collection,102,102,Uploaded,Created,Complete,YES,,,CampusCollection,Gem,gem,https://www.lib.uidaho.edu/digital/gem/,gem,The official yearbook of the University of Idaho from 1903 to 2004,The Gem of the Mountains was the official yearbook of the University of Idaho from 1903 to 2004.,UI; Campus,documents; images,University of Idaho (Library),46.727332,-117.012296,1903,2004,https://www.lib.uidaho.edu/digital/img/gem.png,https://www.lib.uidaho.edu/digital/gem/,,Collection Home Page,400px,267px,,,
Guided Reading Library,Guided Reading,Guided Reading Library,122,122,Uploaded,Created,Completed: Rights statement; Stanardized rights field added; ,YES,,,AltCollection,Guided,guidedread,https://www.lib.uidaho.edu/digital/guidedreading/index.html,guidedreading,"A library of guided reading material from the University of Idaho College of Education, curated by Margaret Vaughn","The Guided Reading Library is a digital collection of short books created by students in the University of Idaho&apos;s College of Education. This library is directed by Margaret Vaughn, in collaboration with the Digital Inititiaves department of the University of Idaho Library.",UI; Education;,documents; audio,University of Idaho,46.725896,-117.012357,2013,2016,https://www.lib.uidaho.edu/digital/images/guidedreading.png,https://www.lib.uidaho.edu/digital/guidedreading/library/Bread.html,,Facts about Bread,na,na,,,
Robert E. Higgins Collection,Higgins Collection,Robert E. Higgins Collection,42,42,Uploaded,Created,Completed,,,,Collection,Higgins,higgins,https://www.flickr.com/photos/idahodigital/sets/72157626093899947/,higgins,"A collection of photographs by Robert E. Higgins, a professor of plant science at the University of Idaho from 1946 to 1999","A collection of photographs by Robert E. Higgins, a professor of plant science at the University of Idaho from 1946 to 1999. During his lifetime, Professor Higgins&apos; photographs were accepted in over 70 juried international salons, and he had one-artist exhibitions in Idaho, Washington, and California.",Idaho,images,Idaho,46.72756,-117.01412,1946,1999,https://digital.lib.uidaho.edu/utils/ajaxhelper/?CISOROOT=higgins&amp;CISOPTR=13&amp;action=2&amp;DMSCALE=35&amp;DMWIDTH=512&amp;DMHEIGHT=800&amp;DMX=0&amp;DMY=0&amp;DMTEXT=&amp;DMROTATE=0,https://digital.lib.uidaho.edu/cdm/ref/collection/higgins/id/13,13,Pioneer,260px,400px,,,
Idaho Cities &amp; Towns,Idaho Cities,Idaho Cities and Towns,1083,1083,Uploaded,Created,Complete: Rights statement updated; Standardized Rights field added.,,,,Collection,Idaho Cities,cities,https://www.lib.uidaho.edu/digital/cities/,cities,"From Aberdeen to Yellow Dog - Historical Photos of 134 Cities and Towns, 1862 - 1998",The 1083 historical photographs in the Idaho Cities &amp; Towns collection document Idaho cities and towns from the mid 1800s to the end of the twentieth century.,Idaho,images,Idaho,46.826007,-116.613768,1862,1998,https://digital.lib.uidaho.edu/utils/ajaxhelper/?CISOROOT=cities&amp;CISOPTR=30&amp;action=2&amp;DMSCALE=50&amp;DMWIDTH=467&amp;DMHEIGHT=291&amp;DMX=0&amp;DMY=0&amp;DMTEXT=&amp;DMROTATE=0,https://digital.lib.uidaho.edu/cdm/ref/collection/cities/id/30,30,"Sunday School group standing in front of church building in Avon, Idaho.",400px,249px,map timeline all subjects about,1vAfzCZfzcPSCRLAipILpiygJRUhkScVaA6RgTbE,7
Idaho Historical Aerial Photographs,Historical Aerial Photos,Idaho Historical Aerial Photographs,2021,2021,Uploaded,Created,Complete,,,,AltCollection,Idaho Historical Aerial,uiiap,https://www.lib.uidaho.edu/digital/maps/aerial.html,aerial,Historic air photos of Idaho from 1927 to the 1980s,The Idaho Historical Aerial Photographs are a collection of both oblique and vertical historic air photos ranging from 1927 to the 1980s.,Idaho; Maps; Forests; Water,images,Northern Idaho,47.431308,-116.92337,1927,1953,https://digital.lib.uidaho.edu/utils/ajaxhelper/?CISOROOT=uiiap&amp;CISOPTR=1366&amp;action=2&amp;DMSCALE=40&amp;DMWIDTH=512&amp;DMHEIGHT=439&amp;DMX=0&amp;DMY=0&amp;DMTEXT=&amp;DMROTATE=0,https://digital.lib.uidaho.edu/cdm/ref/collection/uiiap/id/1366,1366,"Harrison, Lake Coeur D&apos;Alene",325px,279px,,,
Idaho Historical Maps,Idaho Maps,Idaho Historical Maps,9,9,Uploaded,Created,Completed: RIghts Statement updated Standardized Rights statement added,,,,AltCollection,Idaho Historical Maps,spec_hm,https://digital.lib.uidaho.edu/cdm/landingpage/collection/spec_hm,spec_hm,"A small collection of large historic maps, 1887-1984","A small collection of large maps that depict the Coeur D&apos;Alene mining region, covering areas of Montana and Idaho (Shoshone County). These maps come from the Bunker Hill Mining Company Records, 1887-1984, a manuscript collection held by the University of Idaho Library&apos;s Special Collections &amp; Archives department.",Idaho; Northwest; Maps; Mining,images,Shoshone County Idaho; Wallace; Kellogg; Burke; Silver Valley; Mullan; Wardner,47.686824,-116.726818,1863,1951,https://digital.lib.uidaho.edu/utils/ajaxhelper/?CISOROOT=spec_hm&amp;CISOPTR=7&amp;action=2&amp;DMSCALE=5.47120&amp;DMWIDTH=600&amp;DMHEIGHT=600&amp;DMX=0&amp;DMY=0&amp;DMTEXT=&amp;REC=6&amp;DMTHUMB=1&amp;DMROTATE=0,https://digital.lib.uidaho.edu/cdm/ref/collection/spec_hm/id/7,7,Coeur D&apos;Alene National Forest,313px,279px,,,
Idaho Waters Digital Library,Idaho Waters,Idaho Waters Digital Library,476,478,Uploaded,Created,Complete: Standardized Rights field is empty,,,,Collection,Idaho Waters,idahowater,https://www.lib.uidaho.edu/digital/iwdl/,iwdl,"Scientific and technical reports, with an emphasis on Idaho Water Resources Research Institute reports and publications","The Idaho Waters Digital Library provides access to information resources relating to water issues in key Idaho river basins. The collection presently includes scientific and technical reports, with an emphasis on [Idaho Water Resources Research Institute](https://www.uidaho.edu/research/iwrri) reports and publications. Documents can be browsed by [Location](map.html 'Browse by Map'), [Date](timeline.html 'Browse by Time'), and [Subject Term](subjects.html 'Browse by Subject') by using the tabs above. The database can also be queried extensively using the [Table](table.html 'Browse/Search by Table') feature. This project would not have been possible without the grant support of the [United States Geological Survey](https://www.uidaho.edu/research/iwrri/aboutiwrri), the administrative support of the [Idaho Water Resources Research Institute](https://www.uidaho.edu/research/iwrri/aboutiwrri), the metadata &amp; digitization work of Warren Bromley-Vogel, and the conceptual efforts of Jodi Haire.",Idaho; Water; Wilderness; Mining; UIResearch;,documents,Coeur D&apos; Alene; Lewiston; Boise (Idaho),43.608655,-116.193734,1963,1984,https://www.lib.uidaho.edu/images/pinecreekliberalking.jpg,https://digital.lib.uidaho.edu/cdm/ref/collection/idahowater/id/71,71,Research in water resources for Idaho,400px,269px,table map timeline subjects,1J0MGzscL64r7UtVJ_D-QPyo1c1l9zQswf0ZojUA,7
"Edward John Iddings Lantern Slides, 1927",Iddings Collection,"John Edward Iddings, Lantern Slides, 1927",157,157,Uploaded,Created,Complete,,,,AltCollection,Iddings,spec_ji,https://digital.lib.uidaho.edu/cdm/landingpage/collection/spec_ji,iddings,"Slides from longtime College of Agriculture Dean, Edward John Iddings, including university-, agriculture-, and travel-related images","Edward John Iddings was the Dean of the College of Agriculture at UI from 1915 to 1946. These slides depict agricultural and university-related scenes from Idaho, as well as images from Iddings&apos; travels.",UI; Agriculture;,images,"Moscow, ID (Admin building)",46.727874,-117.028127,1927,1927,https://digital.lib.uidaho.edu/utils/ajaxhelper/?CISOROOT=spec_ji&amp;CISOPTR=426&amp;action=2&amp;DMSCALE=10&amp;DMWIDTH=352&amp;DMHEIGHT=286&amp;DMX=0&amp;DMY=0&amp;DMTEXT=&amp;DMROTATE=0,https://digital.lib.uidaho.edu/cdm/ref/collection/spec_ji/id/426,426,Scottish Highland Cattle,352px,286px,,,
Ray Brown Collection,Ray Brown,Ray Brown Collection,17,17,Uploaded,Created,Complete: Updated rights field added standardized rights field,,,,IJCCollection,IJC-Brown,ijc_brown,https://www.ijc.uidaho.edu/brown_ray/,brown_ray,Images from the Ray Brown Collection.,"A small collection of the photographs and awards of Ray Brown, a renowned jazz double bassist and cellist.",IJC; Jazz; Jazz;,images,University of Idaho (Library),46.7274,-117.01404,1953,2001,https://digital.lib.uidaho.edu/utils/ajaxhelper/?CISOROOT=ijc_brown&amp;CISOPTR=14&amp;action=2&amp;DMSCALE=30&amp;DMWIDTH=357&amp;DMHEIGHT=446&amp;DMX=0&amp;DMY=0&amp;DMTEXT=&amp;DMROTATE=0,https://digital.lib.uidaho.edu/cdm/ref/collection/ijc_brown/id/14,14,Ray Brown,320px,400px,,,
Leonard Feather Jazz Collection,Feather Jazz Collection,Leonard Feather Jazz Collection,5672,688,Uploaded,Created,Complete: Updated rights field added standardized rights field,,,,IJCCollection,IJC-Feather,lfc,https://www.ijc.uidaho.edu/feather_leonard/index.html,feather_leonard,"Papers, recordings, and photographs from the collection of Leonard Feather.","The Leonard Feather Collection includes a variety of materials that document and describe the Jazz scene during the middle of the twentieth century. Feather was born in London in 1914 and moved to New York City in 1939. He was a journalist, producer, composer and jazz critic. The collection contains- photos, notebooks, sketches, scores, correspondence, clippings, manuscripts, notes and financial papers.",IJC; Jazz;; Jazz;,images; documents; audio; illustrations; scores; correspondence; video,"Moscow, ID (Library)",46.72748,-117.01404,1900,1999,https://digital.lib.uidaho.edu/utils/ajaxhelper/?CISOROOT=lfc&amp;CISOPTR=214&amp;action=2&amp;DMSCALE=15&amp;DMWIDTH=431&amp;DMHEIGHT=344&amp;DMX=0&amp;DMY=0&amp;DMTEXT=&amp;DMROTATE=0,https://digital.lib.uidaho.edu/cdm/ref/collection/lfc/id/214,214,Leonard Feather and Maragaret Sands at the Savoy Ballroom,400px,319px,,,
Dizzy Gillespie Collection,Dizzy Gillespie Collection,Dizzy Gillespie Collection,18,18,Uploaded,Created,Complete: Updated rights field added standardized rights field,YES,,,IJCCollection,IJC-Gillespie,ijcdg,https://www.ijc.uidaho.edu/gillespie_dizzy/index.html,gillespie_dizzy,Images and memorabilia from the Dizzy Gillespie Collection.,This collection was assembled by Special Collections and Archives of the University of Idaho Library with materials donated by Mrs. Gillespie. The collection contains fifteen items that belonged to the artist.,IJC; Jazz;,memorabilia,University of Idaho (Library),46.72732,-117.01412,1987,2000,https://digital.lib.uidaho.edu/utils/ajaxhelper/?CISOROOT=ijcdg&amp;CISOPTR=6&amp;action=2&amp;DMSCALE=15&amp;DMWIDTH=451&amp;DMHEIGHT=307&amp;DMX=0&amp;DMY=0&amp;DMTEXT=&amp;DMROTATE=0,https://digital.lib.uidaho.edu/cdm/ref/collection/ijcdg/id/6,6,Plaster Mask,400px,272px,,,
Al Grey -Rosalie Soladar Memorial Collection,Al Grey  Collection,Al Grey-Rosalie Soladar Memorial Collection,255,255,Uploaded,Created,Complete: Updated rights field added standardized rights field,,,,IJCCollection,IJC-Grey,ijcag,https://www.ijc.uidaho.edu/grey_al/index.html,grey_al,Awards and photographs from the Al Grey Collection,Al Grey was a jazz trombonist and bandleader. Rosalie Soladar was his companion and personal manager. Materials in this collection span most of Grey&apos;s career after their partnership. The digital collection includes photographs and images of awards and ephemera,IJC; Jazz;,images,University of Idaho (Library),46.7274,-117.01412,1989,2000,https://digital.lib.uidaho.edu/utils/ajaxhelper/?CISOROOT=ijcag&amp;CISOPTR=273&amp;action=2&amp;DMSCALE=15&amp;DMWIDTH=298&amp;DMHEIGHT=388&amp;DMX=0&amp;DMY=0&amp;DMTEXT=&amp;DMROTATE=0,https://digital.lib.uidaho.edu/cdm/ref/collection/ijcag/id/273,273,Al Grey Singing,298px,388px,,,
Lionel Hampton Library Collection,Hampton Collection,Lionel Hampton Library Collection,6660,3603,Uploaded,Created,Complete: Rights field updated; Standardized Rights added; Unique titles have not been created,YES,,,IJCCollection,IJC-Hampton,ijcs,https://www.ijc.uidaho.edu/hampton_collection/,hampton_collection,"Scores, documents and images from the Lionel Hampton Collection","The materials in the Lionel Hampton collection span most of his musical career, 1926–2002, with the bulk of the collection dating 1940–1990. The digital collection includes photographs, arrangements, and images of awards and ephemera.",IJC; Jazz;,documents; images; scores,University of Idaho (Library),46.72748,-117.01412,1918,2002,https://digital.lib.uidaho.edu/utils/ajaxhelper/?CISOROOT=ijcs&amp;CISOPTR=10157&amp;action=2&amp;DMSCALE=20&amp;DMWIDTH=427&amp;DMHEIGHT=319&amp;DMX=0&amp;DMY=0&amp;DMTEXT=&amp;DMROTATE=0,https://digital.lib.uidaho.edu/cdm/singleitem/collection/ijcs/id/10157,10157,Lionel Hampton&apos;s Birthday Party,400px,299px,,,
Lee Morse Collection,Morse Collection,Lee Morse Collection,105,105,Uploaded,Created,Complete: Rights field updated; standardized rights field added,YES,,,IJCCollection,IJC-Morse,ijclm,https://www.ijc.uidaho.edu/morse_lee/index.html,morse_lee,Images and recordings from the Lee Morse Collection.,Lee Morse was an American singer and songwriter. The collection includes mainly photographs and sound recordings.,IJC; Jazz;,images; audio;,University of Idaho (Library),46.72732,-117.01388,1924,1941,https://digital.lib.uidaho.edu/utils/ajaxhelper/?CISOROOT=ijclm&amp;CISOPTR=22&amp;action=2&amp;DMSCALE=20&amp;DMWIDTH=326&amp;DMHEIGHT=432&amp;DMX=0&amp;DMY=0&amp;DMTEXT=&amp;DMROTATE=0,https://digital.lib.uidaho.edu/cdm/ref/collection/ijclm/id/22,22,Lee Morse playing guitar,302px,400px,,,
Joe Williams Collection,Joe Williams,Joe Williams Collection,147,147,Uploaded,Created,"Complete: Update Rights field, added standardized rights field, updated Language field",YES,,,IJCCollection,IJC-Williams,ijcw,https://www.ijc.uidaho.edu/williams_joe/index.html,williams_joe,Scores from the Joe Williams Collection.,"Joe Williams was a vocalist who began singing professionally in the late 1930’s. He worked with the big bands of Coleman Hawkins, Lionel Hampton and Count Basie; it was with Basie that Williams had his first recording hits. Williams won many awards and professional recognition. In the 1980’s he had a recurring role (as “Grandpa Al�?) on TV’s The Cosby Show. He died in Las Vegas on March 29, 1999.",IJC; Jazz;,scores,University of Idaho (Library),46.72732,-117.01488,1930,1970,https://digital.lib.uidaho.edu/utils/ajaxhelper/?CISOROOT=ijcw&amp;CISOPTR=266&amp;action=2&amp;DMSCALE=25&amp;DMWIDTH=361&amp;DMHEIGHT=467&amp;DMX=0&amp;DMY=0&amp;DMTEXT=&amp;DMROTATE=0,https://digital.lib.uidaho.edu/cdm/compoundobject/collection/ijcw/id/275,275,Score for They Can&apos;t Take That Away from Me,309px,400px,,,
Institutional Repository,UI Repository,Institutional Repository,106,106,Uploaded,Created,,,,,AltCollection,Institutional,IR,https://digital.lib.uidaho.edu/cdm/search/collection/IR,ir,Documents and images from miscellaneous collections pertaining to the history of forestry in Idaho,Research articles and other documents produced by individuals and entities from the University of Idaho.,UIResearch; UI,documents,University of Idaho,46.727309,-117.012272,2000,2016,na,na,,na,na,na,,,
Intermountain Forestry Cooperative,Forestry Coop,Intermountain Forestry Cooperative,39,39,Uploaded,Created,Complete: Rights statement not updated,YES,,,AltCollection,Intermountain,iftnc,https://digital.lib.uidaho.edu/cdm/landingpage/collection/iftnc,iftnc,"A collection of reports, studies, and documents published by the Intermountain Forestry Cooperative","A collection of reports, studies, and documents published by the Intermountain Forest Tree Nutrition Cooperative (IFTNC), a research cooperative composed of public and private forestry organizations that is located administratively in the College of Natural Resources at the University of Idaho.",Forests; Northwest; UIResearch;,documents,Inland Northwest,46.729312,-117.012924,1984,1991,https://www.lib.uidaho.edu/digital/img/IFTNC.jpg,https://digital.lib.uidaho.edu/cdm/ref/collection/iftnc/id/3350,3350,Trees in the mountains,311px,149px,,,
Kooskia Internment Camp Scrapbook,Kooskia Internment Camp,Kooskia Internment Camp Scrapbook,387,194,Uploaded,Created,Completed,YES,,,Collection,Kooskia,spec_kic,https://www.lib.uidaho.edu/digital/Kooskia/,kooskia,"Documenting the daily life of Japanese Americans interned by the US Government near Kooskia, ID durning World War II","The Kooskia Internment Camp Scrapbook documents the sights, tasks, scenes, and events of Japanese men detained during the camp&apos;s two years or operation (May 1943 - May 1945). The camp was located in a remote area of north central Idaho, 30 miles from the town of Kooskia; it was administered by the U.S. Immigration and Naturalization Service (INS) for the U.S. Department of Justice.",Idaho;,scrapbook; images,"Kooskia, Idaho",46.144012,-115.594819,1943,1945,https://www.lib.uidaho.edu/digital/img/kooksia1.png,https://digital.lib.uidaho.edu/cdm/ref/collection/spec_kic/id/786,786,Kooskia Internment Camp Scrapbook Entrance Sign,399px,247px,subjects all,,
Latah County Oral Histories,Latah County Oral Histories,Latah County Historical Society Photograph Collection,330,636,Uploaded,Created,Completed: RIghts statement updated; Standardized Rights field added,YES,,,AltCollection,Latah County,latah,https://www.lib.uidaho.edu/digital/lcoh/index.html,lcoh,Remembering Latah County and Idaho Life at the turn of the 20th century,"In the mid 1970s, the Latah County Historical Society collected over 300 oral histories from local Northern Idaho residents who grew up in Idaho during the early part of the 20th century. The Latah County Oral History Project produced one of the largest collections of oral histories in the Pacific Northwest. A copy of the transcripts and cassette recordings was donated to the University of Idaho Library in 1987. Those items were digitized and uploaded into our database in 2013.",Idaho; Northwest; Forests; Wilderness; Fire; Latah; Moscow;Potlatch,documents; audio,University of Idaho (Library),46.736036,-116.67642,1970,1979,https://www.lib.uidaho.edu/digital/lcoh/photos/Brink-C_02.jpg,https://www.lib.uidaho.edu/digital/lcoh/people/BRINK_Carol.html,,Carol Ryrie Brink,263px,376px,,,
Latah County Community Heritage Collection,Latah County Community Heritage Collection,Kyle Laughlin Photographs,610,610,Uploaded,Created,Completed,,,,Collection,Latah County Community,lcheritage,https://www.lib.uidaho.edu/digital/lcheritage/index.html,lcheritage,Materials from the NEH Funded Common Heritage Community Digitization Project in Latah County,The Latah County Common Heritage Collection was driven by funding from a National Endowment for the Humanities (NEH) Common Heritage Grant awarded to the University of Idaho Library in 2016. The materials in this collection were collected via community digitization days held in Moscow and Potlatch in 2016 and 2017.,Idaho; Northwest; Forests; Wilderness; Fire; Latah; Moscow;Potlatch,documents; image,University of Idaho (Library),46.738036,-116.67842,1880,2016,http://digital.lib.uidaho.edu/utils/ajaxhelper/?CISOROOT=lcheritage&amp;CISOPTR=7&amp;action=2&amp;DMSCALE=30&amp;DMWIDTH=512&amp;DMHEIGHT=476&amp;DMX=0&amp;DMY=0&amp;DMTEXT=&amp;DMROTATE=0,http://digital.lib.uidaho.edu/cdm/ref/collection/lcheritage/id/7,7,Kelvin Daniels in front of fire,405px,285px,,,
Latah County Historical Society Photograph Collection,LCHS Photos,Latah County Community Heritage Collection,153,153,Uploaded,Created,Completed,,,,AltCollection,Latah County Historical,lchsphotos,https://digital.lib.uidaho.edu/cdm/search/collection/lchsphotos,lchsphotos,Photographs from the collection of the Latah County Historical Society,Photographs from the collection of the Latah County Historical Society,Idaho; Latah;,images,Latah County Idaho,46.732824,-116.99744,1904,2000,https://digital.lib.uidaho.edu/utils/ajaxhelper/?CISOROOT=lchsphotos&amp;CISOPTR=72&amp;action=2&amp;DMSCALE=50&amp;DMWIDTH=425&amp;DMHEIGHT=400&amp;DMX=0&amp;DMY=0&amp;DMTEXT=&amp;DMROTATE=0&amp;DMID=sessionZdbecker%3EWE,https://digital.lib.uidaho.edu/cdm/ref/collection/lchsphotos/id/72,72,People on Bovill&apos;s Main Street,425px,400px,,,
Kyle Laughlin Photographs,Laughlin Photos,Latah County Oral Histories Collection,828,828,Uploaded,Created,Completed: Unique Title names: Odering Information field changed to rights; Standardized Rights field updated,,,,Collection,Laughlin,spec_kl,https://www.lib.uidaho.edu/digital/Laughlin/,laughlin,"Historical Photographs of Idaho and the United States, 1931 - 1979","The images of the Kyle Laughlin Photograph Collection, taken from 1931 to 1979, depict Idaho&apos;s natural scenery and historic sites, as well as personal moments from Kyle Laughlin&apos;s life. Laughlin was a Moscow, Idaho resident and businessman for 56 years; he owned several businesses, including a photo shop, an appliance store, and a television/cable company.",Idaho; Water; Agriculture; UI; Latah;,images,Idaho; Washington; Montgomery (Ala.); Acoma Village (N.M.); Topeka (Kan.); St. Lewis (Mo.); Denver (Colo.); Cheyenne (Wyo.); Little Bighorn Battlefield (Mont.); Vaseux Lake (B.C.),46.706833,-116.92294,1935,1937,https://digital.lib.uidaho.edu/utils/ajaxhelper/?CISOROOT=spec_kl&amp;CISOPTR=955&amp;action=2&amp;DMSCALE=70.00000&amp;DMWIDTH=290&amp;DMHEIGHT=320&amp;DMX=10&amp;DMY=10&amp;DMTEXT=&amp;REC=6&amp;DMTHUMB=1&amp;DMROTATE=0,https://digital.lib.uidaho.edu/cdm/ref/collection/spec_kl/id/955,955,"Fishing Contest, 1937",290px,320px,table map timeline subjects all about,1vAfzCZfzcPSCRLAipILpiygJRUhkScVaA6RgTbE,8
Lewiston Orchards Life Newsletter,Lewiston Newsletter,Lewiston Orchards Life,25,25,Uploaded,Created,Completed: Rights fiedl updated; Standardized rights field added.,YES,,,Collection,Lewiston,spec_lof,https://www.lib.uidaho.edu/digital/LewistonOrch/,lewistonorch,"A newsletter documenting daily life in Lewiston Orchards, Idaho (1913-1914)","Lewiston Orchards Life was a newsletter published in Lewiston, Idaho during the early 1900s. The newsletter covers the residential and horticultural lives of those living in the Lewiston Orchards area, which is now a residential neighborhood.",Idaho; Agriculture;,documents,"Lewiston, ID",46.38071,-116.974847,1913,1914,https://www.lib.uidaho.edu/digital/LewistonOrch/Lewiston.jpg,https://digital.lib.uidaho.edu/cdm/ref/collection/spec_lof/id/230,230,"Lewiston Orchards Life, 1914 April",400px,215px,timeline about,,
McCall Public Library Collection,McCall Library Collection,McCall Public Library Collection,319,319,Uploaded,Created,Completed,,,,Collection,McCall,mccall,https://www.lib.uidaho.edu/digital/mccall/,mccall,A collection of family history-related items form the McCall Public Library,A collection of family history-related items form the McCall Public Library,Idaho; Water; Wilderness;,documents; images;,"McCall, ID",44.908901,-116.099141,1815,2014,https://www.lib.uidaho.edu/digital/images/mccalllibrary.jpg,https://mccall.lili.org/,,McCall Library,500px,260px,subjects locations,,
Nez Perce Collection,Nez Perce Collection,Nez Perce Historical Photograph Collection,583,583,Uploaded,Created,Completed: Updated Rights Field added Standardized Rights Field,,,,Collection,Nez,nezperce,https://www.lib.uidaho.edu/digital/nezperce/,nezperce,20th Century photographs of the Nez Perce/Niimíipuu Native Americans,The Nez Perce Historical Portrait Collection includes nearly 600 photographs of individuals and groups from the Nez Perce/Nimíipuu tribe. Most photographs were taken during the first half of the 20th century. Much of the collection is comprised of studio photographs that have been taken of both individuals and families.,Idaho; NativeAmericans; Northwest;,images,Nez Perce National Historical Park; Lapwai; Spalding (Idaho),46.449904,-116.817596,1900,1955,https://digital.lib.uidaho.edu/utils/ajaxhelper/?CISOROOT=nezperce&amp;CISOPTR=512&amp;action=2&amp;DMSCALE=10.5&amp;DMWIDTH=800&amp;DMHEIGHT=700&amp;DMX=0&amp;DMY=0&amp;DMTEXT=&amp;DMROTATE=0,https://digital.lib.uidaho.edu/cdm/ref/collection/nezperce/id/512,512,"Border Days Grangeville, Idaho",400px,258px,subjects all about,,
Ott Historical Photograph Collection,Ott Collection,Ott Historical Photograph Collection,1826,1826,Uploaded,Created,Completed,,,,Collection,Ott,ott,https://www.lib.uidaho.edu/digital/ott/,ott,"Photographs from local Clifford M. Ott depicting northern Idaho as it was, 1890 - 1980","Clifford M. Ott donated this broad collection of historical photographs in 1992. Ott was an avid amateur photographer who amassed over 10,000 slides, prints, and negatives spanning the years from 1883 to 1990. The digital collection represents a selection from Ott&apos;s whole collection, which he compiled into eleven albums containing a total of over 1,800 images of Moscow and surrounding Latah County and used to educate local citizens.",Idaho; Latah; Moscow;,images; newspaper clippings,"Latah County Idaho (Moscow, Genesee; Potlatch; Princeton-Harvard); Lewiston, Idaho and Clarkston Wash.; Troy &amp; Livingston, Mont.; Ralston Nebraska",46.731518,-117.001358,1880,1989,https://digital.lib.uidaho.edu/utils/ajaxhelper/?CISOROOT=ott&amp;CISOPTR=90&amp;action=2&amp;DMSCALE=55&amp;DMWIDTH=512&amp;DMHEIGHT=465&amp;DMX=0&amp;DMY=0&amp;DMTEXT=&amp;DMROTATE=0,https://digital.lib.uidaho.edu/cdm/ref/collection/ott/id/90,90,"Fat Men&apos;s Race. Moscow, July 4, 1911.",400px,266px,map timeline subjects all about,1vAfzCZfzcPSCRLAipILpiygJRUhkScVaA6RgTbE,9
Northwest Historical Postcards Collection,Postcards Collection,Northwest Historical Postcards Collection,811,811,Uploaded,Created,Completed: Updated Rights Field added Standardized Rights Field,,,,Collection,Postcards,nwpostcards,https://www.lib.uidaho.edu/digital/postcards/,postcards,Digitized Historical Postcards from Idaho and the Greater Northwest,This digital collection of over 800 postcards comes from the historical photograph collections of the University of Idaho Library&apos;s Special Collections &amp; Archives. The postcards range in date from the 1890s to the 1980s.,Idaho; Northwest; Forests; Water; Wilderness;,images; correspondence,"Washington, Oregon, Idaho, Montana, Wyoming, British Columbia and Alberta",46.716798,-119.597168,1890,1980,https://www.lib.uidaho.edu/digital/postcards/images/Postcard_098.jpg,https://digital.lib.uidaho.edu/cdm/ref/collection/nwpostcards/id/235,235,"Syinga Time, Lake Pend Oreille, North Idaho",400px,251px,table map locations subjects about,1vAfzCZfzcPSCRLAipILpiygJRUhkScVaA6RgTbE,7
Potlatch Historical Society Collection,Potlatch Historical Society,Potlatch Historical Society,1781,1781,Uploaded,Created,Completed,,,,AltCollection,Potlatch Historical,phs,https://www.lib.uidaho.edu/digital/phs,phs,"Potlatch Historical Society Collection Depicting life in and around Potlatch, Idaho from 1880 to 1998","Potlatch Historical Society Collection Depicting life in and around Potlatch, Idaho from 1880 to 1998",Idaho; Northwest; Forests; Wilderness; Fire; Latah; Potlatch,documents; images;,Idaho,46.921048,-116.903855,1880,1998,https://digital.lib.uidaho.edu/utils/ajaxhelper/?CISOROOT=phs&amp;CISOPTR=7&amp;action=2&amp;DMSCALE=55&amp;DMWIDTH=600&amp;DMHEIGHT=600&amp;DMX=0&amp;DMY=0&amp;DMTEXT=&amp;DMROTATE=0&amp;DMID,https://digital.lib.uidaho.edu/cdm/ref/collection/phs/id/7,7,Longest Logging Train,400px,300px,,,9
Potlatch Lumber Company Photograph Collection,Potlatch Lumber Co. Photos,Potlatch Lumber Company Photograph Collection,1570,1570,Uploaded,Created,Completed,,,,AltCollection,Potlatch Lumber,plcphotos,https://digital.lib.uidaho.edu/cdm/search/collection/plcphotos,plcphotos,A collection of over 1500 photographs from the Potlatch Lumber Company,A collection of over 1500 photographs from the Potlatch Lumber Company,Idaho; Northwest; Forests; Wilderness; Fire; Latah; Potlatch,images,Idaho,46.921048,-116.903855,1896,1999,https://digital.lib.uidaho.edu/utils/ajaxhelper/?CISOROOT=plcphotos&amp;CISOPTR=16&amp;action=2&amp;DMSCALE=25&amp;DMWIDTH=400&amp;DMHEIGHT=350&amp;DMX=0&amp;DMY=0&amp;DMTEXT=&amp;DMROTATE=0&amp;DMID,https://digital.lib.uidaho.edu/cdm/ref/collection/plcphotos/id/16,16,"White Pine King, 1911",400px,300px,,,
Priest Lake Historical Photograph Collection,Priest Lake Collection,Priest Lake Historical Photograph Collection,380,380,Uploaded,Created,Completed,,,,Collection,Priest,priestlake,https://www.lib.uidaho.edu/digital/priestlake/,priestlake,"Historical Photographs of Priest lake, Idaho and the surrounding area, 1880 - 1950","A digital collection comprised of 380 historical photographs of Priest Lake, Idaho and the surrounding area. The images span the years 1880 to 1950, documenting the area&apos;s waters, boats, buildings, landscape and people.",Idaho; Water; Forests;,images,Priest Lake; Upper Priest Lake; Priest River; Coolin; Idaho,48.514088,-116.871872,1880,1950,https://digital.lib.uidaho.edu/utils/ajaxhelper/?CISOROOT=priestlake&amp;CISOPTR=370&amp;action=2&amp;DMSCALE=50.00000&amp;DMWIDTH=600&amp;DMHEIGHT=600&amp;DMX=0&amp;DMY=0&amp;DMTEXT=&amp;DMROTATE=0,https://digital.lib.uidaho.edu/cdm/ref/collection/priestlake/id/370,370,Dewey Huot&apos;s Mama,194px,338px,map timeline subjects all about,1vAfzCZfzcPSCRLAipILpiygJRUhkScVaA6RgTbE,10
Psychiana Digital Collection,Psychiana,Psychiana Digital Collection,1323,1323,Uploaded,Created,Completed,,,,AltCollection,Psychiana,psychiana,https://digital.lib.uidaho.edu/cdm/search/collection/psychiana,psychiana,"Materials from the Frank B. Robinson Papers documenting Psychiana, a religion popular in the 1930s and 40s","Materials from the Frank B. Robinson Papers documenting Psychiana, a religion popular in the 1930s and 40s",Idaho; Northwest; Latah; Religion,images; documents; audio; correspondence,"Moscow, ID",46.733711,-117.001252,1930,1952,https://digital.lib.uidaho.edu/utils/ajaxhelper/?CISOROOT=psychiana&amp;CISOPTR=548&amp;action=2&amp;DMSCALE=27&amp;DMWIDTH=400&amp;DMHEIGHT=350&amp;DMX=0&amp;DMY=0&amp;DMTEXT=&amp;DMROTATE=0&amp;DMID,https://digital.lib.uidaho.edu/cdm/ref/collection/psychiana/id/548,548,Photograph of Clerical and Bookkeeping Staff from the Branch Mailing Department.,400px,350px,,,
Rangeland Center Collection,Rangeland Center Collection,Rangeland Center Collection,66,66,Uploaded,Created,Completed: Updated Rights Field added Standardized Rights Field,,,,Collection,Rangeland Center,na,https://digital.lib.uidaho.edu/cdm/landingpage/collection/rangecoll,rangecoll,A repository of information created by University of Idaho researchers related to topics in rangeland ecology and managemen,"The Rangeland Center collection is a repository of information created by University of Idaho researchers related to topics in rangeland ecology and management. Subject areas include ecology of rangelands, grazing management, invasive plants, fire ecology, and more.",UI; UIResearch; Northwest; Rangeland;,documents,Idaho,43.207053,-115.065308,1969,2013,https://www.lib.uidaho.edu/digital/images/rangelandarchive.jpg,https://www.lib.uidaho.edu/digital/images/rangelandarchive.jpg,,Rangeland,420px,131px,,,
Selway-Bitterroot Wilderness History Project,Selway-Bitterroot Project,Selway-Bitterroot Wilderness Collection,312,312,Uploaded,Created,Complete: Rights statement updates; standardized Rights field added,,,,DMCollection,Selway,sbw,https://sbw.lib.uidaho.edu/,sbwhp,"Oral histories, photographs, and other documents from an NEH funded exploration into the human aspects of the Selway-Bitterroot Wilderness","This collection represents the digital objects of the Selway-Bitterrot Wilderness History Project, which is an NEH funded exploration into the human aspects of the Selway-Bitterroot Wilderness.",Idaho; Water; Forests; Wilderness,documents; images; podcasts,Lolo Pass; Lolo Hot Springs (Mont.); Elk Summit; Freeman Peak; Moose Meadows; Shissler Peak Lookout; Shearer Guard Station; Trapper Peak; Paradise Campground (Idaho),46.157491,-114.553871,1920,2011,https://digital.lib.uidaho.edu/utils/ajaxhelper/?CISOROOT=sbw&amp;CISOPTR=110&amp;action=2&amp;DMSCALE=20&amp;DMWIDTH=486&amp;DMHEIGHT=352&amp;DMX=0&amp;DMY=0&amp;DMTEXT=Salmon&amp;DMROTATE=0,https://digital.lib.uidaho.edu/cdm/ref/collection/sbw/id/110,110,John Day Ranch,400px,290px,,,
"C. H. Shattuck, Idaho Lantern Slides, 1904-1910",Shattuck Collection,"C. H. Shattuck, Idaho Lantern Slides, 1904-1910",212,212,Uploaded,Created,Completed,,,,AltCollection,Shattuck,spec_cs,https://digital.lib.uidaho.edu/cdm/landingpage/collection/spec_cs,shattuck,"Early twentieth century slides depicting the University of Idaho, as well as the wilderness of Idaho and Idaho residents&apos; attempts at domesticating it","Charles Houston Shattuck was a professor in the College of Agriculture (now Natural Resources) who initiated &apos;Arboretum Hill&apos; (now known as the Charles Houston Shattuck Arboretum). These early twentieth century slides depict the University of Idaho, as well as the wilderness of Idaho and Idaho residents&apos; attempts at domesticating it.",Idaho; UI; Wilderness,images,"Selway Bitterroot Wilderness Region; Bitterroot Mt. (Idaho); UI (Moscow, ID); Packers Meadows (Idaho); Kaniksu National Forest (Mont.); Lolo Hot Spring (Mont.)",46.724545,-117.015397,1904,1910,https://digital.lib.uidaho.edu/utils/ajaxhelper/?CISOROOT=spec_cs&amp;CISOPTR=10&amp;action=2&amp;DMSCALE=10&amp;DMWIDTH=390&amp;DMHEIGHT=317&amp;DMX=0&amp;DMY=0&amp;DMTEXT=&amp;DMROTATE=0,https://digital.lib.uidaho.edu/cdm/ref/collection/spec_cs/id/10,10,White Sand Lake (Idaho),390px,317px,,,
Stonebraker Photograph Collection,Stonebraker Collection,Stonebraker Photograph Collection,541,540,Uploaded,Created,Complete: Rights statement updates; standardized Rights field added,,,,Collection,Stonebraker,stonebraker,https://www.lib.uidaho.edu/digital/stonebraker/,stonebraker,"Ranching, Hunting, and Pack Train Operations in North Central Idaho, 1900-1931","A digital collection comprised of 540 historical photographs taken by William Allen Stonebraker at the turn of the century and into the 1920s and 1930s documenting the Salmon River, the Frank Church-River of No Return, the Chamberlain Basin, and the Thunder Mountain Gold Rush.",Mining; Wildnerness; Idaho;,images,Salmon River; Frank Church-River of No Return Wilderness; Chamberlain Basin,44.948193,-115.135872,1900,1931,https://digital.lib.uidaho.edu/utils/ajaxhelper/?CISOROOT=stonebraker&amp;CISOPTR=155&amp;action=2&amp;DMSCALE=60&amp;DMWIDTH=800&amp;DMHEIGHT=800&amp;DMX=0&amp;DMY=0&amp;DMTEXT=&amp;DMROTATE=0,https://digital.lib.uidaho.edu/cdm/ref/collection/stonebraker/id/155,155,Men in Submerged Boat,400px,234px,table map subjects all about,1vAfzCZfzcPSCRLAipILpiygJRUhkScVaA6RgTbE,8
Taylor Ranch Log Book Collection,Taylor Ranch Collection,Taylor Ranch Log Book Collection,9,9,Uploaded,Created,Completed,,,,AltCollection,Taylor,taylor,https://digital.lib.uidaho.edu/cdm/landingpage/collection/taylor,taylorranch,"Log books detailing daily events at the Taylor Wilderness Research Station, 1997-2010","The nine log books in this collection detail daily events from 1997 to 2010 recounted by those living and working at the Taylor Wilderness Research Station. In addition to describing the routine research and maintenance task, the logs also provide wildlife sightings and firsthand accounts of harrowing events, such as the dramatic forest fire and evacuation of the year 2000.",Idaho; Forests; Wilderness,documents,"Taylor Ranch, Idaho; Frank Church River of No Return Wilderness",45.103422,-114.851106,1997,2010,https://www.lib.uidaho.edu/digital/img/taylor1.jpg,https://digital.lib.uidaho.edu/cdm/ref/collection/taylor/id/5,5,Taylor Log Book,350px,279px,,,
The Theodore Roosevelt Collection,Roosevelt Visit Exhibit,na,na,na,,,,,,,Exhibit,Theodore,na,https://www.lib.uidaho.edu/digital/troosevelt/index.html,troosevelt,Photos from President&apos;s Roosevelt&apos;s historic visit to the University of Idaho campus in 1911,A collection of photographs from the University of Idaho Historical Photographs Collection commemorating the 100th anniversary of President&apos;s Roosevelt&apos;s historic visit to the University of Idaho campus in 1911.,UI; Campus;,images,"Moscow, ID (Admin Lawn)",46.726209,-117.010521,1911,1911,https://digital.lib.uidaho.edu/utils/ajaxhelper/?CISOROOT=spec_uihp&amp;CISOPTR=427&amp;action=2&amp;DMSCALE=30&amp;DMWIDTH=512&amp;DMHEIGHT=408&amp;DMX=0&amp;DMY=0&amp;DMTEXT=&amp;DMROTATE=0,https://digital.lib.uidaho.edu/cdm/ref/collection/spec_uihp/id/427,427,Roosevelt on platform in front of University of Idaho Administration Building leaning toward Idaho Governor James Hawley,400px,319px,,,
Theses and Dissertation Database (ETDs),ETDs,Theses and Dissertations Database (ETDs),428,618,Uploaded,Created,,,,,Application,Theses,etd,http://digital.lib.uidaho.edu/cdm/search/collection/etd,etds,A catalog of theses and dissertations at the University from 1909 to the present,"A searchable database of cataloged records for over 10,00 theses and dissertations published from 1909 to 2011. This database was most recently updated in June of 2015.",UI; UIResearch;,documents,University of Idaho (Library),46.73524,-117.01396,1909,2011,https://digital.lib.uidaho.edu/utils/getthumbnail/collection/etd/id/435,https://digital.lib.uidaho.edu/cdm/singleitem/collection/etd/id/435,435,"Distribution of Salt and Moisture in Butter as affected by storage, a 1917 Thesis written by Ricahrd D. Canan",93px,120px,,,
Turning of the Wheel Collection - Humanities Colloquium 2011-2012,Turning of the Wheel Collection,Turning of the Wheel Collection - Humanities Colloquium 2011-2012,491,491,Uploaded,Created,Completed -added rights field. Changed Rights Statement,,,,AltCollection,Turning,turning,https://www.lib.uidaho.edu/digital/turning/,turning,"A Digital Collection of Events from the Humanities Colloquium Series, Turning of the Wheel, 2011-2012","A Digital Collection of Events from the Humanities Colloquium Series, Turning of the Wheel, University of Idaho | Moscow, Idaho | 2011-2012",UI; Campus;,documents; images; video;,"Moscow, ID (Commons)",46.727391,-117.013046,2011,2012,https://www.lib.uidaho.edu/digital/img/ad_turning.png,https://digital.lib.uidaho.edu/cdm/ref/collection/turning/id/58,58,Ad for the collection,400px,245px,,,
University of Idaho Historical Photos,UI Historical Photos,University of Idaho Historical Photograph Collection,487,487,Uploaded,Created,Completed: Removed Compound Object rows; Rights fields modified and standardized rights field added.,YES,,,Collection,University of Idaho Historical,spec_uihp,https://www.lib.uidaho.edu/digital/uihistorical/,uihistorical,Photographs documenting campus life at the Univesity of Idaho from 1890 to 1980,"A variety of photographs from several photographic collections held by Special Collections &amp; Archives that depict scenes from the University of Idaho&apos;s past. Includes portraits of past professors and alumni, as well as photos of buildings and events.",UI; Campus;,images,University of Idaho Campus,46.725714,-117.011277,1863,1975,https://digital.lib.uidaho.edu/utils/ajaxhelper/?CISOROOT=ott&amp;CISOPTR=0&amp;action=2&amp;DMSCALE=22.37008&amp;DMWIDTH=600&amp;DMHEIGHT=600&amp;DMX=0&amp;DMY=0&amp;DMTEXT=&amp;DMROTATE=0,https://digital.lib.uidaho.edu/cdm/ref/collection/spec_uihp/id/11,11,Administration Building 1900,340px,251px,map timeline subjects all about,1vAfzCZfzcPSCRLAipILpiygJRUhkScVaA6RgTbE,15
Vandal Video Collection,Vandal Videos,Vandal Video Collection,167,167,Uploaded,Created,Completed -added rights field. Changed Rights Statement,,,,Collection,Vandal,vandalvideo,https://www.lib.uidaho.edu/digital/vandalvideo/,vandalvideo,"Historic videos of University of Idaho Basketball and Football Games, 1925 - 1997",The Vandal Video Collection is a collection of 160+ digitized 16mm Film reels that were scouting videos for both football and basketball games..,Campus; UI; Sports;,videos,"University of Idaho (Maclean Field, Neale Stadium, Kibbie Dome)",46.727212,-117.01655,1925,1993,https://www.lib.uidaho.edu/digital/vandalvideo/jpgs/KYJRPLUCn4g.jpg,https://digital.lib.uidaho.edu/cdm/ref/collection/vandalvideo/id/2,,"UI vs. USC, 1925",315px,180px,teams map timeline about,1vAfzCZfzcPSCRLAipILpiygJRUhkScVaA6RgTbE,4
Carleton Watkins Mine Interiors Collection,Watkins Collection,"Carleton Watkins Mine Interiors Collection (1890, Butte, MT)",80,80,Uploaded,Created,Completed,,,,Collection,Watkins,watkins,https://www.lib.uidaho.edu/digital/watkins/,watkins,"Interior photos of mines in Butte, Montana, 1890, hundreds of feet below ground","Among the riches of the historical photograph collections of the University of Idaho Library is an oversize portfolio of eighty original Carleton E. Watkins photographs. Long considered lost, these photographs of the interior of the Anaconda Mines in Butte, Montana, were taken in 1890. They show early hard-rock mining techniques, equipment, and men deep underground.",Mining; Northwest;,images,"Butte, MT",46.036746,-112.506437,1890,1891,https://digital.lib.uidaho.edu/utils/ajaxhelper/?CISOROOT=watkins&amp;CISOPTR=62&amp;action=2&amp;DMSCALE=35&amp;DMWIDTH=444&amp;DMHEIGHT=347&amp;DMX=0&amp;DMY=0&amp;DMTEXT=&amp;DMROTATE=0,https://digital.lib.uidaho.edu/cdm/ref/collection/watkins/id/62,62,Anaconda Mines - Mt Con 400 level East sill floor,400px,313px,map depth letters all,1vAfzCZfzcPSCRLAipILpiygJRUhkScVaA6RgTbE,16
White Pine - King of Many Waters Collection,White Pine Collection,White Pine - King of Many Waters Collection,144,144,Uploaded,Created,Completed,,,,AltCollection,White Pine,whitepine,http://digital.lib.uidaho.edu/cdm/search/collection/whitepine,whitepine,Images used in the making of the book White Pine - King of Many Waters,Images used in the making of the book White Pine - King of Many Waters,Idaho;Water;Forests;,images,"Coeur d'Alene, ID",47.6776,-116.7925,1884,1969,http://digital.lib.uidaho.edu/utils/ajaxhelper/?CISOROOT=whitepine&CISOPTR=137&action=2&DMSCALE=50&DMWIDTH=512&DMHEIGHT=458&DMX=0&DMY=0&DMTEXT=&DMROTATE=0&DMID,http://digital.lib.uidaho.edu/cdm/ref/collection/whitepine/id/137,137,A.W. Post and Crew,512px,458px,,,
University of Idaho Student Organizations Collection (PG2),,,,35527,Uploaded,Created,Completed,,,,,,pg2,,,,,,,,,,,,,,,,,,,,
Historical Japanese Ceramic Comparative Collection (HJCCC),,,,,Uploaded,Created,Completed: Trimmed compound objects,YES,,,,,HJCCC,,,,,,,,,,,,,,,,,,,,