title,creator,creation_date,date,date is approximate,description,subjects,subject-lcsh?,keywords,location,location_old,latitude,longitude,source,finding_aid,digital collection,holding insititution,identifier,format,format_original,type,digitization_specifications,rights,rightsstatement,language,date_digital,website,metdata_cataloger_and_scanner_technician,date_created,date_modified,cdm_url,cdmid,contentdm_file_name,contentdm_file_path,objectid
Envelope for the Puyallup Commerce,,1893,1893,,Envelope from the Puyallup Commerce featuring Native American scout Cut-Mouth John and a reference to J. W. Redington. Features the two cent 1893 Columbian Issue stamp.,envelopes; Puyallup,,Nez Perce War; Cut-Mouth John; J. W. Redington; The Columbian Issue,"Puyallup, Washington",United States;Washington;Pierce County;Puyallup,47.190505,-122.295559,"Collection on Stanton G. Fisher, 1877-1988, MG 454, University of Idaho Library Special Collections and Archives",https://archiveswest.orbiscascade.org/ark:80444/xv28329,Stanton Gilbert Fisher Collection,University of Idaho Library,MG454_01_01_03,application/pdf,Envelope,Text,Original is 600 dpi TIFF. Displayed is 150 dpi jpg.,"Material has likely passed into public domain. Digital reproductions are made available by University of Idaho Library for educational purposes, and future use should acknowledge this repository. For more information, please contact University of Idaho Library Special Collections and Archives Department at (libspec@uidaho.edu)[libspec@uidaho.edu]. The University of Idaho Library is not liable for any violations of the law by users.",http://rightsstatements.org/vocab/NoC-US/1.0/,eng,2011-05,http://www.lib.uidaho.edu/digital/,Jessica Hayes,2018-11-02,2018-11-02,http://digital.lib.uidaho.edu:80/cdm/ref/collection/fisher/id/2,2,36.cpd,/fisher/supp/2/index.pdf,fisher2
Magazine Clipping,,1906,1906,,"Clipping displaying images of explorer Jim Bridger and artist William G. Kreighoff. Published in Outing Magazine, January 1906, vol. 47 issue 4. Collected by Don C. Fisher",magazine clippings; portraits,"Bridger, Jim, 1804-1881",Jim Bridger; William G. Kreighoff,New York,United States,40.709664,-74.006433,"Collection on Stanton G. Fisher, 1877-1988, MG 454, University of Idaho Library Special Collections and Archives",https://archiveswest.orbiscascade.org/ark:80444/xv28329,Stanton Gilbert Fisher Collection,University of Idaho Library,MG454_01_04_02,application/pdf,Magazine Article,Text,Original is 600 dpi TIFF. Displayed is 150 dpi jpg.,"In copyright, educational use permitted. Educational use includes non-commercial reproduction of text and images in materials for teaching and research purposes. For other contexts beyond fair use, including digital reproduction, please contact the University of Idaho Library Special Collections and Archives Department at (libspec@uidaho.edu)[libspec@uidaho.edu]. The University of Idaho Library is not liable for any violations of the law by users.",http://rightsstatements.org/vocab/InC-EDU/1.0/,eng,2011-08,http://www.lib.uidaho.edu/digital/,Jessica Hayes,2018-11-02,2018-11-02,http://digital.lib.uidaho.edu:80/cdm/ref/collection/fisher/id/5,5,39.cpd,/fisher/supp/5/index.pdf,fisher5
Chief Joseph [03] and the Cayuse Twins,"Moorhouse, Lee, 1850-1926",1906,1906,,"Clipping displaying images of Chief Joseph and of the Cayuse Twins. From Metropolitan Magazine, vol. 24 number 1",magazine clippings; portraits,"Joseph, Nez Percé Chief, 1840-1904",Chief Joseph; Cayuse Twins,New York,United States,40.709664,-74.006433,"Collection on Stanton G. Fisher, 1877-1988, MG 454, University of Idaho Library Special Collections and Archives",https://archiveswest.orbiscascade.org/ark:80444/xv28329,Stanton Gilbert Fisher Collection,University of Idaho Library,MG454_01_04_01,application/pdf,Magazine Article,Text,Original is 600 dpi TIFF. Displayed is 150 dpi jpg.,"In copyright, educational use permitted. Educational use includes non-commercial reproduction of text and images in materials for teaching and research purposes. For other contexts beyond fair use, including digital reproduction, please contact the University of Idaho Library Special Collections and Archives Department at (libspec@uidaho.edu)[libspec@uidaho.edu]. The University of Idaho Library is not liable for any violations of the law by users.",http://rightsstatements.org/vocab/InC-EDU/1.0/,eng,2011-08,http://www.lib.uidaho.edu/digital/,Jessica Hayes,2018-11-02,2018-11-02,http://digital.lib.uidaho.edu:80/cdm/ref/collection/fisher/id/8,8,42.cpd,/fisher/supp/8/index.pdf,fisher8
Uncle Sam Classifies Pioneer Indian Fighters as Non-Combatants,Idaho Statesman,29 March 1931,1931-03-29,,Newspaper clipping from the Idaho Statesman. Details the U.S. government's refusal to grant J. W. Redington a military pension in his old age.,newspaper clippings,,Nez Perce War; J. W. Redington,"Boise, Idaho",United States;Idaho;Ada County;Boise,43.616382,-116.251448,"Collection on Stanton G. Fisher, 1877-1988, MG 454, University of Idaho Library Special Collections and Archives",https://archiveswest.orbiscascade.org/ark:80444/xv28329,Stanton Gilbert Fisher Collection,University of Idaho Library,MG454_01_06_05,application/pdf,Newspaper Article,Text,Original is 600 dpi TIFF. Displayed is 150 dpi jpg.,"In copyright, educational use permitted. Educational use includes non-commercial reproduction of text and images in materials for teaching and research purposes. For other contexts beyond fair use, including digital reproduction, please contact the University of Idaho Library Special Collections and Archives Department at (libspec@uidaho.edu)[libspec@uidaho.edu]. The University of Idaho Library is not liable for any violations of the law by users.",http://rightsstatements.org/vocab/InC-EDU/1.0/,eng,2011-08,http://www.lib.uidaho.edu/digital/,Jessica Hayes,2018-11-02,2018-11-02,http://digital.lib.uidaho.edu:80/cdm/ref/collection/fisher/id/11,11,45.cpd,/fisher/supp/11/index.pdf,fisher11
"Treaty between the United States of America and the Nez Percé Indians, June 11, 1855, ratified April 29, 1859 (Facsimile)",Nez Perce Tribe,11 June 1855,1855-06-11,,"Articles of agreement and convention made and concluded at the treaty ground, Camp Stevens, in the Walla-Walla Valley this eleventh day of June, in the year one thousand eight hundred and fifty-five by and between Isaac I. Stevens, governor and superintendent of Indian affairs for the Territory of Washington and Joel Palmer, superintendent of Indian affairs for Oregon Territory on the part of the United States, and the undersigned chiefs, headmen, and delegates of the Nez Perce tribe of Indians occupying lands lying partly in Oregon and partly in Washington Territories, between the Cascade and Bitter Root Mountains, on behalf of, and acting for said tribe, and being duly authorized thereto by them, it being understood that Superintendent Isaac I. Stevens assumes to treat only with those of the above-named tribe of Indians residing within the Territory of Washington, and Superintendent Palmer with those residing exclusively in Oregon Territory.  <a href=""https://catalog.archives.gov/id/178309326"" target=""_blank"" rel=""noopener"">https://catalog.archives.gov/id/178309326</a>",treaties,,Nez Percé  Indians; Treaties,"Lapwai, Idaho",United States;Idaho;Nez Perce County;Lapwai,46.404737,-116.80502,"Collection on Stanton G. Fisher, 1877-1988, MG 454, University of Idaho Library Special Collections and Archives",https://archiveswest.orbiscascade.org/ark:80444/xv28329,Stanton Gilbert Fisher Collection,University of Idaho Library,MG454_01_01_04,application/pdf,Legal Document,Text,Original is 600 dpi TIFF. Displayed is 150 dpi jpg.,"Material has likely passed into public domain. Digital reproductions are made available by University of Idaho Library for educational purposes, and future use should acknowledge this repository. For more information, please contact University of Idaho Library Special Collections and Archives Department at (libspec@uidaho.edu)[libspec@uidaho.edu]. The University of Idaho Library is not liable for any violations of the law by users.",http://rightsstatements.org/vocab/NoC-US/1.0/,eng,2011-07,http://www.lib.uidaho.edu/digital/,Jessica Hayes,2018-11-02,2018-11-02,http://digital.lib.uidaho.edu:80/cdm/ref/collection/fisher/id/17,17,51.cpd,/fisher/supp/17/index.pdf,fisher17
Postcard to from John W. Redington to Don Fisher,"Redington, John W., 1851-1935",10 January 1912,1912-01-10,,"Postcard from Colonel J. W. Redington to Don Custer Fisher, Stanton Fisher's youngest son. Redington claims the postcard portrays a garden plot where Stanton Fisher once grew blackberries.",postcards,,Stanton Gilbert Fisher; J. W. Redington,"San Pedro, California",United States;California,33.735687,-118.292395,"Collection on Stanton G. Fisher, 1877-1988, MG 454, University of Idaho Library Special Collections and Archives",https://archiveswest.orbiscascade.org/ark:80444/xv28329,Stanton Gilbert Fisher Collection,University of Idaho Library,MG454_01_08_01,application/pdf,Postcard,Text,Original is 800 dpi TIFF. Displayed is 150 dpi jpg.,"Material has likely passed into public domain. Digital reproductions are made available by University of Idaho Library for educational purposes, and future use should acknowledge this repository. For more information, please contact University of Idaho Library Special Collections and Archives Department at (libspec@uidaho.edu)[libspec@uidaho.edu]. The University of Idaho Library is not liable for any violations of the law by users.",http://rightsstatements.org/vocab/NoC-US/1.0/,eng,2011-08,http://www.lib.uidaho.edu/digital/,Jessica Hayes,2018-11-02,2018-11-02,http://digital.lib.uidaho.edu:80/cdm/ref/collection/fisher/id/20,20,54.cpd,/fisher/supp/20/index.pdf,fisher20
"Treaty between the United States of America and the Nez Percé Tribe of Indians, concluded June 9, 1863, ratification advised, April 17, 1867, proclaimed April 20, 1867 (Facsimile)",Nez Perce Tribe,09 June 1863,1863-06-09,,"Articles of agreement made and concluded at the Council Ground, in the valley of the Lapwai, W. T., on the ninth day of June, one thousand Eight hundred and sixty-three, between the United States of America, by C. H. Hale, superintendent of Indian Affairs, and Charles Hutchins and S. D. Howe, U. S. Indian agents, for the Territory of Washington, acting on the part and in behalf of the United States, and the Nez Perc Indians, by the chiefs, headmen, and delegates of said tribe, such articles being supplementary and amendatory to the treaty made between the United States and said tribe on the 11th day of June, 1855.   For full text of treaty, see here: http://www.ccrh.org/comm/river/treaties/np63.htm <a href=""https://catalog.archives.gov/id/178905085"" target=""_blank"" rel=""noopener"">https://catalog.archives.gov/id/178905085</a>",treaties,,Nez Percé  Indians; Treaties,"Walla Walla, Washington",United States;Washington;Walla Walla County;Walla Walla;Fort Stevens,46.064197,-118.3429,"Collection on Stanton G. Fisher, 1877-1988, MG 454, University of Idaho Library Special Collections and Archives",https://archiveswest.orbiscascade.org/ark:80444/xv28329,Stanton Gilbert Fisher Collection,University of Idaho Library,MG454_01_01_05,application/pdf,Legal Document,Text,Original is 600 dpi TIFF. Displayed is 150 dpi jpg.,"Material has likely passed into public domain. Digital reproductions are made available by University of Idaho Library for educational purposes, and future use should acknowledge this repository. For more information, please contact University of Idaho Library Special Collections and Archives Department at (libspec@uidaho.edu)[libspec@uidaho.edu]. The University of Idaho Library is not liable for any violations of the law by users.",http://rightsstatements.org/vocab/NoC-US/1.0/,eng,2011-07,http://www.lib.uidaho.edu/digital/,Jessica Hayes,2018-11-02,2018-11-02,http://digital.lib.uidaho.edu:80/cdm/ref/collection/fisher/id/27,27,61.cpd,/fisher/supp/27/index.pdf,fisher27
Letter from Capt. Robert H. Fletcher to Don Fisher,"Fletcher, Robert H.",14 October 1922,1922-10-14,,Letter from Captain Robert H. Fletcher to Don Fisher commending Stanton's service.,correspondence,,Nez Perce War; Stanton Gilbert Fisher; Robert Fletcher;,Washington DC,United States;Washington DC,38.9065,-77.036723,"Collection on Stanton G. Fisher, 1877-1988, MG 454, University of Idaho Library Special Collections and Archives",https://archiveswest.orbiscascade.org/ark:80444/xv28329,Stanton Gilbert Fisher Collection,University of Idaho Library,MG454_01_08_03,application/pdf,Letter,Text,Original is 800 dpi TIFF. Displayed is 150 dpi jpg.,"Material has likely passed into public domain. Digital reproductions are made available by University of Idaho Library for educational purposes, and future use should acknowledge this repository. For more information, please contact University of Idaho Library Special Collections and Archives Department at (libspec@uidaho.edu)[libspec@uidaho.edu]. The University of Idaho Library is not liable for any violations of the law by users.",http://rightsstatements.org/vocab/NoC-US/1.0/,eng,2011-08,http://www.lib.uidaho.edu/digital/,Jessica Hayes,2018-11-02,2018-11-02,http://digital.lib.uidaho.edu:80/cdm/ref/collection/fisher/id/30,30,64.cpd,/fisher/supp/30/index.pdf,fisher30
Receipt with Don Fisher's initials,"Fisher, Don",1920,1920,,"Receipt/envelope from Hodgins drug store in Moscow, Idaho bearing Don Fishers initials.",envelopes; ,,Don Custer Fisher,"Moscow, Idaho",United States;Idaho;Latah County;Moscow,46.732027,-117.001396,"Collection on Stanton G. Fisher, 1877-1988, MG 454, University of Idaho Library Special Collections and Archives",https://archiveswest.orbiscascade.org/ark:80444/xv28329,Stanton Gilbert Fisher Collection,University of Idaho Library,MG454_01_08_04,application/pdf,Envelope,Text,Original is 800 dpi TIFF. Displayed is 150 dpi jpg.,"Material has likely passed into public domain. Digital reproductions are made available by University of Idaho Library for educational purposes, and future use should acknowledge this repository. For more information, please contact University of Idaho Library Special Collections and Archives Department at (libspec@uidaho.edu)[libspec@uidaho.edu]. The University of Idaho Library is not liable for any violations of the law by users.",http://rightsstatements.org/vocab/NoC-US/1.0/,eng,2011-08,http://www.lib.uidaho.edu/digital/,Jessica Hayes,2018-11-02,2018-11-02,http://digital.lib.uidaho.edu:80/cdm/ref/collection/fisher/id/33,33,67.cpd,/fisher/supp/33/index.pdf,fisher33
Letter from William Johnson to Don Fisher,"Johnson, William",13 March 1916,1916-03-13,,"Letter and postmarked envelope from Lt. Col. William Johnson, a friend of Stanton Fisher.",correspondence; envelopes,,Stanton Gilbert Fisher; William Johnson,Washington DC,United States;Idaho;Idaho County;Grangeville; United States;Washington DC,38.9065,-77.036723,"Collection on Stanton G. Fisher, 1877-1988, MG 454, University of Idaho Library Special Collections and Archives",https://archiveswest.orbiscascade.org/ark:80444/xv28329,Stanton Gilbert Fisher Collection,University of Idaho Library,MG454_01_08_02,application/pdf,Letter,Text,Original is 800 dpi TIFF. Displayed is 150 dpi jpg.,"Material has likely passed into public domain. Digital reproductions are made available by University of Idaho Library for educational purposes, and future use should acknowledge this repository. For more information, please contact University of Idaho Library Special Collections and Archives Department at (libspec@uidaho.edu)[libspec@uidaho.edu]. The University of Idaho Library is not liable for any violations of the law by users.",http://rightsstatements.org/vocab/NoC-US/1.0/,eng,2011-08,http://www.lib.uidaho.edu/digital/,Jessica Hayes,2018-11-02,2018-11-02,http://digital.lib.uidaho.edu:80/cdm/ref/collection/fisher/id/38,38,72.cpd,/fisher/supp/38/index.pdf,fisher38
"Fisher family census records from 1880, 1910, and 1930",United States. Bureau of the Census.,1930,1930,,"Printed copies of census records of the Fisher Family, including Stanton Fisher's immediate family and records of his children.",census records,,Stanton Gilbert Fisher; Don Custer Fisher,Idaho,United States;Idaho;Custer County;Challis; United States;Idaho;Nez Perce County; Lewiston; United States;Idaho;Ada County;Boise;,43.616382,-116.251448,"Collection on Stanton G. Fisher, 1877-1988, MG 454, University of Idaho Library Special Collections and Archives",https://archiveswest.orbiscascade.org/ark:80444/xv28329,Stanton Gilbert Fisher Collection,University of Idaho Library,MG454_01_08_06,application/pdf,Legal Document,Text,Original is 600 dpi TIFF. Displayed is 150 dpi jpg.,"Material has likely passed into public domain. Digital reproductions are made available by University of Idaho Library for educational purposes, and future use should acknowledge this repository. For more information, please contact University of Idaho Library Special Collections and Archives Department at (libspec@uidaho.edu)[libspec@uidaho.edu]. The University of Idaho Library is not liable for any violations of the law by users.",http://rightsstatements.org/vocab/NoC-US/1.0/,eng,2011-08,http://www.lib.uidaho.edu/digital/,Jessica Hayes,2018-11-02,2018-11-02,http://digital.lib.uidaho.edu:80/cdm/ref/collection/fisher/id/43,43,77.cpd,/fisher/supp/43/index.pdf,fisher43
The Last of the Indian Chiefs,"Crawford, Jack, 1847-1917",01 February 1905,1905-02-01,,Article on several famous Indian chiefs published in Munsey's Magazine.,articles; Native American,,Chief Joseph; Geronimo; Sitting Bull; Spotted Tail; Red Cloud,New York,United States,40.709664,-74.006433,"Collection on Stanton G. Fisher, 1877-1988, MG 454, University of Idaho Library Special Collections and Archives",https://archiveswest.orbiscascade.org/ark:80444/xv28329,Stanton Gilbert Fisher Collection,University of Idaho Library,MG454_01_04_03,application/pdf,Magazine Article,Text,Original is 600 dpi TIFF. Displayed is 150 dpi jpg.,"Material has likely passed into public domain. Digital reproductions are made available by University of Idaho Library for educational purposes, and future use should acknowledge this repository. For more information, please contact University of Idaho Library Special Collections and Archives Department at (libspec@uidaho.edu)[libspec@uidaho.edu]. The University of Idaho Library is not liable for any violations of the law by users.",http://rightsstatements.org/vocab/NoC-US/1.0/,eng,2011-05,http://www.lib.uidaho.edu/digital/,Jessica Hayes,2018-11-02,2018-11-02,http://digital.lib.uidaho.edu:80/cdm/ref/collection/fisher/id/55,55,89.cpd,/fisher/supp/55/index.pdf,fisher55
Some Old Scouts and Their Deeds,"Lansing, David",01 June 1905,1905-06-01,,Article on several famous U.S. scouts published in Outing (Magazine).,articles;,,Indian Wars; Scouts,"Deposit, New York",United States,42.060309,-75.427478,"Collection on Stanton G. Fisher, 1877-1988, MG 454, University of Idaho Library Special Collections and Archives",https://archiveswest.orbiscascade.org/ark:80444/xv28329,Stanton Gilbert Fisher Collection,University of Idaho Library,MG454_01_04_04,application/pdf,Magazine Article,Text,Original is 600 dpi TIFF. Displayed is 150 dpi jpg.,"Material has likely passed into public domain. Digital reproductions are made available by University of Idaho Library for educational purposes, and future use should acknowledge this repository. For more information, please contact University of Idaho Library Special Collections and Archives Department at (libspec@uidaho.edu)[libspec@uidaho.edu]. The University of Idaho Library is not liable for any violations of the law by users.",http://rightsstatements.org/vocab/NoC-US/1.0/,eng,2011-05,http://www.lib.uidaho.edu/digital/,Jessica Hayes,2018-11-02,2018-11-02,http://digital.lib.uidaho.edu:80/cdm/ref/collection/fisher/id/67,67,101.cpd,/fisher/supp/67/index.pdf,fisher67
Stanton Gilbert Fisher's 1888 Trail Diary,"Fisher, Stanton Gilbert, 1840-1915",19 April 1888,1888-04-19,,Journal written by S. G. Fisher as he traveled across Idaho to a mining camp in 1888.,diaries,,Stanton Gilbert Fisher,Idaho,United States;Idaho,45.977802,-115.530002,"Collection on Stanton G. Fisher, 1877-1988, MG 454, University of Idaho Library Special Collections and Archives",https://archiveswest.orbiscascade.org/ark:80444/xv28329,Stanton Gilbert Fisher Collection,University of Idaho Library,MG454_01_07_01,application/pdf,Diary,Text,Original is 1200 dpi TIFF. Displayed is 150 dpi jpg.,"Material has likely passed into public domain. Digital reproductions are made available by University of Idaho Library for educational purposes, and future use should acknowledge this repository. For more information, please contact University of Idaho Library Special Collections and Archives Department at (libspec@uidaho.edu)[libspec@uidaho.edu]. The University of Idaho Library is not liable for any violations of the law by users.",http://rightsstatements.org/vocab/NoC-US/1.0/,eng,2011-05,http://www.lib.uidaho.edu/digital/,Jessica Hayes,2018-11-02,2018-11-02,http://digital.lib.uidaho.edu:80/cdm/ref/collection/fisher/id/86,86,120.cpd,/fisher/supp/86/index.pdf,fisher86
"Incidents Connected With The Early Settlement of Fort Hall, Idaho","Fisher, Stanton Gilbert, 1840-1915",1900,1900,,"Journal containing a number of stories concerning the early years of Fort Hall, Idaho. Stanton Fisher wrote this to record the tales he was told while living in the area.",diaries,Fort Hall (Idaho : Fort),Stanton Gilbert Fisher,"Fort Hall, Idaho",United States;Idaho;Bannock County;Fort Hall,43.030713,-112.435528,"Collection on Stanton G. Fisher, 1877-1988, MG 454, University of Idaho Library Special Collections and Archives",https://archiveswest.orbiscascade.org/ark:80444/xv28329,Stanton Gilbert Fisher Collection,University of Idaho Library,MG454_01_07_02,application/pdf,Journal,Text,Original is 600 dpi TIFF. Displayed is 150 dpi jpg.,"Material has likely passed into public domain. Digital reproductions are made available by University of Idaho Library for educational purposes, and future use should acknowledge this repository. For more information, please contact University of Idaho Library Special Collections and Archives Department at (libspec@uidaho.edu)[libspec@uidaho.edu]. The University of Idaho Library is not liable for any violations of the law by users.",http://rightsstatements.org/vocab/NoC-US/1.0/,eng,2011-07,http://www.lib.uidaho.edu/digital/,Jessica Hayes,2018-11-02,2018-11-02,http://digital.lib.uidaho.edu:80/cdm/ref/collection/fisher/id/127,127,161.cpd,/fisher/supp/127/index.pdf,fisher127
Collection of Short Stories by Stanton Fisher,"Fisher, Stanton Gilbert, 1840-1915",1900,1900,,"Journal containing three short stories written by Stanton Fisher: ""A Race That Wasn't Thrown"" and two untitled tales.",diaries; short stories,,Stanton Gilbert Fisher,Idaho,United States;Idaho; United States;Montana,45.977802,-115.530002,"Collection on Stanton G. Fisher, 1877-1988, MG 454, University of Idaho Library Special Collections and Archives",https://archiveswest.orbiscascade.org/ark:80444/xv28329,Stanton Gilbert Fisher Collection,University of Idaho Library,MG454_01_07_03,application/pdf,Journal,Text,Original is 600 dpi TIFF. Displayed is 150 dpi jpg.,"Material has likely passed into public domain. Digital reproductions are made available by University of Idaho Library for educational purposes, and future use should acknowledge this repository. For more information, please contact University of Idaho Library Special Collections and Archives Department at (libspec@uidaho.edu)[libspec@uidaho.edu]. The University of Idaho Library is not liable for any violations of the law by users.",http://rightsstatements.org/vocab/NoC-US/1.0/,eng,2011-07,http://www.lib.uidaho.edu/digital/,Jessica Hayes,2018-11-02,2018-11-02,http://digital.lib.uidaho.edu:80/cdm/ref/collection/fisher/id/172,172,206.cpd,/fisher/supp/172/index.pdf,fisher172
Fisher's Memoirs (1890 - 1935),"Fisher, Stanton Gilbert, 1840-1915",1935,1935,,"Fisher's Memoir's, with chapters covering: the journey to the Buffalo Country, Chief Tendoy and his camp, Indian Medicine and belief, Hunting buffalo on horseback, trouble with the cow Indians, Frank Fisher's Experience, Story of the Early Indian battles, Suffering during the winter of 1871-72, At the crow Indian agency, arrested for trading with the Indians, ,Stories of Ben Johnson, ""Fighter"", and Some Montana game and its habits.",memoirs; Native American,,Stanton Gilbert Fisher; Chief; Crow Indians; Buffalo; Yellowstone,"Fort Hall, Idaho",United States;Montana;Park County;Yellowstone National Park; United States;Idaho;Bannock County;Ross Fork,43.030713,-112.435528,"Collection on Stanton G. Fisher, 1877-1988, MG 454, University of Idaho Library Special Collections and Archives",https://archiveswest.orbiscascade.org/ark:80444/xv28329,Stanton Gilbert Fisher Collection,University of Idaho Library,fishermemoir,application/pdf,Memoir,Text,Original is 600 dpi TIFF. Displayed is 150 dpi jpg.,"Material has likely passed into public domain. Digital reproductions are made available by University of Idaho Library for educational purposes, and future use should acknowledge this repository. For more information, please contact University of Idaho Library Special Collections and Archives Department at (libspec@uidaho.edu)[libspec@uidaho.edu]. The University of Idaho Library is not liable for any violations of the law by users.",http://rightsstatements.org/vocab/NoC-US/1.0/,eng,2011-09,http://www.lib.uidaho.edu/digital/,Lynette Andersen,2018-11-02,2018-11-02,http://digital.lib.uidaho.edu:80/cdm/ref/collection/fisher/id/257,257,291.cpd,/fisher/supp/257/index.pdf,fisher257
Letter from Robert H. Fletcher to Stanton Gilbert Fisher,"Fletcher, Robert H.",03 September 1873,1873-09-03,,"Letter from the Nez Perce War informing Stanton Fisher of troop movements, giving him and his scouts directions.",correspondence,,Nez Perce War; Stanton Gilbert Fisher; Robert Fletcher;,"Camp Fitzgerald, Montana",United States;Montana;Park County;Yellow Stone National Park;Camp Fitzgerald,44.172796,-110.297924,"Collection on Stanton G. Fisher, 1877-1988, MG 454, University of Idaho Library Special Collections and Archives",https://archiveswest.orbiscascade.org/ark:80444/xv28329,Stanton Gilbert Fisher Collection,University of Idaho Library,MG454_01_01_01,image/jpeg,Letter,Text,Original is 600 dpi TIFF. Displayed is 150 dpi jpg.,"Material has likely passed into public domain. Digital reproductions are made available by University of Idaho Library for educational purposes, and future use should acknowledge this repository. For more information, please contact University of Idaho Library Special Collections and Archives Department at (libspec@uidaho.edu)[libspec@uidaho.edu]. The University of Idaho Library is not liable for any violations of the law by users.",http://rightsstatements.org/vocab/NoC-US/1.0/,eng,2011-05,http://www.lib.uidaho.edu/digital/,Jessica Hayes,2011-09-21,2018-11-02,http://digital.lib.uidaho.edu:80/cdm/ref/collection/fisher/id/258,258,1.jp2,/fisher/image/1.jp2,fisher258
Postcard of Nez Perce Indian war dance,National Photography Company,1912,1912,,"Postcard with photograph of Nez Perce Indian war dance from Grangeville, ID.",postcards; Native American,,Nez Perce; Grangeville,"Grangeville, Idaho",United States;Idaho;Idaho County;Grangeville,45.926235,-116.122023,"Collection on Stanton G. Fisher, 1877-1988, MG 454, University of Idaho Library Special Collections and Archives",https://archiveswest.orbiscascade.org/ark:80444/xv28329,Stanton Gilbert Fisher Collection,University of Idaho Library,MG454_01_03_A_06,image/jpeg,Postcard,Image;StillImage,Original is 1200 dpi TIFF. Displayed is 150 dpi jpg.,"In copyright, educational use permitted. Educational use includes non-commercial reproduction of text and images in materials for teaching and research purposes. For other contexts beyond fair use, including digital reproduction, please contact the University of Idaho Library Special Collections and Archives Department at (libspec@uidaho.edu)[libspec@uidaho.edu]. The University of Idaho Library is not liable for any violations of the law by users.",http://rightsstatements.org/vocab/InC-EDU/1.0/,eng,2011-05,http://www.lib.uidaho.edu/digital/,Jessica Hayes,2011-09-21,2018-11-02,http://digital.lib.uidaho.edu:80/cdm/ref/collection/fisher/id/259,259,10.jp2,/fisher/image/10.jp2,fisher259
Stanton Gilbert Fisher,,1880,1880,,"Portrait of Stanton Gilbert Fisher, pioneer and volunteer U.S. scout during the Nez Perce War.",portraits,"Fisher, Stanton Gilbert, 1840-1915",Nez Perce War; Stanton Gilbert Fisher,Idaho,United States,43.616382,-116.251448,"Collection on Stanton G. Fisher, 1877-1988, MG 454, University of Idaho Library Special Collections and Archives",https://archiveswest.orbiscascade.org/ark:80444/xv28329,Stanton Gilbert Fisher Collection,University of Idaho Library,MG454_01_03_A_08,image/jpeg,Photograph,Image;StillImage,Original is 1200 dpi TIFF. Displayed is 150 dpi jpg.,"Material has likely passed into public domain. Digital reproductions are made available by University of Idaho Library for educational purposes, and future use should acknowledge this repository. For more information, please contact University of Idaho Library Special Collections and Archives Department at (libspec@uidaho.edu)[libspec@uidaho.edu]. The University of Idaho Library is not liable for any violations of the law by users.",http://rightsstatements.org/vocab/NoC-US/1.0/,eng,2011-05,http://www.lib.uidaho.edu/digital/,Jessica Hayes,2011-09-21,2018-11-02,http://digital.lib.uidaho.edu:80/cdm/ref/collection/fisher/id/260,260,11.jp2,/fisher/image/11.jp2,fisher260
Postcard of Chief Yellow Bull of the Nez Perce Tribe,National Photography Company,1912,1912,,"Postcard with photograph of Chief Yellow Bull of the Nez Perce Tribe at Border Days in Grangeville, ID.",postcards; Native American,,Nez Perce; Yellow Bull; Grangeville,"Grangeville, Idaho",United States;Idaho;Idaho County;Grangeville,45.926235,-116.122023,"Collection on Stanton G. Fisher, 1877-1988, MG 454, University of Idaho Library Special Collections and Archives",https://archiveswest.orbiscascade.org/ark:80444/xv28329,Stanton Gilbert Fisher Collection,University of Idaho Library,MG454_01_03_A_07,image/jpeg,Postcard,Image;StillImage,Original is 1200 dpi TIFF. Displayed is 150 dpi jpg.,"In copyright, educational use permitted. Educational use includes non-commercial reproduction of text and images in materials for teaching and research purposes. For other contexts beyond fair use, including digital reproduction, please contact the University of Idaho Library Special Collections and Archives Department at (libspec@uidaho.edu)[libspec@uidaho.edu]. The University of Idaho Library is not liable for any violations of the law by users.",http://rightsstatements.org/vocab/InC-EDU/1.0/,eng,2011-05,http://www.lib.uidaho.edu/digital/,Jessica Hayes,2011-09-21,2018-11-02,http://digital.lib.uidaho.edu:80/cdm/ref/collection/fisher/id/261,261,12.jp2,/fisher/image/12.jp2,fisher261
Chief Joseph [01],,1880,1880,,Photograph of Chief Joseph.,portraits; Native American,,,"Yellowstone National Park, Montana",United States,44.413689,-110.577893,"Collection on Stanton G. Fisher, 1877-1988, MG 454, University of Idaho Library Special Collections and Archives",https://archiveswest.orbiscascade.org/ark:80444/xv28329,Stanton Gilbert Fisher Collection,University of Idaho Library,MG454_01_03_A_09,image/jpeg,Photograph,Image;StillImage,Original is 1200 dpi TIFF. Displayed is 150 dpi jpg.,"Material has likely passed into public domain. Digital reproductions are made available by University of Idaho Library for educational purposes, and future use should acknowledge this repository. For more information, please contact University of Idaho Library Special Collections and Archives Department at (libspec@uidaho.edu)[libspec@uidaho.edu]. The University of Idaho Library is not liable for any violations of the law by users.",http://rightsstatements.org/vocab/NoC-US/1.0/,eng,2011-05,http://www.lib.uidaho.edu/digital/,Jessica Hayes,2011-09-21,2018-11-02,http://digital.lib.uidaho.edu:80/cdm/ref/collection/fisher/id/262,262,13.jp2,/fisher/image/13.jp2,fisher262
Memorial of Chief Joseph's capture of Montana tourists,,1940-1960,1950,,"Memorial of Chief Joseph's capture of Montana tourists on August 24, 1877 in Yellowstone Park.",informational signs,,Nez Perce War; Chief Joseph; Yellowstone,"Yellowstone National Park, Montana",United States;Montana;Park County;Yellowstone National Park,44.413689,-110.577893,"Collection on Stanton G. Fisher, 1877-1988, MG 454, University of Idaho Library Special Collections and Archives",https://archiveswest.orbiscascade.org/ark:80444/xv28329,Stanton Gilbert Fisher Collection,University of Idaho Library,MG454_01_03_B_01,image/jpeg,Photograph,Image;StillImage,Original is 1200 dpi TIFF. Displayed is 150 dpi jpg.,"In copyright, educational use permitted. Educational use includes non-commercial reproduction of text and images in materials for teaching and research purposes. For other contexts beyond fair use, including digital reproduction, please contact the University of Idaho Library Special Collections and Archives Department at (libspec@uidaho.edu)[libspec@uidaho.edu]. The University of Idaho Library is not liable for any violations of the law by users.",http://rightsstatements.org/vocab/InC-EDU/1.0/,eng,2011-05,http://www.lib.uidaho.edu/digital/,Jessica Hayes,2011-09-21,2018-11-02,http://digital.lib.uidaho.edu:80/cdm/ref/collection/fisher/id/263,263,14.jp2,/fisher/image/14.jp2,fisher263
"Gravestone for Johnathan Chamberlin and his daughter, Hattie",,1940-1960,1950,,"Photograph of the gravestone for Johnathan Chamberlin and his daughter, Hattie, killed by Nez Perce tribe members.",grave markers,,Nez Perce War; Cemetery; Johnathan Chamberlin,"Mount Idaho, Idaho",United States;Idaho; United States;Montana,45.903694,-116.081853,"Collection on Stanton G. Fisher, 1877-1988, MG 454, University of Idaho Library Special Collections and Archives",https://archiveswest.orbiscascade.org/ark:80444/xv28329,Stanton Gilbert Fisher Collection,University of Idaho Library,MG454_01_03_B_02,image/jpeg,Photograph,Image;StillImage,Original is 1200 dpi TIFF. Displayed is 150 dpi jpg.,"In copyright, educational use permitted. Educational use includes non-commercial reproduction of text and images in materials for teaching and research purposes. For other contexts beyond fair use, including digital reproduction, please contact the University of Idaho Library Special Collections and Archives Department at (libspec@uidaho.edu)[libspec@uidaho.edu]. The University of Idaho Library is not liable for any violations of the law by users.",http://rightsstatements.org/vocab/InC-EDU/1.0/,eng,2011-05,http://www.lib.uidaho.edu/digital/,Jessica Hayes,2011-09-21,2018-11-02,http://digital.lib.uidaho.edu:80/cdm/ref/collection/fisher/id/264,264,15.jp2,/fisher/image/15.jp2,fisher264
Fencepost possibly at the cemetary containing the grave of Johnathon Chamberlin,,1940-1960,1950,,"Photograph of a fence post, possibly taken at the cemetery containing the grave of Johnathan Chamberlin.",fence post,,Nez Perce War; Cemetery; Johnathan Chamberlin,"Mount Idaho, Idaho",United States;Idaho; United States;Montana,45.903694,-116.081853,"Collection on Stanton G. Fisher, 1877-1988, MG 454, University of Idaho Library Special Collections and Archives",https://archiveswest.orbiscascade.org/ark:80444/xv28329,Stanton Gilbert Fisher Collection,University of Idaho Library,MG454_01_03_B_05,image/jpeg,Photograph,Image;StillImage,Original is 1200 dpi TIFF. Displayed is 150 dpi jpg.,"In copyright, educational use permitted. Educational use includes non-commercial reproduction of text and images in materials for teaching and research purposes. For other contexts beyond fair use, including digital reproduction, please contact the University of Idaho Library Special Collections and Archives Department at (libspec@uidaho.edu)[libspec@uidaho.edu]. The University of Idaho Library is not liable for any violations of the law by users.",http://rightsstatements.org/vocab/InC-EDU/1.0/,eng,2011-08,http://www.lib.uidaho.edu/digital/,Jessica Hayes,2011-09-21,2018-11-02,http://digital.lib.uidaho.edu:80/cdm/ref/collection/fisher/id/265,265,16.jp2,/fisher/image/16.jp2,fisher265
Foster's Monument [1],"Barker, G.V.",undated,1950,yes,"Photograph of a sign marking where General Howard's Headquarters was located on September 1, 1877. It says ""The ford by which the Nez Perces crossed the riber is about half a mile distant. Howard did not follow them but took his command down the left bank of the river, over Mount Washburn, and crossed the Yellowstone at Baronets bridge.""",informational signs,,Nez Perce War; William Foster,"Yellowstone National Park, Montana",United States;Idaho;Idaho County;Grangeville,44.930205,-110.403294,"Collection on Stanton G. Fisher, 1877-1988, MG 454, University of Idaho Library Special Collections and Archives",https://archiveswest.orbiscascade.org/ark:80444/xv28329,Stanton Gilbert Fisher Collection,University of Idaho Library,MG454_01_03_B_06,image/jpeg,Photograph,Image;StillImage,Original is 1200 dpi TIFF. Displayed is 150 dpi jpg.,"In copyright, educational use permitted. Educational use includes non-commercial reproduction of text and images in materials for teaching and research purposes. For other contexts beyond fair use, including digital reproduction, please contact the University of Idaho Library Special Collections and Archives Department at (libspec@uidaho.edu)[libspec@uidaho.edu]. The University of Idaho Library is not liable for any violations of the law by users.",http://rightsstatements.org/vocab/InC-EDU/1.0/,eng,2011-05,http://www.lib.uidaho.edu/digital/,Jessica Hayes,2011-09-21,2018-11-02,http://digital.lib.uidaho.edu:80/cdm/ref/collection/fisher/id/266,266,17.jp2,/fisher/image/17.jp2,fisher266
"Gravestone for Johnathan Chamberlin and his daughter, Hattie",,1940-1960,1950,,"Photograph of the gravestone for Johnathan Chamberlin and his daughter, Hattie, killed by the Nez Perce Indians.",grave markers,,Nez Perce War; Cemetery; Johnathan Chamberlin,"Mount Idaho, Idaho",United States;Idaho; United States;Montana,45.903694,-116.081853,"Collection on Stanton G. Fisher, 1877-1988, MG 454, University of Idaho Library Special Collections and Archives",https://archiveswest.orbiscascade.org/ark:80444/xv28329,Stanton Gilbert Fisher Collection,University of Idaho Library,MG454_01_03_B_03,image/jpeg,Photograph,Image;StillImage,Original is 1200 dpi TIFF. Displayed is 150 dpi jpg.,"In copyright, educational use permitted. Educational use includes non-commercial reproduction of text and images in materials for teaching and research purposes. For other contexts beyond fair use, including digital reproduction, please contact the University of Idaho Library Special Collections and Archives Department at (libspec@uidaho.edu)[libspec@uidaho.edu]. The University of Idaho Library is not liable for any violations of the law by users.",http://rightsstatements.org/vocab/InC-EDU/1.0/,eng,2011-05,http://www.lib.uidaho.edu/digital/,Jessica Hayes,2011-09-21,2018-11-02,http://digital.lib.uidaho.edu:80/cdm/ref/collection/fisher/id/267,267,18.jp2,/fisher/image/18.jp2,fisher267
General Howards Headquarters sign,Haynes,undated,1950,yes,Photograph of a monument dedicated to William Foster,monuments,"Howard, O. O.  (Oliver Otis), 1830-1909",Nez Perce War; General Howard; Yellowstone,"Cottonwood, Idaho",United States;Montana;Park County;Yellowstone National Park,46.048814,-116.349757,"Collection on Stanton G. Fisher, 1877-1988, MG 454, University of Idaho Library Special Collections and Archives",https://archiveswest.orbiscascade.org/ark:80444/xv28329,Stanton Gilbert Fisher Collection,University of Idaho Library,MG454_01_03_B_07,image/jpeg,Photograph,Image;StillImage,Original is 1200 dpi TIFF. Displayed is 150 dpi jpg.,"In copyright, educational use permitted. Educational use includes non-commercial reproduction of text and images in materials for teaching and research purposes. For other contexts beyond fair use, including digital reproduction, please contact the University of Idaho Library Special Collections and Archives Department at (libspec@uidaho.edu)[libspec@uidaho.edu]. The University of Idaho Library is not liable for any violations of the law by users.",http://rightsstatements.org/vocab/InC-EDU/1.0/,eng,2011-05,http://www.lib.uidaho.edu/digital/,Jessica Hayes,2011-09-21,2018-11-02,http://digital.lib.uidaho.edu:80/cdm/ref/collection/fisher/id/268,268,19.jp2,/fisher/image/19.jp2,fisher268
Campaign in Central Idaho (Map),"Crandall, F.",23 October 1923,1923-10-23,,Map showing significant places and events of the Nez Perce War that occurred in central Idaho.,battlefield maps,,Nez Perce War; F. Crandall; Central Idaho,Idaho,United States;Idaho,46.234947,-116.470614,"Collection on Stanton G. Fisher, 1877-1988, MG 454, University of Idaho Library Special Collections and Archives",https://archiveswest.orbiscascade.org/ark:80444/xv28329,Stanton Gilbert Fisher Collection,University of Idaho Library,MG454_01_02_01,image/jpeg,Map,Image;StillImage,Original is 600 dpi TIFF. Displayed is 150 dpi jpg.,"Material has likely passed into public domain. Digital reproductions are made available by University of Idaho Library for educational purposes, and future use should acknowledge this repository. For more information, please contact University of Idaho Library Special Collections and Archives Department at (libspec@uidaho.edu)[libspec@uidaho.edu]. The University of Idaho Library is not liable for any violations of the law by users.",http://rightsstatements.org/vocab/NoC-US/1.0/,eng,2011-05,http://www.lib.uidaho.edu/digital/,Jessica Hayes,2011-09-21,2018-11-02,http://digital.lib.uidaho.edu:80/cdm/ref/collection/fisher/id/269,269,2.jp2,/fisher/image/2.jp2,fisher269
Whitebird Battleground,,undated,1950,yes,"Photograph of White Bird Battlefield, south of Grangeville, Idaho.",battlefields; photographs,,Nez Perce War; Whitebird battlefield,"Whitebird, Idaho",United States;Idaho;Idaho County;Grangeville,45.761808,-116.300846,"Collection on Stanton G. Fisher, 1877-1988, MG 454, University of Idaho Library Special Collections and Archives",https://archiveswest.orbiscascade.org/ark:80444/xv28329,Stanton Gilbert Fisher Collection,University of Idaho Library,MG454_01_03_B_08,image/jpeg,Photograph,Image;StillImage,Original is 1200 dpi TIFF. Displayed is 150 dpi jpg.,"In copyright, educational use permitted. Educational use includes non-commercial reproduction of text and images in materials for teaching and research purposes. For other contexts beyond fair use, including digital reproduction, please contact the University of Idaho Library Special Collections and Archives Department at (libspec@uidaho.edu)[libspec@uidaho.edu]. The University of Idaho Library is not liable for any violations of the law by users.",http://rightsstatements.org/vocab/InC-EDU/1.0/,eng,2011-05,http://www.lib.uidaho.edu/digital/,Jessica Hayes,2011-09-21,2018-11-02,http://digital.lib.uidaho.edu:80/cdm/ref/collection/fisher/id/270,270,20.jp2,/fisher/image/20.jp2,fisher270
Photocopied photos of soldiers and scouts from the Nez Perce War of 1877,,undated,1900,yes,Photocopy of portraits of men who participated in the Indian Wars in the Pacific Northwest. Location of original is unknown.,photocopies; collages (visual works); soldiers; ,,Indian Wars; Stanton Gilbert Fisher,Idaho,United States,46.234947,-116.470614,"Collection on Stanton G. Fisher, 1877-1988, MG 454, University of Idaho Library Special Collections and Archives",https://archiveswest.orbiscascade.org/ark:80444/xv28329,Stanton Gilbert Fisher Collection,University of Idaho Library,MG454_01_03_01,image/jpeg,Photograph,Image;StillImage,Original is 1200 dpi TIFF. Displayed is 150 dpi jpg.,"Material has likely passed into public domain. Digital reproductions are made available by University of Idaho Library for educational purposes, and future use should acknowledge this repository. For more information, please contact University of Idaho Library Special Collections and Archives Department at (libspec@uidaho.edu)[libspec@uidaho.edu]. The University of Idaho Library is not liable for any violations of the law by users.",http://rightsstatements.org/vocab/NoC-US/1.0/,eng,2011-05,http://www.lib.uidaho.edu/digital/,Jessica Hayes,2011-09-21,2018-11-02,http://digital.lib.uidaho.edu:80/cdm/ref/collection/fisher/id/271,271,21.jp2,/fisher/image/21.jp2,fisher271
Chief Joseph [02],"Moorhouse, Lee, 1850-1926",1901,1901,,Portrait of Chief Joseph.,portraits; Native American,"Joseph, Nez Percé Chief, 1840-1904",Nez Percé  Indians; Chief Joseph,"Pendleton, Oregon",United States,45.672401,-118.7887,"Collection on Stanton G. Fisher, 1877-1988, MG 454, University of Idaho Library Special Collections and Archives",https://archiveswest.orbiscascade.org/ark:80444/xv28329,Stanton Gilbert Fisher Collection,University of Idaho Library,MG454_01_03_02,image/jpeg,Photograph,Image;StillImage,Original is 600 dpi TIFF. Displayed is 150 dpi jpg.,"Material has likely passed into public domain. Digital reproductions are made available by University of Idaho Library for educational purposes, and future use should acknowledge this repository. For more information, please contact University of Idaho Library Special Collections and Archives Department at (libspec@uidaho.edu)[libspec@uidaho.edu]. The University of Idaho Library is not liable for any violations of the law by users.",http://rightsstatements.org/vocab/NoC-US/1.0/,eng,2011-05,http://www.lib.uidaho.edu/digital/,Jessica Hayes,2011-09-21,2018-11-02,http://digital.lib.uidaho.edu:80/cdm/ref/collection/fisher/id/272,272,22.jp2,/fisher/image/22.jp2,fisher272
"Battlefield, Beaverhead Nat'l Forest, Montana [01]",United States. Forest Service,1930,1930,,Photograph of a monument in Beaverhead National Forest erected in memory of those who died while fighting in the Nez Perce Wars.,battlefields; photographs; monuments,"Big Hole, Battle of the, Mont., 1877",Nez Perce War; Beaverhead National Forest,"Big Hole National Battlefield, Montana",United States;Montana;Beaverhead County;Beaverhead National Forest,45.641482,-113.64284,"Collection on Stanton G. Fisher, 1877-1988, MG 454, University of Idaho Library Special Collections and Archives",https://archiveswest.orbiscascade.org/ark:80444/xv28329,Stanton Gilbert Fisher Collection,University of Idaho Library,MG454_01_03_03,image/jpeg,Photograph,Image;StillImage,Original is 800 dpi TIFF. Displayed is 150 dpi jpg.,"In copyright, educational use permitted. Educational use includes non-commercial reproduction of text and images in materials for teaching and research purposes. For other contexts beyond fair use, including digital reproduction, please contact the University of Idaho Library Special Collections and Archives Department at (libspec@uidaho.edu)[libspec@uidaho.edu]. The University of Idaho Library is not liable for any violations of the law by users.",http://rightsstatements.org/vocab/InC-EDU/1.0/,eng,2011-05,http://www.lib.uidaho.edu/digital/,Jessica Hayes,2011-09-21,2018-11-02,http://digital.lib.uidaho.edu:80/cdm/ref/collection/fisher/id/273,273,23.jp2,/fisher/image/23.jp2,fisher273
Monument at Big Hole Battleground,United States. Forest Service,1930,1930,,Photograph of a monument on the Big Hole Battle Field in Beaverhead National Forest.,battlefields; photographs; monuments,"Big Hole, Battle of the, Mont., 1877",Nez Perce War; Big Hole Battlefield,"Big Hole National Battlefield, Montana",United States;Montana;Beaverhead County;Beaverhead National Forest,45.641482,-113.64284,"Collection on Stanton G. Fisher, 1877-1988, MG 454, University of Idaho Library Special Collections and Archives",https://archiveswest.orbiscascade.org/ark:80444/xv28329,Stanton Gilbert Fisher Collection,University of Idaho Library,MG454_01_03_04,image/jpeg,Photograph,Image;StillImage,Original is 800 dpi TIFF. Displayed is 150 dpi jpg.,"In copyright, educational use permitted. Educational use includes non-commercial reproduction of text and images in materials for teaching and research purposes. For other contexts beyond fair use, including digital reproduction, please contact the University of Idaho Library Special Collections and Archives Department at (libspec@uidaho.edu)[libspec@uidaho.edu]. The University of Idaho Library is not liable for any violations of the law by users.",http://rightsstatements.org/vocab/InC-EDU/1.0/,eng,2011-05,http://www.lib.uidaho.edu/digital/,Jessica Hayes,2011-09-21,2018-11-02,http://digital.lib.uidaho.edu:80/cdm/ref/collection/fisher/id/274,274,24.jp2,/fisher/image/24.jp2,fisher274
Foster's Monument [2],"Barker, G. V.",undated,1950,yes,Photograph of the spot where William Foster fell.,monuments,,Nez Perce War; William Foster,"Cottonwood, Idaho",United States;Idaho;Idaho County;Grangeville,46.048814,-116.349757,"Collection on Stanton G. Fisher, 1877-1988, MG 454, University of Idaho Library Special Collections and Archives",https://archiveswest.orbiscascade.org/ark:80444/xv28329,Stanton Gilbert Fisher Collection,University of Idaho Library,MG454_01_03_05,image/jpeg,Photograph,Image;StillImage,Original is 800 dpi TIFF. Displayed is 150 dpi jpg.,"In copyright, educational use permitted. Educational use includes non-commercial reproduction of text and images in materials for teaching and research purposes. For other contexts beyond fair use, including digital reproduction, please contact the University of Idaho Library Special Collections and Archives Department at (libspec@uidaho.edu)[libspec@uidaho.edu]. The University of Idaho Library is not liable for any violations of the law by users.",http://rightsstatements.org/vocab/InC-EDU/1.0/,eng,2011-05,http://www.lib.uidaho.edu/digital/,Jessica Hayes,2011-09-21,2018-11-02,http://digital.lib.uidaho.edu:80/cdm/ref/collection/fisher/id/275,275,25.jp2,/fisher/image/25.jp2,fisher275
Portrait of Chief Ollokot,,1900,1900,,"Portrait of Chief Ollocot, Chief Joseph's brother.",portraits; Native American,"Ollokot, Nez Percé Chief, 1844?-1877",Nez Perce; Chief Ollokot,"Walla Walla, Washington",United States,46.064197,-118.3429,"Collection on Stanton G. Fisher, 1877-1988, MG 454, University of Idaho Library Special Collections and Archives",https://archiveswest.orbiscascade.org/ark:80444/xv28329,Stanton Gilbert Fisher Collection,University of Idaho Library,MG454_01_03_06,image/jpeg,Photograph,Image;StillImage,Original is 600 dpi TIFF. Displayed is 150 dpi jpg.,"Material has likely passed into public domain. Digital reproductions are made available by University of Idaho Library for educational purposes, and future use should acknowledge this repository. For more information, please contact University of Idaho Library Special Collections and Archives Department at (libspec@uidaho.edu)[libspec@uidaho.edu]. The University of Idaho Library is not liable for any violations of the law by users.",http://rightsstatements.org/vocab/NoC-US/1.0/,eng,2011-05,http://www.lib.uidaho.edu/digital/,Jessica Hayes,2011-09-21,2018-11-02,http://digital.lib.uidaho.edu:80/cdm/ref/collection/fisher/id/276,276,26.jp2,/fisher/image/26.jp2,fisher276
Colonel Redington Pays Tribute to Super-Scout,,1930,1930,,Newspaper clipping containing Colonel J. W.  Redington's tribute to S. G. Fisher's valuable contributions as a scout during the Nez Perce War.,newspaper clippings; photocopies,"Redington, John W., 1851-1935 ; Fisher, Stanton Gilbert, 1840-1915",Nez Perce War; J. W. Redington; Stanton Gilbert Fisher,Idaho,United States;Idaho,43.616382,-116.251448,"Collection on Stanton G. Fisher, 1877-1988, MG 454, University of Idaho Library Special Collections and Archives",https://archiveswest.orbiscascade.org/ark:80444/xv28329,Stanton Gilbert Fisher Collection,University of Idaho Library,MG454_01_06_01,image/jpeg,Newspaper Article,Image;StillImage; Text,Original is 600 dpi TIFF. Displayed is 150 dpi jpg.,"In copyright, educational use permitted. Educational use includes non-commercial reproduction of text and images in materials for teaching and research purposes. For other contexts beyond fair use, including digital reproduction, please contact the University of Idaho Library Special Collections and Archives Department at (libspec@uidaho.edu)[libspec@uidaho.edu]. The University of Idaho Library is not liable for any violations of the law by users.",http://rightsstatements.org/vocab/InC-EDU/1.0/,eng,2011-05,http://www.lib.uidaho.edu/digital/,Jessica Hayes,2011-09-21,2018-11-02,http://digital.lib.uidaho.edu:80/cdm/ref/collection/fisher/id/277,277,27.jp2,/fisher/image/27.jp2,fisher277
Scouts Saved the Troopers,,1930,1930,,"Newspaper clipping from the Grant County, Oregon News. Records one of J. W. Redington's successful scouting missions during the Indian Wars.",newspaper clippings,,Indian Wars; J. W. Redington,"John Day, Oregon",United States;Oregon;Grant County;John Day,44.417835,-118.95214,"Collection on Stanton G. Fisher, 1877-1988, MG 454, University of Idaho Library Special Collections and Archives",https://archiveswest.orbiscascade.org/ark:80444/xv28329,Stanton Gilbert Fisher Collection,University of Idaho Library,MG454_01_06_02,image/jpeg,Newspaper Article,Text,Original is 600 dpi TIFF. Displayed is 150 dpi jpg.,"In copyright, educational use permitted. Educational use includes non-commercial reproduction of text and images in materials for teaching and research purposes. For other contexts beyond fair use, including digital reproduction, please contact the University of Idaho Library Special Collections and Archives Department at (libspec@uidaho.edu)[libspec@uidaho.edu]. The University of Idaho Library is not liable for any violations of the law by users.",http://rightsstatements.org/vocab/InC-EDU/1.0/,eng,2011-05,http://www.lib.uidaho.edu/digital/,Jessica Hayes,2011-09-21,2018-11-02,http://digital.lib.uidaho.edu:80/cdm/ref/collection/fisher/id/278,278,28.jp2,/fisher/image/28.jp2,fisher278
Always Welcome,,1930,1930,,"Reprinted newspaper clipping from the Walla Walla Statesman. Commemorates a visit J. W. Redington paid to Walla Walla, Washington.",newspaper clippings,"Redington, John W., 1851-1935",J. W. Redington,"Walla Walla, Washington",United States;Washington;Walla Walla County;Walla Walla,46.064197,-118.3429,"Collection on Stanton G. Fisher, 1877-1988, MG 454, University of Idaho Library Special Collections and Archives",https://archiveswest.orbiscascade.org/ark:80444/xv28329,Stanton Gilbert Fisher Collection,University of Idaho Library,MG454_01_06_03,image/jpeg,Newspaper Article,Text,Original is 600 dpi TIFF. Displayed is 150 dpi jpg.,"In copyright, educational use permitted. Educational use includes non-commercial reproduction of text and images in materials for teaching and research purposes. For other contexts beyond fair use, including digital reproduction, please contact the University of Idaho Library Special Collections and Archives Department at (libspec@uidaho.edu)[libspec@uidaho.edu]. The University of Idaho Library is not liable for any violations of the law by users.",http://rightsstatements.org/vocab/InC-EDU/1.0/,eng,2011-05,http://www.lib.uidaho.edu/digital/,Jessica Hayes,2011-09-21,2018-11-02,http://digital.lib.uidaho.edu:80/cdm/ref/collection/fisher/id/279,279,29.jp2,/fisher/image/29.jp2,fisher279
Joseph's Retreat (Map),"Crandall, F.",20 October 1923,1923-10-20,,Map detailing the path of the Nez Perce Indians' retreat from Idaho into Montana during the Nez Perce War.,battlefield maps,,Nez Perce War; F. Crandall; Central Idaho; Chief Joseph,Idaho,United States;Idaho; United States;Montana,46.234947,-116.470614,"Collection on Stanton G. Fisher, 1877-1988, MG 454, University of Idaho Library Special Collections and Archives",https://archiveswest.orbiscascade.org/ark:80444/xv28329,Stanton Gilbert Fisher Collection,University of Idaho Library,MG454_01_02_03,image/jpeg,Map,Image;StillImage,Original is 600 dpi TIFF. Displayed is 150 dpi jpg.,"Material has likely passed into public domain. Digital reproductions are made available by University of Idaho Library for educational purposes, and future use should acknowledge this repository. For more information, please contact University of Idaho Library Special Collections and Archives Department at (libspec@uidaho.edu)[libspec@uidaho.edu]. The University of Idaho Library is not liable for any violations of the law by users.",http://rightsstatements.org/vocab/NoC-US/1.0/,eng,2011-05,http://www.lib.uidaho.edu/digital/,Jessica Hayes,2011-09-21,2018-11-02,http://digital.lib.uidaho.edu:80/cdm/ref/collection/fisher/id/280,280,3.jp2,/fisher/image/3.jp2,fisher280
Saw Indian War,,1930,1930,,Newspaper clipping from the Lewiston Tribune. Relates the experiences of Mrs. H C. Roadruck during the Nez Perce War.,newspaper clippings,,Nez Perce War,"Lewiston, Idaho",United States;Washington;Asotin County;Clarkston,46.422589,-117.026587,"Collection on Stanton G. Fisher, 1877-1988, MG 454, University of Idaho Library Special Collections and Archives",https://archiveswest.orbiscascade.org/ark:80444/xv28329,Stanton Gilbert Fisher Collection,University of Idaho Library,MG454_01_06_04,image/jpeg,Newspaper Article,Text,Original is 600 dpi TIFF. Displayed is 150 dpi jpg.,"In copyright, educational use permitted. Educational use includes non-commercial reproduction of text and images in materials for teaching and research purposes. For other contexts beyond fair use, including digital reproduction, please contact the University of Idaho Library Special Collections and Archives Department at (libspec@uidaho.edu)[libspec@uidaho.edu]. The University of Idaho Library is not liable for any violations of the law by users.",http://rightsstatements.org/vocab/InC-EDU/1.0/,eng,2011-05,http://www.lib.uidaho.edu/digital/,Jessica Hayes,2011-09-21,2018-11-02,http://digital.lib.uidaho.edu:80/cdm/ref/collection/fisher/id/281,281,30.jp2,/fisher/image/30.jp2,fisher281
Redington Tried to Attend Dinner,"Redington, John W., 1851-1935",1922,1922,,"Newspaper clipping from the Salem, Oregon Statesman. Relays a tongue-in-cheek letter written to the paper allegedly written by J. W. Redington.",newspaper clippings,,J. W. Redington,"Salem, Oregon",United States;Oregon;Marion County;Salem,44.911694,-123.044368,"Collection on Stanton G. Fisher, 1877-1988, MG 454, University of Idaho Library Special Collections and Archives",https://archiveswest.orbiscascade.org/ark:80444/xv28329,Stanton Gilbert Fisher Collection,University of Idaho Library,MG454_01_06_06,image/jpeg,Newspaper Article,Text,Original is 600 dpi TIFF. Displayed is 150 dpi jpg.,"In copyright, educational use permitted. Educational use includes non-commercial reproduction of text and images in materials for teaching and research purposes. For other contexts beyond fair use, including digital reproduction, please contact the University of Idaho Library Special Collections and Archives Department at (libspec@uidaho.edu)[libspec@uidaho.edu]. The University of Idaho Library is not liable for any violations of the law by users.",http://rightsstatements.org/vocab/InC-EDU/1.0/,eng,2011-05,http://www.lib.uidaho.edu/digital/,Jessica Hayes,2011-09-21,2018-11-02,http://digital.lib.uidaho.edu:80/cdm/ref/collection/fisher/id/282,282,31.jp2,/fisher/image/31.jp2,fisher282
His Mother's Influence Was Guiding Power of Warren Harding's Life,,03 August 1923,1923-08-03,,"Newspaper clipping from the Spokesman Review discussing Warren G. Harding's personal family life, particularly his mother. Relation to collection unknown.",newspaper clippings,"Harding, Warren G. (Warren Gamaliel), 1865-1923",Warren G. Harding,"Spokane, Washington",United States;Washington;Spokane County;Spokane,47.658021,-117.426161,"Collection on Stanton G. Fisher, 1877-1988, MG 454, University of Idaho Library Special Collections and Archives",https://archiveswest.orbiscascade.org/ark:80444/xv28329,Stanton Gilbert Fisher Collection,University of Idaho Library,MG454_01_06_07,image/jpeg,Newspaper Article,Text,Original is 600 dpi TIFF. Displayed is 150 dpi jpg.,"Material has likely passed into public domain. Digital reproductions are made available by University of Idaho Library for educational purposes, and future use should acknowledge this repository. For more information, please contact University of Idaho Library Special Collections and Archives Department at (libspec@uidaho.edu)[libspec@uidaho.edu]. The University of Idaho Library is not liable for any violations of the law by users.",http://rightsstatements.org/vocab/NoC-US/1.0/,eng,2011-08,http://www.lib.uidaho.edu/digital/,Jessica Hayes,2011-09-21,2018-11-02,http://digital.lib.uidaho.edu:80/cdm/ref/collection/fisher/id/283,283,32.jp2,/fisher/image/32.jp2,fisher283
Envelope to Fred Rice from Freda Terry,"Terry, Freda V.",1988,1988,,"Envelope from Freda Terry, Stanton Fisher's granddaughter and Don Custer's niece. Sent to Fred Rice, most likely a member of the La Quinta Historical Society.",envelopes,,Stanton Gilbert Fisher; Freda Terry; Fred Rice,"La Quinta, California",United States;California;Riverside County;La Quinta,33.670889,-116.264256,"Collection on Stanton G. Fisher, 1877-1988, MG 454, University of Idaho Library Special Collections and Archives",https://archiveswest.orbiscascade.org/ark:80444/xv28329,Stanton Gilbert Fisher Collection,University of Idaho Library,MG454_01_08_05,image/jpeg,Envelope,Text,Original is 600 dpi TIFF. Displayed is 150 dpi jpg.,"In copyright, educational use permitted. Educational use includes non-commercial reproduction of text and images in materials for teaching and research purposes. For other contexts beyond fair use, including digital reproduction, please contact the University of Idaho Library Special Collections and Archives Department at (libspec@uidaho.edu)[libspec@uidaho.edu]. The University of Idaho Library is not liable for any violations of the law by users.",http://rightsstatements.org/vocab/InC-EDU/1.0/,eng,2011-08,http://www.lib.uidaho.edu/digital/,Jessica Hayes,2011-09-21,2018-11-02,http://digital.lib.uidaho.edu:80/cdm/ref/collection/fisher/id/284,284,33.jp2,/fisher/image/33.jp2,fisher284
Map of Central Idaho,"Crandall, F.",1900,1900,,"Map of central Idaho, emphasizing geographic features.",maps (documents),,Central Idaho; F. Crandall,Idaho,Idaho,44.771719,-115.458701,"Collection on Stanton G. Fisher, 1877-1988, MG 454, University of Idaho Library Special Collections and Archives",https://archiveswest.orbiscascade.org/ark:80444/xv28329,Stanton Gilbert Fisher Collection,University of Idaho Library,MG454_01_02_04,image/jpeg,Map,Image;StillImage,Original is 600 dpi TIFF. Displayed is 150 dpi jpg.,"Material has likely passed into public domain. Digital reproductions are made available by University of Idaho Library for educational purposes, and future use should acknowledge this repository. For more information, please contact University of Idaho Library Special Collections and Archives Department at (libspec@uidaho.edu)[libspec@uidaho.edu]. The University of Idaho Library is not liable for any violations of the law by users.",http://rightsstatements.org/vocab/NoC-US/1.0/,eng,2011-05,http://www.lib.uidaho.edu/digital/,Jessica Hayes,2011-09-21,2018-11-02,http://digital.lib.uidaho.edu:80/cdm/ref/collection/fisher/id/285,285,4.jp2,/fisher/image/4.jp2,fisher285
Major Edward S. Farrow,,1875,1875,,"Photograph of Major Edward S. Farrow, who served as a lieutenant during the Nez Perce War.",portraits,"Farrow, Edward S. (Edward Samuel), b. 1855",Nez Perce War; Edward S. Farrow,"Trenton, New Jersey",United States,40.220426,-74.7612,"Collection on Stanton G. Fisher, 1877-1988, MG 454, University of Idaho Library Special Collections and Archives",https://archiveswest.orbiscascade.org/ark:80444/xv28329,Stanton Gilbert Fisher Collection,University of Idaho Library,MG454_01_03_A_01,image/jpeg,Photograph,Image;StillImage,Original is 1200 dpi TIFF. Displayed is 150 dpi jpg.,"Material has likely passed into public domain. Digital reproductions are made available by University of Idaho Library for educational purposes, and future use should acknowledge this repository. For more information, please contact University of Idaho Library Special Collections and Archives Department at (libspec@uidaho.edu)[libspec@uidaho.edu]. The University of Idaho Library is not liable for any violations of the law by users.",http://rightsstatements.org/vocab/NoC-US/1.0/,eng,2011-05,http://www.lib.uidaho.edu/digital/,Jessica Hayes,2011-09-21,2018-11-02,http://digital.lib.uidaho.edu:80/cdm/ref/collection/fisher/id/286,286,5.jp2,/fisher/image/5.jp2,fisher286
Colonel Ad Chapman [01],,1900,1900,,"Photograph of Colonel Ad Chapman, scout and interpreter during the Nez Perce War. Original owned by Col J. W. Redington.",portraits,,Nez Perce War; Ad Chapman,Idaho,United States,46.234947,-116.470614,"Collection on Stanton G. Fisher, 1877-1988, MG 454, University of Idaho Library Special Collections and Archives",https://archiveswest.orbiscascade.org/ark:80444/xv28329,Stanton Gilbert Fisher Collection,University of Idaho Library,MG454_01_03_A_02,image/jpeg,Photograph,Image;StillImage,Original is 1200 dpi TIFF. Displayed is 150 dpi jpg.,"Material has likely passed into public domain. Digital reproductions are made available by University of Idaho Library for educational purposes, and future use should acknowledge this repository. For more information, please contact University of Idaho Library Special Collections and Archives Department at (libspec@uidaho.edu)[libspec@uidaho.edu]. The University of Idaho Library is not liable for any violations of the law by users.",http://rightsstatements.org/vocab/NoC-US/1.0/,eng,2011-05,http://www.lib.uidaho.edu/digital/,Jessica Hayes,2011-09-21,2018-11-02,http://digital.lib.uidaho.edu:80/cdm/ref/collection/fisher/id/287,287,6.jp2,/fisher/image/6.jp2,fisher287
Colonel Ad Chapman [02],,1900,1900,,Enlarged photograph of Colonel Ad Chapman.,portraits,,Nez Perce War; Ad Chapman,Idaho,United States,46.234947,-116.470614,"Collection on Stanton G. Fisher, 1877-1988, MG 454, University of Idaho Library Special Collections and Archives",https://archiveswest.orbiscascade.org/ark:80444/xv28329,Stanton Gilbert Fisher Collection,University of Idaho Library,MG454_01_03_A_03,image/jpeg,Photograph,Image;StillImage,Original is 1200 dpi TIFF. Displayed is 150 dpi jpg.,"Material has likely passed into public domain. Digital reproductions are made available by University of Idaho Library for educational purposes, and future use should acknowledge this repository. For more information, please contact University of Idaho Library Special Collections and Archives Department at (libspec@uidaho.edu)[libspec@uidaho.edu]. The University of Idaho Library is not liable for any violations of the law by users.",http://rightsstatements.org/vocab/NoC-US/1.0/,eng,2011-05,http://www.lib.uidaho.edu/digital/,Jessica Hayes,2011-09-21,2018-11-02,http://digital.lib.uidaho.edu:80/cdm/ref/collection/fisher/id/288,288,7.jp2,/fisher/image/7.jp2,fisher288
Colonel F. J. Parker,,1900,1900,,"Photograph of F. J. Parker, U. S. scout during the Nez Perce and Bannock wars.",portraits,,Nez Perce War; Bannock War; F. J. Parker,Idaho,United States,46.234947,-116.470614,"Collection on Stanton G. Fisher, 1877-1988, MG 454, University of Idaho Library Special Collections and Archives",https://archiveswest.orbiscascade.org/ark:80444/xv28329,Stanton Gilbert Fisher Collection,University of Idaho Library,MG454_01_03_A_04,image/jpeg,Photograph,Image;StillImage,Original is 1200 dpi TIFF. Displayed is 150 dpi jpg.,"Material has likely passed into public domain. Digital reproductions are made available by University of Idaho Library for educational purposes, and future use should acknowledge this repository. For more information, please contact University of Idaho Library Special Collections and Archives Department at (libspec@uidaho.edu)[libspec@uidaho.edu]. The University of Idaho Library is not liable for any violations of the law by users.",http://rightsstatements.org/vocab/NoC-US/1.0/,eng,2011-05,http://www.lib.uidaho.edu/digital/,Jessica Hayes,2011-09-21,2018-11-02,http://digital.lib.uidaho.edu:80/cdm/ref/collection/fisher/id/289,289,8.jp2,/fisher/image/8.jp2,fisher289
Colonel J. W. Redington,,01 January 1878,1878-01-01,,"Reproduction of a tintype photograph of J. W. Redington,  a volunteer U.S. scout . Taken at Fort Boise, Idaho during the Bannock Indian War.",portraits,"Redington, John W., 1851-1935",Nez Perce War; Bannock War; J. W. Redington,"Fort Boise, Idaho",United States;Idaho;Ada County;Boise;Fort Boise,43.615694,-116.189784,"Collection on Stanton G. Fisher, 1877-1988, MG 454, University of Idaho Library Special Collections and Archives",https://archiveswest.orbiscascade.org/ark:80444/xv28329,Stanton Gilbert Fisher Collection,University of Idaho Library,MG454_01_03_A_05,image/jpeg,Photograph,Image;StillImage,Original is 1200 dpi TIFF. Displayed is 150 dpi jpg.,"Material has likely passed into public domain. Digital reproductions are made available by University of Idaho Library for educational purposes, and future use should acknowledge this repository. For more information, please contact University of Idaho Library Special Collections and Archives Department at (libspec@uidaho.edu)[libspec@uidaho.edu]. The University of Idaho Library is not liable for any violations of the law by users.",http://rightsstatements.org/vocab/NoC-US/1.0/,eng,2011-05,http://www.lib.uidaho.edu/digital/,Jessica Hayes,2011-09-21,2018-11-02,http://digital.lib.uidaho.edu:80/cdm/ref/collection/fisher/id/290,290,9.jp2,/fisher/image/9.jp2,fisher290