title,description,subject,date,source,format,language,type,rights,rightsstatement,date_created,date_created,date_modified,cdm_url,cdmid,contentdmfilename,contentdmfilepath,objectid,reference_url
The Idaho Forester - 1922 (Vol. 04),,forest fire management;forest policy;forest regeneration;forest succession;forestry;hardwood;India;land use;natural resources conservation;Pinus peuce;Thuja plicata,1922,"University of Idaho Library Special Collections and Archives, http://www.lib.uidaho.edu/special-collections/",application/pdf,eng,text,"Material determined to be in Public Domain based on date of publication. Material made available by the University of Idaho Library. For more information, please contact University of Idaho Library Special Collections and Archives Department at libspec@uidaho.edu.",https://creativecommons.org/publicdomain/mark/1.0/,4/27/2018,4/27/2018,4/27/2018,http://digital.lib.uidaho.edu:80/cdm/ref/collection/forester/id/68,68,69.pdf,/forester/supp/68/index.pdf,forester68,http://localhost:4000/digital/forester/items/.html
The Idaho Forester - 1917 (Vol. 01),,Abies grandis;blister rust;forestry;grazing;logging;organizations;Pinus;range management;topography,1917,"University of Idaho Library Special Collections and Archives, http://www.lib.uidaho.edu/special-collections/",application/pdf,eng,text,"Material determined to be in Public Domain based on date of publication. Material made available by the University of Idaho Library. For more information, please contact University of Idaho Library Special Collections and Archives Department at libspec@uidaho.edu.",https://creativecommons.org/publicdomain/mark/1.0/,4/27/2018,4/27/2018,4/27/2018,http://digital.lib.uidaho.edu:80/cdm/ref/collection/forester/id/109,109,110.pdf,/forester/supp/109/index.pdf,forester109,http://localhost:4000/digital/forester/items/.html
The Idaho Forester - 1920 (Vol. 02),,forest policy;forest products industry;Pinus;plant pathology,1920,"University of Idaho Library Special Collections and Archives, http://www.lib.uidaho.edu/special-collections/",application/pdf,eng,text,"Material determined to be in Public Domain based on date of publication. Material made available by the University of Idaho Library. For more information, please contact University of Idaho Library Special Collections and Archives Department at libspec@uidaho.edu.",https://creativecommons.org/publicdomain/mark/1.0/,4/27/2018,4/27/2018,4/27/2018,http://digital.lib.uidaho.edu:80/cdm/ref/collection/forester/id/150,150,151.pdf,/forester/supp/150/index.pdf,forester150,http://localhost:4000/digital/forester/items/.html
The Idaho Forester - 1921 (Vol. 03),,commodity prices;forest policy;forest recreation;forestry;fungal diseases of plants;logging;Pinus ponderosa;wood products,1921,"University of Idaho Library Special Collections and Archives, http://www.lib.uidaho.edu/special-collections/",application/pdf,eng,text,"Material determined to be in Public Domain based on date of publication. Material made available by the University of Idaho Library. For more information, please contact University of Idaho Library Special Collections and Archives Department at libspec@uidaho.edu.",https://creativecommons.org/publicdomain/mark/1.0/,4/27/2018,4/27/2018,4/27/2018,http://digital.lib.uidaho.edu:80/cdm/ref/collection/forester/id/203,203,204.pdf,/forester/supp/203/index.pdf,forester203,http://localhost:4000/digital/forester/items/.html
The Idaho Forester - 1923 (Vol. 05),,Alces alces;blister rust;Coeur d&#39;Alene National Forest;equipment;forestry;grazing;Pinus ponderosa;public relations;taxes;USDA Forest Service,1923,"University of Idaho Library Special Collections and Archives, http://www.lib.uidaho.edu/special-collections/",application/pdf,eng,text,"Educational use includes non-commercial use of text and images in materials for teaching and research purposes. Digital reproduction permissions granted University of Idaho Library Special Collections and Archives Department. For other uses beyond free use, please contact University of Idaho Library Special Collections and Archives Department at libspec@uidaho.edu.",http://rightsstatements.org/vocab/InC-EDU/1.0/,4/27/2018,4/27/2018,4/27/2018,http://digital.lib.uidaho.edu:80/cdm/ref/collection/forester/id/272,272,273.pdf,/forester/supp/272/index.pdf,forester272,http://localhost:4000/digital/forester/items/.html
The Idaho Forester - 1924 (Vol. 06),,decayed wood;fire fighting;forest economics;forest fire management;forest management;forestry;logging;Pinus monticola;range management;slash;Ursidae,1924,"University of Idaho Library Special Collections and Archives, http://www.lib.uidaho.edu/special-collections/",application/pdf,eng,text,"Educational use includes non-commercial use of text and images in materials for teaching and research purposes. Digital reproduction permissions granted University of Idaho Library Special Collections and Archives Department. For other uses beyond free use, please contact University of Idaho Library Special Collections and Archives Department at libspec@uidaho.edu.",http://rightsstatements.org/vocab/InC-EDU/1.0/,4/27/2018,4/27/2018,4/27/2018,http://digital.lib.uidaho.edu:80/cdm/ref/collection/forester/id/341,341,342.pdf,/forester/supp/341/index.pdf,forester341,http://localhost:4000/digital/forester/items/.html
The Idaho Forester - 1925 (Vol. 07),,conifers;ethics;forest policy;foresters;grazing;Pinus;Pinus monticola;pulp and paper industry,1925,"University of Idaho Library Special Collections and Archives, http://www.lib.uidaho.edu/special-collections/",application/pdf,eng,text,"Educational use includes non-commercial use of text and images in materials for teaching and research purposes. Digital reproduction permissions granted University of Idaho Library Special Collections and Archives Department. For other uses beyond free use, please contact University of Idaho Library Special Collections and Archives Department at libspec@uidaho.edu.",http://rightsstatements.org/vocab/InC-EDU/1.0/,4/27/2018,4/27/2018,4/27/2018,http://digital.lib.uidaho.edu:80/cdm/ref/collection/forester/id/418,418,419.pdf,/forester/supp/418/index.pdf,forester418,http://localhost:4000/digital/forester/items/.html
The Idaho Forester - 1926 (Vol. 08),,conifers;forest engineering;forest fires;foresters;forestry;Pinus ponderosa,1926,"University of Idaho Library Special Collections and Archives, http://www.lib.uidaho.edu/special-collections/",application/pdf,eng,text,"Educational use includes non-commercial use of text and images in materials for teaching and research purposes. Digital reproduction permissions granted University of Idaho Library Special Collections and Archives Department. For other uses beyond free use, please contact University of Idaho Library Special Collections and Archives Department at libspec@uidaho.edu.",http://rightsstatements.org/vocab/InC-EDU/1.0/,4/27/2018,4/27/2018,4/27/2018,http://digital.lib.uidaho.edu:80/cdm/ref/collection/forester/id/487,487,488.pdf,/forester/supp/487/index.pdf,forester487,http://localhost:4000/digital/forester/items/.html
The Idaho Forester - 1928 (Vol. 10),,blister rust;foresters;rodents;sapwood;state forests;waste wood,1928,"University of Idaho Library Special Collections and Archives, http://www.lib.uidaho.edu/special-collections/",application/pdf,eng,text,"Educational use includes non-commercial use of text and images in materials for teaching and research purposes. Digital reproduction permissions granted University of Idaho Library Special Collections and Archives Department. For other uses beyond free use, please contact University of Idaho Library Special Collections and Archives Department at libspec@uidaho.edu.",http://rightsstatements.org/vocab/InC-EDU/1.0/,4/27/2018,4/27/2018,4/27/2018,http://digital.lib.uidaho.edu:80/cdm/ref/collection/forester/id/556,556,557.pdf,/forester/supp/556/index.pdf,forester556,http://localhost:4000/digital/forester/items/.html
The Idaho Forester - 1927 (Vol. 09),,forest nurseries;forest policy;foresters;forestry;Pinus ponderosa,1927,"University of Idaho Library Special Collections and Archives, http://www.lib.uidaho.edu/special-collections/",application/pdf,eng,text,"Educational use includes non-commercial use of text and images in materials for teaching and research purposes. Digital reproduction permissions granted University of Idaho Library Special Collections and Archives Department. For other uses beyond free use, please contact University of Idaho Library Special Collections and Archives Department at libspec@uidaho.edu.",http://rightsstatements.org/vocab/InC-EDU/1.0/,4/26/2018,4/26/2018,4/26/2018,http://digital.lib.uidaho.edu:80/cdm/ref/collection/forester/id/625,625,626.pdf,/forester/supp/625/index.pdf,forester625,http://localhost:4000/digital/forester/items/.html
The Idaho Forester - 1929 (Vol. 11),,foresters;forestry;logging;measuring devices,1929,"University of Idaho Library Special Collections and Archives, http://www.lib.uidaho.edu/special-collections/",application/pdf,eng,text,"Educational use includes non-commercial use of text and images in materials for teaching and research purposes. Digital reproduction permissions granted University of Idaho Library Special Collections and Archives Department. For other uses beyond free use, please contact University of Idaho Library Special Collections and Archives Department at libspec@uidaho.edu.",http://rightsstatements.org/vocab/InC-EDU/1.0/,4/27/2018,4/27/2018,4/27/2018,http://digital.lib.uidaho.edu:80/cdm/ref/collection/forester/id/694,694,695.pdf,/forester/supp/694/index.pdf,forester694,http://localhost:4000/digital/forester/items/.html
The Idaho Forester - 1931 (Vol. 13),,Abies;bark;forest fire management;foresters;forestry;measuring devices;Pinus;Pinus ponderosa;range management;wood chemistry,1931,"University of Idaho Library Special Collections and Archives, http://www.lib.uidaho.edu/special-collections/",application/pdf,eng,text,"Educational use includes non-commercial use of text and images in materials for teaching and research purposes. Digital reproduction permissions granted University of Idaho Library Special Collections and Archives Department. For other uses beyond free use, please contact University of Idaho Library Special Collections and Archives Department at libspec@uidaho.edu.",http://rightsstatements.org/vocab/InC-EDU/1.0/,4/27/2018,4/27/2018,4/27/2018,http://digital.lib.uidaho.edu:80/cdm/ref/collection/forester/id/832,832,833.pdf,/forester/supp/832/index.pdf,forester832,http://localhost:4000/digital/forester/items/.html
The Idaho Forester - 1932 (Vol. 14),,blister rust;foresters;Pinus;rangelands,1932,"University of Idaho Library Special Collections and Archives, http://www.lib.uidaho.edu/special-collections/",application/pdf,eng,text,"Educational use includes non-commercial use of text and images in materials for teaching and research purposes. Digital reproduction permissions granted University of Idaho Library Special Collections and Archives Department. For other uses beyond free use, please contact University of Idaho Library Special Collections and Archives Department at libspec@uidaho.edu.",http://rightsstatements.org/vocab/InC-EDU/1.0/,4/26/2018,4/26/2018,4/26/2018,http://digital.lib.uidaho.edu:80/cdm/ref/collection/forester/id/903,903,904.pdf,/forester/supp/903/index.pdf,forester903,http://localhost:4000/digital/forester/items/.html
The Idaho Forester - 1933 (Vol. 15),,chemistry;experimental forests;foresters;game animals;irrigation;national forests;tribal lands,1933,"University of Idaho Library Special Collections and Archives, http://www.lib.uidaho.edu/special-collections/",application/pdf,eng,text,"Educational use includes non-commercial use of text and images in materials for teaching and research purposes. Digital reproduction permissions granted University of Idaho Library Special Collections and Archives Department. For other uses beyond free use, please contact University of Idaho Library Special Collections and Archives Department at libspec@uidaho.edu.",http://rightsstatements.org/vocab/InC-EDU/1.0/,4/27/2018,4/27/2018,4/27/2018,http://digital.lib.uidaho.edu:80/cdm/ref/collection/forester/id/970,970,971.pdf,/forester/supp/970/index.pdf,forester970,http://localhost:4000/digital/forester/items/.html
The Idaho Forester - 1934 (Vol. 16),,blister rust;experimental forests;forestry;forest fires;game animals,1934,"University of Idaho Library Special Collections and Archives, http://www.lib.uidaho.edu/special-collections/",application/pdf,eng,text,"Educational use includes non-commercial use of text and images in materials for teaching and research purposes. Digital reproduction permissions granted University of Idaho Library Special Collections and Archives Department. For other uses beyond free use, please contact University of Idaho Library Special Collections and Archives Department at libspec@uidaho.edu.",http://rightsstatements.org/vocab/InC-EDU/1.0/,4/27/2018,4/27/2018,4/27/2018,http://digital.lib.uidaho.edu:80/cdm/ref/collection/forester/id/1037,1037,1038.pdf,/forester/supp/1037/index.pdf,forester1037,http://localhost:4000/digital/forester/items/.html
The Idaho Forester - 1935 (Vol. 17),,erosion control;forest fire management;foresters;logging;National Park Service,1935,"University of Idaho Library Special Collections and Archives, http://www.lib.uidaho.edu/special-collections/",application/pdf,eng,text,"Educational use includes non-commercial use of text and images in materials for teaching and research purposes. Digital reproduction permissions granted University of Idaho Library Special Collections and Archives Department. For other uses beyond free use, please contact University of Idaho Library Special Collections and Archives Department at libspec@uidaho.edu.",http://rightsstatements.org/vocab/InC-EDU/1.0/,4/27/2018,4/27/2018,4/27/2018,http://digital.lib.uidaho.edu:80/cdm/ref/collection/forester/id/1104,1104,1105.pdf,/forester/supp/1104/index.pdf,forester1104,http://localhost:4000/digital/forester/items/.html
The Idaho Forester - 1936 (Vol. 18),,employment opportunities;forestry;land use;range management,1936,"University of Idaho Library Special Collections and Archives, http://www.lib.uidaho.edu/special-collections/",application/pdf,eng,text,"Educational use includes non-commercial use of text and images in materials for teaching and research purposes. Digital reproduction permissions granted University of Idaho Library Special Collections and Archives Department. For other uses beyond free use, please contact University of Idaho Library Special Collections and Archives Department at libspec@uidaho.edu.",http://rightsstatements.org/vocab/InC-EDU/1.0/,4/27/2018,4/27/2018,4/27/2018,http://digital.lib.uidaho.edu:80/cdm/ref/collection/forester/id/1163,1163,1164.pdf,/forester/supp/1163/index.pdf,forester1163,http://localhost:4000/digital/forester/items/.html
The Idaho Forester - 1937 (Vol. 19),,foresters;logging;range management,1937,"University of Idaho Library Special Collections and Archives, http://www.lib.uidaho.edu/special-collections/",application/pdf,eng,text,"Educational use includes non-commercial use of text and images in materials for teaching and research purposes. Digital reproduction permissions granted University of Idaho Library Special Collections and Archives Department. For other uses beyond free use, please contact University of Idaho Library Special Collections and Archives Department at libspec@uidaho.edu.",http://rightsstatements.org/vocab/InC-EDU/1.0/,4/27/2018,4/27/2018,4/27/2018,http://digital.lib.uidaho.edu:80/cdm/ref/collection/forester/id/1222,1222,1223.pdf,/forester/supp/1222/index.pdf,forester1222,http://localhost:4000/digital/forester/items/.html
The Idaho Forester - 1938 (Vol. 20),,forest management;forest yields;land use;Pinus,1938,"University of Idaho Library Special Collections and Archives, http://www.lib.uidaho.edu/special-collections/",application/pdf,eng,text,"Educational use includes non-commercial use of text and images in materials for teaching and research purposes. Digital reproduction permissions granted University of Idaho Library Special Collections and Archives Department. For other uses beyond free use, please contact University of Idaho Library Special Collections and Archives Department at libspec@uidaho.edu.",http://rightsstatements.org/vocab/InC-EDU/1.0/,4/27/2018,4/27/2018,4/27/2018,http://digital.lib.uidaho.edu:80/cdm/ref/collection/forester/id/1293,1293,1294.pdf,/forester/supp/1293/index.pdf,forester1293,http://localhost:4000/digital/forester/items/.html
The Idaho Forester - 1939 (Vol. 21),,erosion control;grazing;land policy;National Park Service;natural resources conservation;range management;USDA Forest Service;wood chemistry,1939,"University of Idaho Library Special Collections and Archives, http://www.lib.uidaho.edu/special-collections/",application/pdf,eng,text,"Educational use includes non-commercial use of text and images in materials for teaching and research purposes. Digital reproduction permissions granted University of Idaho Library Special Collections and Archives Department. For other uses beyond free use, please contact University of Idaho Library Special Collections and Archives Department at libspec@uidaho.edu.",http://rightsstatements.org/vocab/InC-EDU/1.0/,4/27/2018,4/27/2018,4/27/2018,http://digital.lib.uidaho.edu:80/cdm/ref/collection/forester/id/1360,1360,1361.pdf,/forester/supp/1360/index.pdf,forester1360,http://localhost:4000/digital/forester/items/.html
The Idaho Forester - 1940 (Vol. 22),,forest yields;forestry;game animals;labor economics;land restoration,1940,"University of Idaho Library Special Collections and Archives, http://www.lib.uidaho.edu/special-collections/",application/pdf,eng,text,"Educational use includes non-commercial use of text and images in materials for teaching and research purposes. Digital reproduction permissions granted University of Idaho Library Special Collections and Archives Department. For other uses beyond free use, please contact University of Idaho Library Special Collections and Archives Department at libspec@uidaho.edu.",http://rightsstatements.org/vocab/InC-EDU/1.0/,4/27/2018,4/27/2018,4/27/2018,http://digital.lib.uidaho.edu:80/cdm/ref/collection/forester/id/1443,1443,1444.pdf,/forester/supp/1443/index.pdf,forester1443,http://localhost:4000/digital/forester/items/.html
The Idaho Forester - 1941 (Vol. 23),,arboreta;blister rust;Pinus;range management;sheep,1941,"University of Idaho Library Special Collections and Archives, http://www.lib.uidaho.edu/special-collections/",application/pdf,eng,text,"Educational use includes non-commercial use of text and images in materials for teaching and research purposes. Digital reproduction permissions granted University of Idaho Library Special Collections and Archives Department. For other uses beyond free use, please contact University of Idaho Library Special Collections and Archives Department at libspec@uidaho.edu.",http://rightsstatements.org/vocab/InC-EDU/1.0/,4/27/2018,4/27/2018,4/27/2018,http://digital.lib.uidaho.edu:80/cdm/ref/collection/forester/id/1510,1510,1511.pdf,/forester/supp/1510/index.pdf,forester1510,http://localhost:4000/digital/forester/items/.html
The Idaho Forester - 1942 (Vol. 24),,forest policy;forestry;national forests;range management;sheep;wood processing,1942,"University of Idaho Library Special Collections and Archives, http://www.lib.uidaho.edu/special-collections/",application/pdf,eng,text,"Educational use includes non-commercial use of text and images in materials for teaching and research purposes. Digital reproduction permissions granted University of Idaho Library Special Collections and Archives Department. For other uses beyond free use, please contact University of Idaho Library Special Collections and Archives Department at libspec@uidaho.edu.",http://rightsstatements.org/vocab/InC-EDU/1.0/,4/27/2018,4/27/2018,4/27/2018,http://digital.lib.uidaho.edu:80/cdm/ref/collection/forester/id/1565,1565,1566.pdf,/forester/supp/1565/index.pdf,forester1565,http://localhost:4000/digital/forester/items/.html
The Idaho Forester - 1943 (Vol. 25),,foresters;forestry,1943,"University of Idaho Library Special Collections and Archives, http://www.lib.uidaho.edu/special-collections/",application/pdf,eng,text,"Educational use includes non-commercial use of text and images in materials for teaching and research purposes. Digital reproduction permissions granted University of Idaho Library Special Collections and Archives Department. For other uses beyond free use, please contact University of Idaho Library Special Collections and Archives Department at libspec@uidaho.edu.",http://rightsstatements.org/vocab/InC-EDU/1.0/,4/27/2018,4/27/2018,4/27/2018,http://digital.lib.uidaho.edu:80/cdm/ref/collection/forester/id/1604,1604,1605.pdf,/forester/supp/1604/index.pdf,forester1604,http://localhost:4000/digital/forester/items/.html
The Idaho Forester - 1944 (Vol. 26),,England;forest thinning;forestry;parks,1944,"University of Idaho Library Special Collections and Archives, http://www.lib.uidaho.edu/special-collections/",application/pdf,eng,text,"Educational use includes non-commercial use of text and images in materials for teaching and research purposes. Digital reproduction permissions granted University of Idaho Library Special Collections and Archives Department. For other uses beyond free use, please contact University of Idaho Library Special Collections and Archives Department at libspec@uidaho.edu.",http://rightsstatements.org/vocab/InC-EDU/1.0/,4/27/2018,4/27/2018,4/27/2018,http://digital.lib.uidaho.edu:80/cdm/ref/collection/forester/id/1647,1647,1648.pdf,/forester/supp/1647/index.pdf,forester1647,http://localhost:4000/digital/forester/items/.html
The Idaho Forester - 1945 (Vol. 27),,forestry;Solomon Islands,1945,"University of Idaho Library Special Collections and Archives, http://www.lib.uidaho.edu/special-collections/",application/pdf,eng,text,"Educational use includes non-commercial use of text and images in materials for teaching and research purposes. Digital reproduction permissions granted University of Idaho Library Special Collections and Archives Department. For other uses beyond free use, please contact University of Idaho Library Special Collections and Archives Department at libspec@uidaho.edu.",http://rightsstatements.org/vocab/InC-EDU/1.0/,4/27/2018,4/27/2018,4/27/2018,http://digital.lib.uidaho.edu:80/cdm/ref/collection/forester/id/1698,1698,1699.pdf,/forester/supp/1698/index.pdf,forester1698,http://localhost:4000/digital/forester/items/.html
The Idaho Forester - 1946 (Vol. 28),,foresters;forestry,1946,"University of Idaho Library Special Collections and Archives, http://www.lib.uidaho.edu/special-collections/",application/pdf,eng,text,"Educational use includes non-commercial use of text and images in materials for teaching and research purposes. Digital reproduction permissions granted University of Idaho Library Special Collections and Archives Department. For other uses beyond free use, please contact University of Idaho Library Special Collections and Archives Department at libspec@uidaho.edu.",http://rightsstatements.org/vocab/InC-EDU/1.0/,4/27/2018,4/27/2018,4/27/2018,http://digital.lib.uidaho.edu:80/cdm/ref/collection/forester/id/1749,1749,1750.pdf,/forester/supp/1749/index.pdf,forester1749,http://localhost:4000/digital/forester/items/.html
The Idaho Forester - 1947 (Vol. 29),,foresters,1947,"University of Idaho Library Special Collections and Archives, http://www.lib.uidaho.edu/special-collections/",application/pdf,eng,text,"Educational use includes non-commercial use of text and images in materials for teaching and research purposes. Digital reproduction permissions granted University of Idaho Library Special Collections and Archives Department. For other uses beyond free use, please contact University of Idaho Library Special Collections and Archives Department at libspec@uidaho.edu.",http://rightsstatements.org/vocab/InC-EDU/1.0/,4/27/2018,4/27/2018,4/27/2018,http://digital.lib.uidaho.edu:80/cdm/ref/collection/forester/id/1820,1820,1821.pdf,/forester/supp/1820/index.pdf,forester1820,http://localhost:4000/digital/forester/items/.html
The Idaho Forester - 1948 (Vol. 30),,forest-wildlife relations;forest growth;foresters;Pinus monticola;sap,1948,"University of Idaho Library Special Collections and Archives, http://www.lib.uidaho.edu/special-collections/",application/pdf,eng,text,"Educational use includes non-commercial use of text and images in materials for teaching and research purposes. Digital reproduction permissions granted University of Idaho Library Special Collections and Archives Department. For other uses beyond free use, please contact University of Idaho Library Special Collections and Archives Department at libspec@uidaho.edu.",http://rightsstatements.org/vocab/InC-EDU/1.0/,4/27/2018,4/27/2018,4/27/2018,http://digital.lib.uidaho.edu:80/cdm/ref/collection/forester/id/1879,1879,1880.pdf,/forester/supp/1879/index.pdf,forester1879,http://localhost:4000/digital/forester/items/.html
The Idaho Forester - 1949 (Vol. 31),,forestry;Germany;Pinus;range management,1949,"University of Idaho Library Special Collections and Archives, http://www.lib.uidaho.edu/special-collections/",application/pdf,eng,text,"Educational use includes non-commercial use of text and images in materials for teaching and research purposes. Digital reproduction permissions granted University of Idaho Library Special Collections and Archives Department. For other uses beyond free use, please contact University of Idaho Library Special Collections and Archives Department at libspec@uidaho.edu.",http://rightsstatements.org/vocab/InC-EDU/1.0/,4/27/2018,4/27/2018,4/27/2018,http://digital.lib.uidaho.edu:80/cdm/ref/collection/forester/id/1938,1938,1939.pdf,/forester/supp/1938/index.pdf,forester1938,http://localhost:4000/digital/forester/items/.html
The Idaho Forester - 1950 (Vol. 32),,foresters,1950,"University of Idaho Library Special Collections and Archives, http://www.lib.uidaho.edu/special-collections/",application/pdf,eng,text,"Educational use includes non-commercial use of text and images in materials for teaching and research purposes. Digital reproduction permissions granted University of Idaho Library Special Collections and Archives Department. For other uses beyond free use, please contact University of Idaho Library Special Collections and Archives Department at libspec@uidaho.edu.",http://rightsstatements.org/vocab/InC-EDU/1.0/,4/27/2018,4/27/2018,4/27/2018,http://digital.lib.uidaho.edu:80/cdm/ref/collection/forester/id/2025,2025,2026.pdf,/forester/supp/2025/index.pdf,forester2025,http://localhost:4000/digital/forester/items/.html
The Idaho Forester - 1951 (Vol. 33),,Europe;foresters;Halogeton;logging;Pinus;slash;wildlife,1951,"University of Idaho Library Special Collections and Archives, http://www.lib.uidaho.edu/special-collections/",application/pdf,eng,text,"Educational use includes non-commercial use of text and images in materials for teaching and research purposes. Digital reproduction permissions granted University of Idaho Library Special Collections and Archives Department. For other uses beyond free use, please contact University of Idaho Library Special Collections and Archives Department at libspec@uidaho.edu.",http://rightsstatements.org/vocab/InC-EDU/1.0/,4/27/2018,4/27/2018,4/27/2018,http://digital.lib.uidaho.edu:80/cdm/ref/collection/forester/id/2096,2096,2097.pdf,/forester/supp/2096/index.pdf,forester2096,http://localhost:4000/digital/forester/items/.html
The Idaho Forester - 1952 (Vol. 34),,forest trees;foresters;horticulture;pulp and paper industry;radionuclides,1952,"University of Idaho Library Special Collections and Archives, http://www.lib.uidaho.edu/special-collections/",application/pdf,eng,text,"Educational use includes non-commercial use of text and images in materials for teaching and research purposes. Digital reproduction permissions granted University of Idaho Library Special Collections and Archives Department. For other uses beyond free use, please contact University of Idaho Library Special Collections and Archives Department at libspec@uidaho.edu.",http://rightsstatements.org/vocab/InC-EDU/1.0/,4/27/2018,4/27/2018,4/27/2018,http://digital.lib.uidaho.edu:80/cdm/ref/collection/forester/id/2179,2179,2180.pdf,/forester/supp/2179/index.pdf,forester2179,http://localhost:4000/digital/forester/items/.html
The Idaho Forester - 1953 (Vol. 35),,Dendroctonus;forest nurseries;foresters,1953,"University of Idaho Library Special Collections and Archives, http://www.lib.uidaho.edu/special-collections/",application/pdf,eng,text,"Educational use includes non-commercial use of text and images in materials for teaching and research purposes. Digital reproduction permissions granted University of Idaho Library Special Collections and Archives Department. For other uses beyond free use, please contact University of Idaho Library Special Collections and Archives Department at libspec@uidaho.edu.",http://rightsstatements.org/vocab/InC-EDU/1.0/,4/27/2018,4/27/2018,4/27/2018,http://digital.lib.uidaho.edu:80/cdm/ref/collection/forester/id/2258,2258,2259.pdf,/forester/supp/2258/index.pdf,forester2258,http://localhost:4000/digital/forester/items/.html
The Idaho Forester - 1954 (Vol. 36),,forest regeneration;forest thinning;game animals;habitat conservation;timber management,1954,"University of Idaho Library Special Collections and Archives, http://www.lib.uidaho.edu/special-collections/",application/pdf,eng,text,"Educational use includes non-commercial use of text and images in materials for teaching and research purposes. Digital reproduction permissions granted University of Idaho Library Special Collections and Archives Department. For other uses beyond free use, please contact University of Idaho Library Special Collections and Archives Department at libspec@uidaho.edu.",http://rightsstatements.org/vocab/InC-EDU/1.0/,4/27/2018,4/27/2018,4/27/2018,http://digital.lib.uidaho.edu:80/cdm/ref/collection/forester/id/2333,2333,2334.pdf,/forester/supp/2333/index.pdf,forester2333,http://localhost:4000/digital/forester/items/.html
The Idaho Forester - 1955 (Vol. 37),,forest regeneration;foresters;USDA Forest Service,1955,"University of Idaho Library Special Collections and Archives, http://www.lib.uidaho.edu/special-collections/",application/pdf,eng,text,"Educational use includes non-commercial use of text and images in materials for teaching and research purposes. Digital reproduction permissions granted University of Idaho Library Special Collections and Archives Department. For other uses beyond free use, please contact University of Idaho Library Special Collections and Archives Department at libspec@uidaho.edu.",http://rightsstatements.org/vocab/InC-EDU/1.0/,4/27/2018,4/27/2018,4/27/2018,http://digital.lib.uidaho.edu:80/cdm/ref/collection/forester/id/2406,2406,2407.pdf,/forester/supp/2406/index.pdf,forester2406,http://localhost:4000/digital/forester/items/.html
The Idaho Forester - 1956 (Vol. 38),,foresters;logging;Thailand,1956,"University of Idaho Library Special Collections and Archives, http://www.lib.uidaho.edu/special-collections/",application/pdf,eng,text,"Educational use includes non-commercial use of text and images in materials for teaching and research purposes. Digital reproduction permissions granted University of Idaho Library Special Collections and Archives Department. For other uses beyond free use, please contact University of Idaho Library Special Collections and Archives Department at libspec@uidaho.edu.",http://rightsstatements.org/vocab/InC-EDU/1.0/,4/27/2018,4/27/2018,4/27/2018,http://digital.lib.uidaho.edu:80/cdm/ref/collection/forester/id/2467,2467,2468.pdf,/forester/supp/2467/index.pdf,forester2467,http://localhost:4000/digital/forester/items/.html
The Idaho Forester - 1957 (Vol. 39),,foresters,1957,"University of Idaho Library Special Collections and Archives, http://www.lib.uidaho.edu/special-collections/",application/pdf,eng,text,"Educational use includes non-commercial use of text and images in materials for teaching and research purposes. Digital reproduction permissions granted University of Idaho Library Special Collections and Archives Department. For other uses beyond free use, please contact University of Idaho Library Special Collections and Archives Department at libspec@uidaho.edu.",http://rightsstatements.org/vocab/InC-EDU/1.0/,4/27/2018,4/27/2018,4/27/2018,http://digital.lib.uidaho.edu:80/cdm/ref/collection/forester/id/2536,2536,2537.pdf,/forester/supp/2536/index.pdf,forester2536,http://localhost:4000/digital/forester/items/.html
The Idaho Forester - 1958 (Vol. 40),,foresters,1958,"University of Idaho Library Special Collections and Archives, http://www.lib.uidaho.edu/special-collections/",application/pdf,eng,text,"Educational use includes non-commercial use of text and images in materials for teaching and research purposes. Digital reproduction permissions granted University of Idaho Library Special Collections and Archives Department. For other uses beyond free use, please contact University of Idaho Library Special Collections and Archives Department at libspec@uidaho.edu.",http://rightsstatements.org/vocab/InC-EDU/1.0/,4/27/2018,4/27/2018,4/27/2018,http://digital.lib.uidaho.edu:80/cdm/ref/collection/forester/id/2621,2621,2622.pdf,/forester/supp/2621/index.pdf,forester2621,http://localhost:4000/digital/forester/items/.html
The Idaho Forester - 1959 (Vol. 41),,foresters,1959,"University of Idaho Library Special Collections and Archives, http://www.lib.uidaho.edu/special-collections/",application/pdf,eng,text,"Educational use includes non-commercial use of text and images in materials for teaching and research purposes. Digital reproduction permissions granted University of Idaho Library Special Collections and Archives Department. For other uses beyond free use, please contact University of Idaho Library Special Collections and Archives Department at libspec@uidaho.edu.",http://rightsstatements.org/vocab/InC-EDU/1.0/,4/26/2018,4/26/2018,4/26/2018,http://digital.lib.uidaho.edu:80/cdm/ref/collection/forester/id/2706,2706,2707.pdf,/forester/supp/2706/index.pdf,forester2706,http://localhost:4000/digital/forester/items/.html
The Idaho Forester - 1960 (Vol. 42),,forest recreation;foresters;land use,1960,"University of Idaho Library Special Collections and Archives, http://www.lib.uidaho.edu/special-collections/",application/pdf,eng,text,"Educational use includes non-commercial use of text and images in materials for teaching and research purposes. Digital reproduction permissions granted University of Idaho Library Special Collections and Archives Department. For other uses beyond free use, please contact University of Idaho Library Special Collections and Archives Department at libspec@uidaho.edu.",http://rightsstatements.org/vocab/InC-EDU/1.0/,4/27/2018,4/27/2018,4/27/2018,http://digital.lib.uidaho.edu:80/cdm/ref/collection/forester/id/2775,2775,2776.pdf,/forester/supp/2775/index.pdf,forester2775,http://localhost:4000/digital/forester/items/.html
The Idaho Forester - 1961 (Vol. 43),,forest management;foresters;range management;wildlife management,1961,"University of Idaho Library Special Collections and Archives, http://www.lib.uidaho.edu/special-collections/",application/pdf,eng,text,"Educational use includes non-commercial use of text and images in materials for teaching and research purposes. Digital reproduction permissions granted University of Idaho Library Special Collections and Archives Department. For other uses beyond free use, please contact University of Idaho Library Special Collections and Archives Department at libspec@uidaho.edu.",http://rightsstatements.org/vocab/InC-EDU/1.0/,4/27/2018,4/27/2018,4/27/2018,http://digital.lib.uidaho.edu:80/cdm/ref/collection/forester/id/2844,2844,2845.pdf,/forester/supp/2844/index.pdf,forester2844,http://localhost:4000/digital/forester/items/.html
The Idaho Forester - 1962 (Vol. 44),,foresters,1962,"University of Idaho Library Special Collections and Archives, http://www.lib.uidaho.edu/special-collections/",application/pdf,eng,text,"Educational use includes non-commercial use of text and images in materials for teaching and research purposes. Digital reproduction permissions granted University of Idaho Library Special Collections and Archives Department. For other uses beyond free use, please contact University of Idaho Library Special Collections and Archives Department at libspec@uidaho.edu.",http://rightsstatements.org/vocab/InC-EDU/1.0/,4/27/2018,4/27/2018,4/27/2018,http://digital.lib.uidaho.edu:80/cdm/ref/collection/forester/id/2905,2905,2906.pdf,/forester/supp/2905/index.pdf,forester2905,http://localhost:4000/digital/forester/items/.html
The Idaho Forester - 1963 (Vol. 45),,agricultural experiment stations;foresters,1963,"University of Idaho Library Special Collections and Archives, http://www.lib.uidaho.edu/special-collections/",application/pdf,eng,text,"Educational use includes non-commercial use of text and images in materials for teaching and research purposes. Digital reproduction permissions granted University of Idaho Library Special Collections and Archives Department. For other uses beyond free use, please contact University of Idaho Library Special Collections and Archives Department at libspec@uidaho.edu.",http://rightsstatements.org/vocab/InC-EDU/1.0/,4/27/2018,4/27/2018,4/27/2018,http://digital.lib.uidaho.edu:80/cdm/ref/collection/forester/id/2958,2958,2959.pdf,/forester/supp/2958/index.pdf,forester2958,http://localhost:4000/digital/forester/items/.html
The Idaho Forester - 1964 (Vol. 46),,fisheries;foresters;land management;Puma concolor,1964,"University of Idaho Library Special Collections and Archives, http://www.lib.uidaho.edu/special-collections/",application/pdf,eng,text,"Educational use includes non-commercial use of text and images in materials for teaching and research purposes. Digital reproduction permissions granted University of Idaho Library Special Collections and Archives Department. For other uses beyond free use, please contact University of Idaho Library Special Collections and Archives Department at libspec@uidaho.edu.",http://rightsstatements.org/vocab/InC-EDU/1.0/,4/27/2018,4/27/2018,4/27/2018,http://digital.lib.uidaho.edu:80/cdm/ref/collection/forester/id/3015,3015,3016.pdf,/forester/supp/3015/index.pdf,forester3015,http://localhost:4000/digital/forester/items/.html
The Idaho Forester - 1965 (Vol. 47),,Cedrus;forest-wildlife relations;forest management;foresters;forestry;land management;logging;wildlife management,1965,"University of Idaho Library Special Collections and Archives, http://www.lib.uidaho.edu/special-collections/",application/pdf,eng,text,"Educational use includes non-commercial use of text and images in materials for teaching and research purposes. Digital reproduction permissions granted University of Idaho Library Special Collections and Archives Department. For other uses beyond free use, please contact University of Idaho Library Special Collections and Archives Department at libspec@uidaho.edu.",http://rightsstatements.org/vocab/InC-EDU/1.0/,4/27/2018,4/27/2018,4/27/2018,http://digital.lib.uidaho.edu:80/cdm/ref/collection/forester/id/3076,3076,3077.pdf,/forester/supp/3076/index.pdf,forester3076,http://localhost:4000/digital/forester/items/.html
The Idaho Forester - 1966 (Vol. 48),,forestry;outdoor recreation,1966,"University of Idaho Library Special Collections and Archives, http://www.lib.uidaho.edu/special-collections/",application/pdf,eng,text,"Educational use includes non-commercial use of text and images in materials for teaching and research purposes. Digital reproduction permissions granted University of Idaho Library Special Collections and Archives Department. For other uses beyond free use, please contact University of Idaho Library Special Collections and Archives Department at libspec@uidaho.edu.",http://rightsstatements.org/vocab/InC-EDU/1.0/,4/27/2018,4/27/2018,4/27/2018,http://digital.lib.uidaho.edu:80/cdm/ref/collection/forester/id/3121,3121,3122.pdf,/forester/supp/3121/index.pdf,forester3121,http://localhost:4000/digital/forester/items/.html
The Idaho Forester - 1967 (Vol. 49),,experimental forests;fisheries;foresters;forestry;land use,1967,"University of Idaho Library Special Collections and Archives, http://www.lib.uidaho.edu/special-collections/",application/pdf,eng,text,"Educational use includes non-commercial use of text and images in materials for teaching and research purposes. Digital reproduction permissions granted University of Idaho Library Special Collections and Archives Department. For other uses beyond free use, please contact University of Idaho Library Special Collections and Archives Department at libspec@uidaho.edu.",http://rightsstatements.org/vocab/InC-EDU/1.0/,4/27/2018,4/27/2018,4/27/2018,http://digital.lib.uidaho.edu:80/cdm/ref/collection/forester/id/3170,3170,3171.pdf,/forester/supp/3170/index.pdf,forester3170,http://localhost:4000/digital/forester/items/.html
The Idaho Forester - 1969 (Vol. 50),,air pollution;Chile;Costa Rica;forestry;logging;national parks;private sector;range management;Strix,1969,"University of Idaho Library Special Collections and Archives, http://www.lib.uidaho.edu/special-collections/",application/pdf,eng,text,"Educational use includes non-commercial use of text and images in materials for teaching and research purposes. Digital reproduction permissions granted University of Idaho Library Special Collections and Archives Department. For other uses beyond free use, please contact University of Idaho Library Special Collections and Archives Department at libspec@uidaho.edu.",http://rightsstatements.org/vocab/InC-EDU/1.0/,4/27/2018,4/27/2018,4/27/2018,http://digital.lib.uidaho.edu:80/cdm/ref/collection/forester/id/3211,3211,3212.pdf,/forester/supp/3211/index.pdf,forester3211,http://localhost:4000/digital/forester/items/.html
The Idaho Forester - 1930 (Vol. 12),,forest pests;foresters;land use;Pinus;Populus,1930,"University of Idaho Library Special Collections and Archives, http://www.lib.uidaho.edu/special-collections/",application/pdf,eng,text,"Educational use includes non-commercial use of text and images in materials for teaching and research purposes. Digital reproduction permissions granted University of Idaho Library Special Collections and Archives Department. For other uses beyond free use, please contact University of Idaho Library Special Collections and Archives Department at libspec@uidaho.edu.",http://rightsstatements.org/vocab/InC-EDU/1.0/,4/27/2018,4/27/2018,4/27/2018,http://digital.lib.uidaho.edu:80/cdm/ref/collection/forester/id/3282,3282,3283.pdf,/forester/supp/3282/index.pdf,forester3282,http://localhost:4000/digital/forester/items/.html
The Idaho Forester - 1970 (Vol. 51),,blister rust;dams (hydrology);forest management;human-wildlife relations;natural resources conservation;New Zealand;Pinus monticola;range management;springs (water);tree breeding,1970,"University of Idaho Library Special Collections and Archives, http://www.lib.uidaho.edu/special-collections/",application/pdf,eng,text,"Educational use includes non-commercial use of text and images in materials for teaching and research purposes. Digital reproduction permissions granted University of Idaho Library Special Collections and Archives Department. For other uses beyond free use, please contact University of Idaho Library Special Collections and Archives Department at libspec@uidaho.edu.",http://rightsstatements.org/vocab/InC-EDU/1.0/,4/27/2018,4/27/2018,4/27/2018,http://digital.lib.uidaho.edu:80/cdm/ref/collection/forester/id/3319,3319,3320.pdf,/forester/supp/3319/index.pdf,forester3319,http://localhost:4000/digital/forester/items/.html
The Idaho Forester - 1971 (Vol. 52),,air pollution;Chile;elks;forest fire management;forestry;Lynx rufus;Oncorhynchus mykiss;pollution control;range management;sheep;Thuja plicata;water quality,1971,"University of Idaho Library Special Collections and Archives, http://www.lib.uidaho.edu/special-collections/",application/pdf,eng,text,"Educational use includes non-commercial use of text and images in materials for teaching and research purposes. Digital reproduction permissions granted University of Idaho Library Special Collections and Archives Department. For other uses beyond free use, please contact University of Idaho Library Special Collections and Archives Department at libspec@uidaho.edu.",http://rightsstatements.org/vocab/InC-EDU/1.0/,4/27/2018,4/27/2018,4/27/2018,http://digital.lib.uidaho.edu:80/cdm/ref/collection/forester/id/3356,3356,3357.pdf,/forester/supp/3356/index.pdf,forester3356,http://localhost:4000/digital/forester/items/.html
The Idaho Forester - 1972 (Vol. 53),,elks;fisheries;forestry;logging;lumber;national forests;Taeniatherum caput-medusae;timber management,1972,"University of Idaho Library Special Collections and Archives, http://www.lib.uidaho.edu/special-collections/",application/pdf,eng,text,"Educational use includes non-commercial use of text and images in materials for teaching and research purposes. Digital reproduction permissions granted University of Idaho Library Special Collections and Archives Department. For other uses beyond free use, please contact University of Idaho Library Special Collections and Archives Department at libspec@uidaho.edu.",http://rightsstatements.org/vocab/InC-EDU/1.0/,4/27/2018,4/27/2018,4/27/2018,http://digital.lib.uidaho.edu:80/cdm/ref/collection/forester/id/3397,3397,3398.pdf,/forester/supp/3397/index.pdf,forester3397,http://localhost:4000/digital/forester/items/.html
The Idaho Forester - 1974 (Vol. 55),,elks;environmental law;fish industry;fish meat;foresters;industrial wastes;land management;land use;logging;range management;remote sensing;wildlife management,1974,"University of Idaho Library Special Collections and Archives, http://www.lib.uidaho.edu/special-collections/",application/pdf,eng,text,"Educational use includes non-commercial use of text and images in materials for teaching and research purposes. Digital reproduction permissions granted University of Idaho Library Special Collections and Archives Department. For other uses beyond free use, please contact University of Idaho Library Special Collections and Archives Department at libspec@uidaho.edu.",http://rightsstatements.org/vocab/InC-EDU/1.0/,4/27/2018,4/27/2018,4/27/2018,http://digital.lib.uidaho.edu:80/cdm/ref/collection/forester/id/3450,3450,3451.pdf,/forester/supp/3450/index.pdf,forester3450,http://localhost:4000/digital/forester/items/.html
The Idaho Forester - 1975 (Vol. 56),,forestry;human-wildlife relations;income;land management;land restoration;models;predators;sediments;USDA Forest Service;waste wood;women in agriculture,1975,"University of Idaho Library Special Collections and Archives, http://www.lib.uidaho.edu/special-collections/",application/pdf,eng,text,"Educational use includes non-commercial use of text and images in materials for teaching and research purposes. Digital reproduction permissions granted University of Idaho Library Special Collections and Archives Department. For other uses beyond free use, please contact University of Idaho Library Special Collections and Archives Department at libspec@uidaho.edu.",http://rightsstatements.org/vocab/InC-EDU/1.0/,4/26/2018,4/26/2018,4/26/2018,http://digital.lib.uidaho.edu:80/cdm/ref/collection/forester/id/3503,3503,3504.pdf,/forester/supp/3503/index.pdf,forester3503,http://localhost:4000/digital/forester/items/.html
The Idaho Forester - 1976 (Vol. 57),,elks;environmental impact statements;foresters;forestry;fuelwood;Grus canadensis;remote sensing;tree farms;Ursus americanus,1976,"University of Idaho Library Special Collections and Archives, http://www.lib.uidaho.edu/special-collections/",application/pdf,eng,text,"Educational use includes non-commercial use of text and images in materials for teaching and research purposes. Digital reproduction permissions granted University of Idaho Library Special Collections and Archives Department. For other uses beyond free use, please contact University of Idaho Library Special Collections and Archives Department at libspec@uidaho.edu.",http://rightsstatements.org/vocab/InC-EDU/1.0/,4/27/2018,4/27/2018,4/27/2018,http://digital.lib.uidaho.edu:80/cdm/ref/collection/forester/id/3556,3556,3557.pdf,/forester/supp/3556/index.pdf,forester3556,http://localhost:4000/digital/forester/items/.html
The Idaho Forester - 1977 (Vol. 58),,aquatic organisms;birds;ethics;flow;logging;logging equipment;natural resources conservation;Pinus monticola;Populus tremuloides;wildlife management,1977,"University of Idaho Library Special Collections and Archives, http://www.lib.uidaho.edu/special-collections/",application/pdf,eng,text,"Educational use includes non-commercial use of text and images in materials for teaching and research purposes. Digital reproduction permissions granted University of Idaho Library Special Collections and Archives Department. For other uses beyond free use, please contact University of Idaho Library Special Collections and Archives Department at libspec@uidaho.edu.",http://rightsstatements.org/vocab/InC-EDU/1.0/,4/27/2018,4/27/2018,4/27/2018,http://digital.lib.uidaho.edu:80/cdm/ref/collection/forester/id/3629,3629,3630.pdf,/forester/supp/3629/index.pdf,forester3629,http://localhost:4000/digital/forester/items/.html
The Idaho Forester - 1978 (Vol. 59),,conservation programs;ducks;experimental forests;foresters;logging;lumber;mushrooms;remote sensing;Strigiformes;trails;women in agriculture,1978,"University of Idaho Library Special Collections and Archives, http://www.lib.uidaho.edu/special-collections/",application/pdf,eng,text,"Educational use includes non-commercial use of text and images in materials for teaching and research purposes. Digital reproduction permissions granted University of Idaho Library Special Collections and Archives Department. For other uses beyond free use, please contact University of Idaho Library Special Collections and Archives Department at libspec@uidaho.edu.",http://rightsstatements.org/vocab/InC-EDU/1.0/,4/27/2018,4/27/2018,4/27/2018,http://digital.lib.uidaho.edu:80/cdm/ref/collection/forester/id/3686,3686,3687.pdf,/forester/supp/3686/index.pdf,forester3686,http://localhost:4000/digital/forester/items/.html
The Idaho Forester - 1979 (Vol. 60),,community forestry;conservation programs;endangered species;forestry;Honduras;human-wildlife relations;migratory behavior;outdoor recreation;Phlox;Salmonidae;spawning,1979,"University of Idaho Library Special Collections and Archives, http://www.lib.uidaho.edu/special-collections/",application/pdf,eng,text,"Educational use includes non-commercial use of text and images in materials for teaching and research purposes. Digital reproduction permissions granted University of Idaho Library Special Collections and Archives Department. For other uses beyond free use, please contact University of Idaho Library Special Collections and Archives Department at libspec@uidaho.edu.",http://rightsstatements.org/vocab/InC-EDU/1.0/,4/26/2018,4/26/2018,4/26/2018,http://digital.lib.uidaho.edu:80/cdm/ref/collection/forester/id/3775,3775,3776.pdf,/forester/supp/3775/index.pdf,forester3775,http://localhost:4000/digital/forester/items/.html
The Idaho Forester - 1980 (Vol. 61),,China;fisheries;forest fire management;land management;logging;natural resource policy;USDA Forest Service,1980,"University of Idaho Library Special Collections and Archives, http://www.lib.uidaho.edu/special-collections/",application/pdf,eng,text,"Educational use includes non-commercial use of text and images in materials for teaching and research purposes. Digital reproduction permissions granted University of Idaho Library Special Collections and Archives Department. For other uses beyond free use, please contact University of Idaho Library Special Collections and Archives Department at libspec@uidaho.edu.",http://rightsstatements.org/vocab/InC-EDU/1.0/,4/27/2018,4/27/2018,4/27/2018,http://digital.lib.uidaho.edu:80/cdm/ref/collection/forester/id/3848,3848,3849.pdf,/forester/supp/3848/index.pdf,forester3848,http://localhost:4000/digital/forester/items/.html
The Idaho Forester - 1981 (Vol. 62),,China;fisheries;forest fire management;fuelwood;giardiasis;land management;land use;reforestation;seedlings;trees;volcanic activity,1981,"University of Idaho Library Special Collections and Archives, http://www.lib.uidaho.edu/special-collections/",application/pdf,eng,text,"Educational use includes non-commercial use of text and images in materials for teaching and research purposes. Digital reproduction permissions granted University of Idaho Library Special Collections and Archives Department. For other uses beyond free use, please contact University of Idaho Library Special Collections and Archives Department at libspec@uidaho.edu.",http://rightsstatements.org/vocab/InC-EDU/1.0/,4/27/2018,4/27/2018,4/27/2018,http://digital.lib.uidaho.edu:80/cdm/ref/collection/forester/id/3921,3921,3922.pdf,/forester/supp/3921/index.pdf,forester3921,http://localhost:4000/digital/forester/items/.html
The Idaho Forester - 1982 (Vol. 63),,air pollution;birds;edible insects;Micropterus salmoides;natural resource management;outdoor recreation;rangelands;social sciences;sport hunting,1982,"University of Idaho Library Special Collections and Archives, http://www.lib.uidaho.edu/special-collections/",application/pdf,eng,text,"Educational use includes non-commercial use of text and images in materials for teaching and research purposes. Digital reproduction permissions granted University of Idaho Library Special Collections and Archives Department. For other uses beyond free use, please contact University of Idaho Library Special Collections and Archives Department at libspec@uidaho.edu.",http://rightsstatements.org/vocab/InC-EDU/1.0/,4/27/2018,4/27/2018,4/27/2018,http://digital.lib.uidaho.edu:80/cdm/ref/collection/forester/id/3986,3986,3987.pdf,/forester/supp/3986/index.pdf,forester3986,http://localhost:4000/digital/forester/items/.html
The Idaho Forester - 1983 (Vol. 64),,birds;forest products industry;fish;forage;foresters;integrated pest management;logging;Lynx rufus;natural resources conservation;predator control;Rangifer tarandus;trout;wildlife,1983,"University of Idaho Library Special Collections and Archives, http://www.lib.uidaho.edu/special-collections/",application/pdf,eng,text,"Educational use includes non-commercial use of text and images in materials for teaching and research purposes. Digital reproduction permissions granted University of Idaho Library Special Collections and Archives Department. For other uses beyond free use, please contact University of Idaho Library Special Collections and Archives Department at libspec@uidaho.edu.",http://rightsstatements.org/vocab/InC-EDU/1.0/,4/27/2018,4/27/2018,4/27/2018,http://digital.lib.uidaho.edu:80/cdm/ref/collection/forester/id/4055,4055,4056.pdf,/forester/supp/4055/index.pdf,forester4055,http://localhost:4000/digital/forester/items/.html
The Idaho Forester - 1984 (Vol. 65),,experimental forests;fisheries;forest products industry;India;logging;outdoor recreation;pulp and paper industry;range management;wildlife,1984,"University of Idaho Library Special Collections and Archives, http://www.lib.uidaho.edu/special-collections/",application/pdf,eng,text,"Educational use includes non-commercial use of text and images in materials for teaching and research purposes. Digital reproduction permissions granted University of Idaho Library Special Collections and Archives Department. For other uses beyond free use, please contact University of Idaho Library Special Collections and Archives Department at libspec@uidaho.edu.",http://rightsstatements.org/vocab/InC-EDU/1.0/,4/26/2018,4/26/2018,4/26/2018,http://digital.lib.uidaho.edu:80/cdm/ref/collection/forester/id/4144,4144,4145.pdf,/forester/supp/4144/index.pdf,forester4144,http://localhost:4000/digital/forester/items/.html
The Idaho Forester - 1985 (Vol. 66),,biodiversity;Burkina Faso;experimental forests;fisheries;forestry;national forests;natural resources conservation;range management;rivers;water policy;wildlife,1985,"University of Idaho Library Special Collections and Archives, http://www.lib.uidaho.edu/special-collections/",application/pdf,eng,text,"Educational use includes non-commercial use of text and images in materials for teaching and research purposes. Digital reproduction permissions granted University of Idaho Library Special Collections and Archives Department. For other uses beyond free use, please contact University of Idaho Library Special Collections and Archives Department at libspec@uidaho.edu.",http://rightsstatements.org/vocab/InC-EDU/1.0/,4/27/2018,4/27/2018,4/27/2018,http://digital.lib.uidaho.edu:80/cdm/ref/collection/forester/id/4217,4217,4218.pdf,/forester/supp/4217/index.pdf,forester4217,http://localhost:4000/digital/forester/items/.html
The Idaho Forester - 1986 (Vol. 67),,fisheries;forest products industry;foresters;land use;Leopardus pardalis;rangelands,1986,"University of Idaho Library Special Collections and Archives, http://www.lib.uidaho.edu/special-collections/",application/pdf,eng,text,"Educational use includes non-commercial use of text and images in materials for teaching and research purposes. Digital reproduction permissions granted University of Idaho Library Special Collections and Archives Department. For other uses beyond free use, please contact University of Idaho Library Special Collections and Archives Department at libspec@uidaho.edu.",http://rightsstatements.org/vocab/InC-EDU/1.0/,4/27/2018,4/27/2018,4/27/2018,http://digital.lib.uidaho.edu:80/cdm/ref/collection/forester/id/4282,4282,4283.pdf,/forester/supp/4282/index.pdf,forester4282,http://localhost:4000/digital/forester/items/.html
The Idaho Forester - 1987 (Vol. 68),,forest nurseries;Oncorhynchus mykiss;outdoor recreation;range management;sport fishing;tourism;wildlife,1987,"University of Idaho Library Special Collections and Archives, http://www.lib.uidaho.edu/special-collections/",application/pdf,eng,text,"Educational use includes non-commercial use of text and images in materials for teaching and research purposes. Digital reproduction permissions granted University of Idaho Library Special Collections and Archives Department. For other uses beyond free use, please contact University of Idaho Library Special Collections and Archives Department at libspec@uidaho.edu.",http://rightsstatements.org/vocab/InC-EDU/1.0/,4/27/2018,4/27/2018,4/27/2018,http://digital.lib.uidaho.edu:80/cdm/ref/collection/forester/id/4351,4351,4352.pdf,/forester/supp/4351/index.pdf,forester4351,http://localhost:4000/digital/forester/items/.html
The Idaho Forester - 1988 (Vol. 69),,biotechnology;community forestry;experimental forests;fisheries;forest industries;forest products industry;fuelwood;natural resources conservation;Rangifer tarandus;sport fishing;timber supply;Ursus arctos;wildlife;wolves,1988,"University of Idaho Library Special Collections and Archives, http://www.lib.uidaho.edu/special-collections/",application/pdf,eng,text,"Educational use includes non-commercial use of text and images in materials for teaching and research purposes. Digital reproduction permissions granted University of Idaho Library Special Collections and Archives Department. For other uses beyond free use, please contact University of Idaho Library Special Collections and Archives Department at libspec@uidaho.edu.",http://rightsstatements.org/vocab/InC-EDU/1.0/,4/27/2018,4/27/2018,4/27/2018,http://digital.lib.uidaho.edu:80/cdm/ref/collection/forester/id/4424,4424,4425.pdf,/forester/supp/4424/index.pdf,forester4424,http://localhost:4000/digital/forester/items/.html
The Idaho Forester - 1989 (Vol. 70),,Anser albifrons;Artemisia;biotechnology;Cygnus;economics;endangered species;forest fires;Honduras;national parks;Prunus serotina;Purshia;rangelands;rural education and training;water;wildlife;wildlife management,1989,"University of Idaho Library Special Collections and Archives, http://www.lib.uidaho.edu/special-collections/",application/pdf,eng,text,"Educational use includes non-commercial use of text and images in materials for teaching and research purposes. Digital reproduction permissions granted University of Idaho Library Special Collections and Archives Department. For other uses beyond free use, please contact University of Idaho Library Special Collections and Archives Department at libspec@uidaho.edu.",http://rightsstatements.org/vocab/InC-EDU/1.0/,4/27/2018,4/27/2018,4/27/2018,http://digital.lib.uidaho.edu:80/cdm/ref/collection/forester/id/4501,4501,4502.pdf,/forester/supp/4501/index.pdf,forester4501,http://localhost:4000/digital/forester/items/.html
The Idaho Forester - 1990 (Vol. 71),,cattle;Central America;conservation areas;ecological restoration;economics;elks;Esox lucius;ethics;fisheries;forest fires;forest management;forest regeneration;forestry;fuelwood;grazing;land management;land ownership;natural resources;Oncorhynchus tshawytscha;outdoor recreation;Pinus ponderosa;plants (botany);rangelands;trees,1990,"University of Idaho Library Special Collections and Archives, http://www.lib.uidaho.edu/special-collections/",application/pdf,eng,text,"Educational use includes non-commercial use of text and images in materials for teaching and research purposes. Digital reproduction permissions granted University of Idaho Library Special Collections and Archives Department. For other uses beyond free use, please contact University of Idaho Library Special Collections and Archives Department at libspec@uidaho.edu.",http://rightsstatements.org/vocab/InC-EDU/1.0/,4/27/2018,4/27/2018,4/27/2018,http://digital.lib.uidaho.edu:80/cdm/ref/collection/forester/id/4586,4586,4587.pdf,/forester/supp/4586/index.pdf,forester4586,http://localhost:4000/digital/forester/items/.html
The Idaho Forester - 1991 (Vol. 72),,Alces alces;Chiroptera;fish;fisheries;forest products industry;foresters;horses;human-wildlife relations;rangelands;Ursus americanus;wildlife,1991,"University of Idaho Library Special Collections and Archives, http://www.lib.uidaho.edu/special-collections/",application/pdf,eng,text,"Educational use includes non-commercial use of text and images in materials for teaching and research purposes. Digital reproduction permissions granted University of Idaho Library Special Collections and Archives Department. For other uses beyond free use, please contact University of Idaho Library Special Collections and Archives Department at libspec@uidaho.edu.",http://rightsstatements.org/vocab/InC-EDU/1.0/,4/27/2018,4/27/2018,4/27/2018,http://digital.lib.uidaho.edu:80/cdm/ref/collection/forester/id/4671,4671,4672.pdf,/forester/supp/4671/index.pdf,forester4671,http://localhost:4000/digital/forester/items/.html
The Idaho Forester - 1992 (Vol. 73),,crows;deserts;fisheries;forest products industry;foresters;mountains;range management,1992,"University of Idaho Library Special Collections and Archives, http://www.lib.uidaho.edu/special-collections/",application/pdf,eng,text,"Educational use includes non-commercial use of text and images in materials for teaching and research purposes. Digital reproduction permissions granted University of Idaho Library Special Collections and Archives Department. For other uses beyond free use, please contact University of Idaho Library Special Collections and Archives Department at libspec@uidaho.edu.",http://rightsstatements.org/vocab/InC-EDU/1.0/,4/27/2018,4/27/2018,4/27/2018,http://digital.lib.uidaho.edu:80/cdm/ref/collection/forester/id/4768,4768,4769.pdf,/forester/supp/4768/index.pdf,forester4768,http://localhost:4000/digital/forester/items/.html
The Idaho Forester - 1993 (Vol. 74),,biodiversity;clearcutting;Clearwater National Forest;forest products industry;foresters;forestry;fuelwood;habitat conservation;land management;natural resource management;natural resources conservation;outdoor recreation;Pakistan;rangelands;tourism;wildlife,1993,"University of Idaho Library Special Collections and Archives, http://www.lib.uidaho.edu/special-collections/",application/pdf,eng,text,"Educational use includes non-commercial use of text and images in materials for teaching and research purposes. Digital reproduction permissions granted University of Idaho Library Special Collections and Archives Department. For other uses beyond free use, please contact University of Idaho Library Special Collections and Archives Department at libspec@uidaho.edu.",http://rightsstatements.org/vocab/InC-EDU/1.0/,4/27/2018,4/27/2018,4/27/2018,http://digital.lib.uidaho.edu:80/cdm/ref/collection/forester/id/4865,4865,4866.pdf,/forester/supp/4865/index.pdf,forester4865,http://localhost:4000/digital/forester/items/.html
The Idaho Forester - 1994 (Vol. 75),,ecology;forest fires;foresters;forests;logging;natural resource management;Odocoileus virginianus;outdoor recreation,1994,"University of Idaho Library Special Collections and Archives, http://www.lib.uidaho.edu/special-collections/",application/pdf,eng,text,"Educational use includes non-commercial use of text and images in materials for teaching and research purposes. Digital reproduction permissions granted University of Idaho Library Special Collections and Archives Department. For other uses beyond free use, please contact University of Idaho Library Special Collections and Archives Department at libspec@uidaho.edu.",http://rightsstatements.org/vocab/InC-EDU/1.0/,4/27/2018,4/27/2018,4/27/2018,http://digital.lib.uidaho.edu:80/cdm/ref/collection/forester/id/4950,4950,4951.pdf,/forester/supp/4950/index.pdf,forester4950,http://localhost:4000/digital/forester/items/.html
The Idaho Forester - 1995 (Vol. 76),,Accipiter;ethics;fisheries;forest management;foresters;logging;nesting sites;outdoor recreation;wildlife,1995,"University of Idaho Library Special Collections and Archives, http://www.lib.uidaho.edu/special-collections/",application/pdf,eng,text,"Educational use includes non-commercial use of text and images in materials for teaching and research purposes. Digital reproduction permissions granted University of Idaho Library Special Collections and Archives Department. For other uses beyond free use, please contact University of Idaho Library Special Collections and Archives Department at libspec@uidaho.edu.",http://rightsstatements.org/vocab/InC-EDU/1.0/,4/27/2018,4/27/2018,4/27/2018,http://digital.lib.uidaho.edu:80/cdm/ref/collection/forester/id/5023,5023,5024.pdf,/forester/supp/5023/index.pdf,forester5023,http://localhost:4000/digital/forester/items/.html
The Idaho Forester - 1996 (Vol. 77),,agroforestry;El Salvador;experimental forests;fisheries;floods;forest products industry;forestry;horses;land use planning;Pakistan;private lands;wildlife;women in agriculture,1996,"University of Idaho Library Special Collections and Archives, http://www.lib.uidaho.edu/special-collections/",application/pdf,eng,text,"Educational use includes non-commercial use of text and images in materials for teaching and research purposes. Digital reproduction permissions granted University of Idaho Library Special Collections and Archives Department. For other uses beyond free use, please contact University of Idaho Library Special Collections and Archives Department at libspec@uidaho.edu.",http://rightsstatements.org/vocab/InC-EDU/1.0/,4/27/2018,4/27/2018,4/27/2018,http://digital.lib.uidaho.edu:80/cdm/ref/collection/forester/id/5124,5124,5125.pdf,/forester/supp/5124/index.pdf,forester5124,http://localhost:4000/digital/forester/items/.html
The Idaho Forester - 1997 (Vol. 78),,ecology;evolution;fisheries;foresters;grassland fires;livestock;logging;rangelands;snow;timber production;wildlife;wildlife management,1997,"University of Idaho Library Special Collections and Archives, http://www.lib.uidaho.edu/special-collections/",application/pdf,eng,text,"Educational use includes non-commercial use of text and images in materials for teaching and research purposes. Digital reproduction permissions granted University of Idaho Library Special Collections and Archives Department. For other uses beyond free use, please contact University of Idaho Library Special Collections and Archives Department at libspec@uidaho.edu.",http://rightsstatements.org/vocab/InC-EDU/1.0/,4/27/2018,4/27/2018,4/27/2018,http://digital.lib.uidaho.edu:80/cdm/ref/collection/forester/id/5205,5205,5206.pdf,/forester/supp/5205/index.pdf,forester5205,http://localhost:4000/digital/forester/items/.html