title,subject,photographer,date,date_is_approximate,description,subject_lctgm,location_old,location,source,Finding aid,digital_collection,holding_institution,format_original,format,type,identifier,datedigital,language,website,rights,rightsstatement,digitalspecifications,filename,oclcnumber,datecreated,datemodified,cdm_url,cdmid,contentdmfilename,contentdmfilepath,objectid,completed,
Cataract,waterfalls (natural bodies of water); nature photography,"Higgins, Robert, E.",1984-10-01,,"Shoshone Falls on the Snake River at Twin Falls, Idaho. Two people can be seen sitting on ledge across from falls. This was entered into the Columbia Council of Camera Clubs and received 2nd place in the competition.",Photographic prints,United States--Idaho--Twin Falls County--Twin Falls,"Twin Falls, Idaho","PG 125, Collection on Robert E. Higgins, 1947-1997, University of Idaho Library Special Collections and Archives",https://archiveswest.orbiscascade.org/ark:80444/xv741822,Robert E. Higgins Collection,University of Idaho Library,Black and White Photograph,image/jpeg,Image;StillImage,higgins_001,2011-02-15,eng,http://contentdm.lib.uidaho.edu/cdm4/browse.php?CISOROOT=/higgins,"In copyright, educational use permitted. Educational use includes non-commercial reproduction of text and images in materials for teaching and research purposes. For other contexts beyond fair use, including digital reproduction, please contact the University of Idaho Library Special Collections and Archives Department at [libspec@uidaho.edu](mailto:libspec@uidaho.edu). The University of Idaho Library is not liable for any violations of the law by users.",http://rightsstatements.org/vocab/InC-EDU/1.0/,Original is archival Tiff. Displayed is a reduced jpg.,,,2011-03-01,2018-04-20,http://digital.lib.uidaho.edu:80/cdm/ref/collection/higgins/id/0,0,1.jp2,/higgins/image/1.jp2,higgins0,"Jan 23, 2023",Ariana Burns
Desert Barn,barns;deterioration;deserts;dirt roads; barnyard; agricultural buildings,"Higgins, Robert, E.",1984-04-11,,A dirt road leading up to a dilapidated barn surrounded by sagebrush and desert recieved a score of 23 at the Boise Camera Club competition.,Photographic prints,United States--Idaho,Idaho,"PG 125, Collection on Robert E. Higgins, 1947-1997, University of Idaho Library Special Collections and Archives",https://archiveswest.orbiscascade.org/ark:80444/xv741823,Robert E. Higgins Collection,University of Idaho Library,Black and White Photograph,image/jpeg,Image;StillImage,higgins_010,2011-02-17,eng,http://contentdm.lib.uidaho.edu/cdm4/browse.php?CISOROOT=/higgins,"In copyright, educational use permitted. Educational use includes non-commercial reproduction of text and images in materials for teaching and research purposes. For other contexts beyond fair use, including digital reproduction, please contact the University of Idaho Library Special Collections and Archives Department at [libspec@uidaho.edu](mailto:libspec@uidaho.edu). The University of Idaho Library is not liable for any violations of the law by users.",http://rightsstatements.org/vocab/InC-EDU/1.0/,Original is archival Tiff. Displayed is a reduced jpg.,,,2011-03-01,2018-04-20,http://digital.lib.uidaho.edu:80/cdm/ref/collection/higgins/id/1,1,10.jp2,/higgins/image/10.jp2,higgins1,2/17/23,Ariana Burns
LaMoille Fence,rail fences;trees;bushes;mountains; cultural landscapes;,"Higgins, Robert, E.",1988-12-15,,"An overgrown fence and trees with a mountainous background, which was entered into the Boise Camera Club competition and received 3rd place.",Photographic prints,United States--Idaho,Idaho,"PG 125, Collection on Robert E. Higgins, 1947-1997, University of Idaho Library Special Collections and Archives",https://archiveswest.orbiscascade.org/ark:80444/xv741824,Robert E. Higgins Collection,University of Idaho Library,Black and White Photograph,image/jpeg,Image;StillImage,higgins_011,2011-02-17,eng,http://contentdm.lib.uidaho.edu/cdm4/browse.php?CISOROOT=/higgins,"In copyright, educational use permitted. Educational use includes non-commercial reproduction of text and images in materials for teaching and research purposes. For other contexts beyond fair use, including digital reproduction, please contact the University of Idaho Library Special Collections and Archives Department at [libspec@uidaho.edu](mailto:libspec@uidaho.edu). The University of Idaho Library is not liable for any violations of the law by users.",http://rightsstatements.org/vocab/InC-EDU/1.0/,Original is archival Tiff. Displayed is a reduced jpg.,,,2011-03-01,2018-04-20,http://digital.lib.uidaho.edu:80/cdm/ref/collection/higgins/id/2,2,11.jp2,/higgins/image/11.jp2,higgins2,,
Bayhorse,trees;bushes;ghost towns;dirt roads;abandoned buildings;deterioration;valleys (landforms); cultural landscapes; ruins,"Higgins, Robert, E.",1989-11-14,,Light and shadow play off this remote ghost town. This image of falling down buildings and a road was entered into Boise Camera Club competition and received a score of 20.,Photographic prints,United States--Idaho--Custer County--Challis,"Bayhorse, Idaho","PG 125, Collection on Robert E. Higgins, 1947-1997, University of Idaho Library Special Collections and Archives",https://archiveswest.orbiscascade.org/ark:80444/xv741825,Robert E. Higgins Collection,University of Idaho Library,Black and White Photograph,image/jpeg,Image;StillImage,higgins_012,2011-02-17,eng,http://contentdm.lib.uidaho.edu/cdm4/browse.php?CISOROOT=/higgins,"In copyright, educational use permitted. Educational use includes non-commercial reproduction of text and images in materials for teaching and research purposes. For other contexts beyond fair use, including digital reproduction, please contact the University of Idaho Library Special Collections and Archives Department at [libspec@uidaho.edu](mailto:libspec@uidaho.edu). The University of Idaho Library is not liable for any violations of the law by users.",http://rightsstatements.org/vocab/InC-EDU/1.0/,Original is archival Tiff. Displayed is a reduced jpg.,,,2011-03-01,2018-04-20,http://digital.lib.uidaho.edu:80/cdm/ref/collection/higgins/id/3,3,12.jp2,/higgins/image/12.jp2,higgins3,,
Cascade,rapids;rivers;rocks (landforms); nature photography,"Higgins, Robert, E.",1993-04-17,,"Swirling water cascading over rocks was entered into Calgary Exhibition pictorial judging labels, PSA international, and The Great Western competitions.",Photographic prints,United States--Idaho,Idaho,"PG 125, Collection on Robert E. Higgins, 1947-1997, University of Idaho Library Special Collections and Archives",https://archiveswest.orbiscascade.org/ark:80444/xv741826,Robert E. Higgins Collection,University of Idaho Library,Black and White Photograph,image/jpeg,Image;StillImage,higgins_013,2011-02-17,eng,http://contentdm.lib.uidaho.edu/cdm4/browse.php?CISOROOT=/higgins,"In copyright, educational use permitted. Educational use includes non-commercial reproduction of text and images in materials for teaching and research purposes. For other contexts beyond fair use, including digital reproduction, please contact the University of Idaho Library Special Collections and Archives Department at [libspec@uidaho.edu](mailto:libspec@uidaho.edu). The University of Idaho Library is not liable for any violations of the law by users.",http://rightsstatements.org/vocab/InC-EDU/1.0/,Original is archival Tiff. Displayed is a reduced jpg.,,,2011-03-01,2018-04-20,http://digital.lib.uidaho.edu:80/cdm/ref/collection/higgins/id/4,4,13.jp2,/higgins/image/13.jp2,higgins4,,
Red Fish Rapids,rapids;rivers;rocks (landforms); nature photography,"Higgins, Robert, E.",1998-10-09,,Rapids tumbling over rocks is the focus of this image that was entered into Boise Camera Club competition and received a score of 25.,Photographic prints,United States--Idaho,Idaho,"PG 125, Collection on Robert E. Higgins, 1947-1997, University of Idaho Library Special Collections and Archives",https://archiveswest.orbiscascade.org/ark:80444/xv741827,Robert E. Higgins Collection,University of Idaho Library,Black and White Photograph,image/jpeg,Image;StillImage,higgins_014,2011-02-17,eng,http://contentdm.lib.uidaho.edu/cdm4/browse.php?CISOROOT=/higgins,"In copyright, educational use permitted. Educational use includes non-commercial reproduction of text and images in materials for teaching and research purposes. For other contexts beyond fair use, including digital reproduction, please contact the University of Idaho Library Special Collections and Archives Department at [libspec@uidaho.edu](mailto:libspec@uidaho.edu). The University of Idaho Library is not liable for any violations of the law by users.",http://rightsstatements.org/vocab/InC-EDU/1.0/,Original is archival Tiff. Displayed is a reduced jpg.,,,2011-03-01,2018-04-20,http://digital.lib.uidaho.edu:80/cdm/ref/collection/higgins/id/5,5,14.jp2,/higgins/image/14.jp2,higgins5,,
Split,wood (plant material);axes (tools),"Higgins, Robert, E.",1983-09-13,,The violence of a double-headed ax splitting wood was captured by this image and entered into The Photographic Society of America International Club Print Competition.,Photographic prints,United States--Idaho,Idaho,"PG 125, Collection on Robert E. Higgins, 1947-1997, University of Idaho Library Special Collections and Archives",https://archiveswest.orbiscascade.org/ark:80444/xv741828,Robert E. Higgins Collection,University of Idaho Library,Black and White Photograph,image/jpeg,Image;StillImage,higgins_015,2011-02-17,eng,http://contentdm.lib.uidaho.edu/cdm4/browse.php?CISOROOT=/higgins,"In copyright, educational use permitted. Educational use includes non-commercial reproduction of text and images in materials for teaching and research purposes. For other contexts beyond fair use, including digital reproduction, please contact the University of Idaho Library Special Collections and Archives Department at [libspec@uidaho.edu](mailto:libspec@uidaho.edu). The University of Idaho Library is not liable for any violations of the law by users.",http://rightsstatements.org/vocab/InC-EDU/1.0/,Original is archival Tiff. Displayed is a reduced jpg.,,,2011-03-01,2018-04-20,http://digital.lib.uidaho.edu:80/cdm/ref/collection/higgins/id/6,6,15.jp2,/higgins/image/15.jp2,higgins6,,
Onion Harvest,allium (genus);farmers (people in agriculture);farms; farming;,"Higgins, Robert, E.",1993-12-01,,"A pleased-looking farmer shows off his onion crop. He is in the foreground of a field, surrounded by full bags of onioons. This image was entered into the Boise Camera Club competition and received a score of 22.",Photographic prints,United States--Idaho,Idaho,"PG 125, Collection on Robert E. Higgins, 1947-1997, University of Idaho Library Special Collections and Archives",https://archiveswest.orbiscascade.org/ark:80444/xv741829,Robert E. Higgins Collection,University of Idaho Library,Black and White Photograph,image/jpeg,Image;StillImage,higgins_016,2011-02-17,eng,http://contentdm.lib.uidaho.edu/cdm4/browse.php?CISOROOT=/higgins,"In copyright, educational use permitted. Educational use includes non-commercial reproduction of text and images in materials for teaching and research purposes. For other contexts beyond fair use, including digital reproduction, please contact the University of Idaho Library Special Collections and Archives Department at [libspec@uidaho.edu](mailto:libspec@uidaho.edu). The University of Idaho Library is not liable for any violations of the law by users.",http://rightsstatements.org/vocab/InC-EDU/1.0/,Original is archival Tiff. Displayed is a reduced jpg.,,,2011-03-01,2018-04-20,http://digital.lib.uidaho.edu:80/cdm/ref/collection/higgins/id/7,7,16.jp2,/higgins/image/16.jp2,higgins7,,
Tea Garden,"Chinese (culture or style);restaurants;urban areas; chinatowns; lamps, neon","Higgins, Robert, E.",1984-12-11,,"A city-scene showing Fong's Chinese Restaurant and the Tea Garden building in Old China Town, Boise, Idaho, was entered into the Boise Camera Club competition and received a score of 21. On the corner of the building is a neon blade sign and a neon sign above the eave. ",Photographic prints,United States--Idaho,Idaho,"PG 125, Collection on Robert E. Higgins, 1947-1997, University of Idaho Library Special Collections and Archives",https://archiveswest.orbiscascade.org/ark:80444/xv741830,Robert E. Higgins Collection,University of Idaho Library,Color Photograph,image/jpeg,Image;StillImage,higgins_017,2011-02-17,eng,http://contentdm.lib.uidaho.edu/cdm4/browse.php?CISOROOT=/higgins,"In copyright, educational use permitted. Educational use includes non-commercial reproduction of text and images in materials for teaching and research purposes. For other contexts beyond fair use, including digital reproduction, please contact the University of Idaho Library Special Collections and Archives Department at [libspec@uidaho.edu](mailto:libspec@uidaho.edu). The University of Idaho Library is not liable for any violations of the law by users.",http://rightsstatements.org/vocab/InC-EDU/1.0/,Original is archival Tiff. Displayed is a reduced jpg.,,,2011-03-01,2018-04-20,http://digital.lib.uidaho.edu:80/cdm/ref/collection/higgins/id/8,8,17.jp2,/higgins/image/17.jp2,higgins8,,
Lap Siding,barnboard;siding (material);wood (plant material),"Higgins, Robert, E.",1989-11-14,,Weathered wood makes for this interesting image that was entered into the Boise Camera Club competition and received a score of 20.,Photographic prints,United States--Idaho,Idaho,"PG 125, Collection on Robert E. Higgins, 1947-1997, University of Idaho Library Special Collections and Archives",https://archiveswest.orbiscascade.org/ark:80444/xv741831,Robert E. Higgins Collection,University of Idaho Library,Black and White Photograph,image/jpeg,Image;StillImage,higgins_018,2011-02-17,eng,http://contentdm.lib.uidaho.edu/cdm4/browse.php?CISOROOT=/higgins,"In copyright, educational use permitted. Educational use includes non-commercial reproduction of text and images in materials for teaching and research purposes. For other contexts beyond fair use, including digital reproduction, please contact the University of Idaho Library Special Collections and Archives Department at [libspec@uidaho.edu](mailto:libspec@uidaho.edu). The University of Idaho Library is not liable for any violations of the law by users.",http://rightsstatements.org/vocab/InC-EDU/1.0/,Original is archival Tiff. Displayed is a reduced jpg.,,,2011-03-01,2018-04-20,http://digital.lib.uidaho.edu:80/cdm/ref/collection/higgins/id/9,9,18.jp2,/higgins/image/18.jp2,higgins9,,
Security,barnboard;wood (plant material);locks (securing devices); black-and-white photography;,"Higgins, Robert, E.",1988-05-10,,A solitary lock and chain is keeping this weathered wood gate shut. This image was entered into the Boise Camera Club competition and received a score of 23.,Photographic prints,United States--Idaho,Idaho,"PG 125, Collection on Robert E. Higgins, 1947-1997, University of Idaho Library Special Collections and Archives",https://archiveswest.orbiscascade.org/ark:80444/xv741832,Robert E. Higgins Collection,University of Idaho Library,Black and White Photograph,image/jpeg,Image;StillImage,higgins_019,2011-02-17,eng,http://contentdm.lib.uidaho.edu/cdm4/browse.php?CISOROOT=/higgins,"In copyright, educational use permitted. Educational use includes non-commercial reproduction of text and images in materials for teaching and research purposes. For other contexts beyond fair use, including digital reproduction, please contact the University of Idaho Library Special Collections and Archives Department at [libspec@uidaho.edu](mailto:libspec@uidaho.edu). The University of Idaho Library is not liable for any violations of the law by users.",http://rightsstatements.org/vocab/InC-EDU/1.0/,Original is archival Tiff. Displayed is a reduced jpg.,,,2011-03-01,2018-04-20,http://digital.lib.uidaho.edu:80/cdm/ref/collection/higgins/id/10,10,19.jp2,/higgins/image/19.jp2,higgins10,,
Abandoned Home,abandoned dwellings;barnboard;siding (material);wood (plant material);bushes,"Higgins, Robert, E.",1996-06-02,,A close up view of an abandoned house received a score of 25 by the Boise Camera Club competition.,Photographic prints,United States--Idaho,Idaho,"PG 125, Collection on Robert E. Higgins, 1947-1997, University of Idaho Library Special Collections and Archives",https://archiveswest.orbiscascade.org/ark:80444/xv741833,Robert E. Higgins Collection,University of Idaho Library,Black and White Photograph,image/jpeg,Image;StillImage,higgins_002,2011-02-15,eng,http://contentdm.lib.uidaho.edu/cdm4/browse.php?CISOROOT=/higgins,"In copyright, educational use permitted. Educational use includes non-commercial reproduction of text and images in materials for teaching and research purposes. For other contexts beyond fair use, including digital reproduction, please contact the University of Idaho Library Special Collections and Archives Department at [libspec@uidaho.edu](mailto:libspec@uidaho.edu). The University of Idaho Library is not liable for any violations of the law by users.",http://rightsstatements.org/vocab/InC-EDU/1.0/,Original is archival Tiff. Displayed is a reduced jpg.,,,2011-03-01,2018-04-20,http://digital.lib.uidaho.edu:80/cdm/ref/collection/higgins/id/11,11,2.jp2,/higgins/image/2.jp2,higgins11,,
Fongs,"Chinese (culture or style);restaurants;urban areas; chinatowns; lamps, neon","Higgins, Robert, E.",1984-02-14,,"This close up view of Fongs building in Old China Town, Boise, Idaho received a score of 39 by the Columbia Council of Camera Clubs. On the corner of the building is a blade neon sign.",Photographic prints,United States--Idaho,"Boise, Idaho","PG 125, Collection on Robert E. Higgins, 1947-1997, University of Idaho Library Special Collections and Archives",https://archiveswest.orbiscascade.org/ark:80444/xv741834,Robert E. Higgins Collection,University of Idaho Library,Color Photograph,image/jpeg,Image;StillImage,higgins_020,2011-02-17,eng,http://contentdm.lib.uidaho.edu/cdm4/browse.php?CISOROOT=/higgins,"In copyright, educational use permitted. Educational use includes non-commercial reproduction of text and images in materials for teaching and research purposes. For other contexts beyond fair use, including digital reproduction, please contact the University of Idaho Library Special Collections and Archives Department at [libspec@uidaho.edu](mailto:libspec@uidaho.edu). The University of Idaho Library is not liable for any violations of the law by users.",http://rightsstatements.org/vocab/InC-EDU/1.0/,Original is archival Tiff. Displayed is a reduced jpg.,,,2011-03-01,2018-04-20,http://digital.lib.uidaho.edu:80/cdm/ref/collection/higgins/id/12,12,20.jp2,/higgins/image/20.jp2,higgins12,,
Pioneer,abandoned buildings;barnboard;siding (material);wood (plant material);fences (site elements),"Higgins, Robert, E.",1989-11-14,,"A lonely, abandoned building behind a dilapidated fence received a score of 21 from the Boise Camera Club competition.",Photographic prints,United States--Idaho,Idaho,"PG 125, Collection on Robert E. Higgins, 1947-1997, University of Idaho Library Special Collections and Archives",https://archiveswest.orbiscascade.org/ark:80444/xv741835,Robert E. Higgins Collection,University of Idaho Library,Black and White Photograph,image/jpeg,Image;StillImage,higgins_021,2011-02-17,eng,http://contentdm.lib.uidaho.edu/cdm4/browse.php?CISOROOT=/higgins,"In copyright, educational use permitted. Educational use includes non-commercial reproduction of text and images in materials for teaching and research purposes. For other contexts beyond fair use, including digital reproduction, please contact the University of Idaho Library Special Collections and Archives Department at [libspec@uidaho.edu](mailto:libspec@uidaho.edu). The University of Idaho Library is not liable for any violations of the law by users.",http://rightsstatements.org/vocab/InC-EDU/1.0/,Original is archival Tiff. Displayed is a reduced jpg.,,,2011-03-01,2018-04-20,http://digital.lib.uidaho.edu:80/cdm/ref/collection/higgins/id/13,13,21.jp2,/higgins/image/21.jp2,higgins13,,
Sagging Screen,abandoned buildings;barnboard;siding (material);wood (plant material);screen window;deterioration,"Higgins, Robert, E.",1990-02-13,,Sagging screen hanging off a window of an abandoned building received a score of 22 at the Boise Camera Club competition.,Photographic prints,United States--Idaho,Idaho,"PG 125, Collection on Robert E. Higgins, 1947-1997, University of Idaho Library Special Collections and Archives",https://archiveswest.orbiscascade.org/ark:80444/xv741836,Robert E. Higgins Collection,University of Idaho Library,Black and White Photograph,image/jpeg,Image;StillImage,higgins_022,2011-02-17,eng,http://contentdm.lib.uidaho.edu/cdm4/browse.php?CISOROOT=/higgins,"In copyright, educational use permitted. Educational use includes non-commercial reproduction of text and images in materials for teaching and research purposes. For other contexts beyond fair use, including digital reproduction, please contact the University of Idaho Library Special Collections and Archives Department at [libspec@uidaho.edu](mailto:libspec@uidaho.edu). The University of Idaho Library is not liable for any violations of the law by users.",http://rightsstatements.org/vocab/InC-EDU/1.0/,Original is archival Tiff. Displayed is a reduced jpg.,,,2011-03-01,2018-04-20,http://digital.lib.uidaho.edu:80/cdm/ref/collection/higgins/id/14,14,22.jp2,/higgins/image/22.jp2,higgins14,,
Boise Ridge Survivor,trees;moons; nature photography,"Higgins, Robert, E.",1996-10-01,,A solitary tree reaches for the moon. This image received a score of 23 from the Boise Camera Club and received a score of 38 from the Columbia Council of Camera Clubs.,Photographic prints,United States--Idaho,"Boise, Idaho","PG 125, Collection on Robert E. Higgins, 1947-1997, University of Idaho Library Special Collections and Archives",https://archiveswest.orbiscascade.org/ark:80444/xv741837,Robert E. Higgins Collection,University of Idaho Library,Black and White Photograph,image/jpeg,Image;StillImage,higgins_023,2011-02-17,eng,http://contentdm.lib.uidaho.edu/cdm4/browse.php?CISOROOT=/higgins,"In copyright, educational use permitted. Educational use includes non-commercial reproduction of text and images in materials for teaching and research purposes. For other contexts beyond fair use, including digital reproduction, please contact the University of Idaho Library Special Collections and Archives Department at [libspec@uidaho.edu](mailto:libspec@uidaho.edu). The University of Idaho Library is not liable for any violations of the law by users.",http://rightsstatements.org/vocab/InC-EDU/1.0/,Original is archival Tiff. Displayed is a reduced jpg.,,,2011-03-01,2018-04-20,http://digital.lib.uidaho.edu:80/cdm/ref/collection/higgins/id/15,15,23.jp2,/higgins/image/23.jp2,higgins15,,
In Sands of Time,dunes;sand areas;footprints (foot impressions),"Higgins, Robert, E.",1989-12-12,,Lonely footprints through the sand received a score of 24 at the Boise Camera Club competition.,Photographic prints,United States--Idaho,Idaho,"PG 125, Collection on Robert E. Higgins, 1947-1997, University of Idaho Library Special Collections and Archives",https://archiveswest.orbiscascade.org/ark:80444/xv741838,Robert E. Higgins Collection,University of Idaho Library,Black and White Photograph,image/jpeg,Image;StillImage,higgins_025,2011-02-17,eng,http://contentdm.lib.uidaho.edu/cdm4/browse.php?CISOROOT=/higgins,"In copyright, educational use permitted. Educational use includes non-commercial reproduction of text and images in materials for teaching and research purposes. For other contexts beyond fair use, including digital reproduction, please contact the University of Idaho Library Special Collections and Archives Department at [libspec@uidaho.edu](mailto:libspec@uidaho.edu). The University of Idaho Library is not liable for any violations of the law by users.",http://rightsstatements.org/vocab/InC-EDU/1.0/,Original is archival Tiff. Displayed is a reduced jpg.,,,2011-03-01,2018-04-20,http://digital.lib.uidaho.edu:80/cdm/ref/collection/higgins/id/16,16,24.jp2,/higgins/image/24.jp2,higgins16,,
Cart Hub,wheels (components);wood (plant material),"Higgins, Robert, E.",1993-05-01,,The wooden hub on the wheel of a cart received a score of 22 at the Boise Camera Club competition.,Photographic prints,United States--Idaho,Idaho,"PG 125, Collection on Robert E. Higgins, 1947-1997, University of Idaho Library Special Collections and Archives",https://archiveswest.orbiscascade.org/ark:80444/xv741839,Robert E. Higgins Collection,University of Idaho Library,Black and White Photograph,image/jpeg,Image;StillImage,higgins_024,2011-02-17,eng,http://contentdm.lib.uidaho.edu/cdm4/browse.php?CISOROOT=/higgins,"In copyright, educational use permitted. Educational use includes non-commercial reproduction of text and images in materials for teaching and research purposes. For other contexts beyond fair use, including digital reproduction, please contact the University of Idaho Library Special Collections and Archives Department at [libspec@uidaho.edu](mailto:libspec@uidaho.edu). The University of Idaho Library is not liable for any violations of the law by users.",http://rightsstatements.org/vocab/InC-EDU/1.0/,Original is archival Tiff. Displayed is a reduced jpg.,,,2011-03-01,2018-04-20,http://digital.lib.uidaho.edu:80/cdm/ref/collection/higgins/id/17,17,25.jp2,/higgins/image/25.jp2,higgins17,,
Blue Lake,lakes (bodies of water);hills;trees; nature photography,"Higgins, Robert, E.",1997-12-01,,"Receiving a score of 23 by the Boise Camera Club, this image shows an idyllic lake surrounded by hills and trees.",Photographic prints,United States--Idaho,"Cascade, Idaho","PG 125, Collection on Robert E. Higgins, 1947-1997, University of Idaho Library Special Collections and Archives",https://archiveswest.orbiscascade.org/ark:80444/xv741840,Robert E. Higgins Collection,University of Idaho Library,Color Photograph,image/jpeg,Image;StillImage,higgins_026,2011-02-17,eng,http://contentdm.lib.uidaho.edu/cdm4/browse.php?CISOROOT=/higgins,"In copyright, educational use permitted. Educational use includes non-commercial reproduction of text and images in materials for teaching and research purposes. For other contexts beyond fair use, including digital reproduction, please contact the University of Idaho Library Special Collections and Archives Department at [libspec@uidaho.edu](mailto:libspec@uidaho.edu). The University of Idaho Library is not liable for any violations of the law by users.",http://rightsstatements.org/vocab/InC-EDU/1.0/,Original is archival Tiff. Displayed is a reduced jpg.,,,2011-03-01,2018-04-20,http://digital.lib.uidaho.edu:80/cdm/ref/collection/higgins/id/18,18,26.jp2,/higgins/image/26.jp2,higgins18,,
Old Thresher,wheels (components);threshers,"Higgins, Robert, E.",1992-11-01,,Contrasting shapes and values highlight wheels on an old thresher. This image received a score of 23 from the Boise Camera Club and was also entered into the Columbia Council of Camera Clubs where it received a score of 43.,Photographic prints,United States--Idaho,Idaho,"PG 125, Collection on Robert E. Higgins, 1947-1997, University of Idaho Library Special Collections and Archives",https://archiveswest.orbiscascade.org/ark:80444/xv741841,Robert E. Higgins Collection,University of Idaho Library,Black and White Photograph,image/jpeg,Image;StillImage,higgins_027,2011-02-17,eng,http://contentdm.lib.uidaho.edu/cdm4/browse.php?CISOROOT=/higgins,"In copyright, educational use permitted. Educational use includes non-commercial reproduction of text and images in materials for teaching and research purposes. For other contexts beyond fair use, including digital reproduction, please contact the University of Idaho Library Special Collections and Archives Department at [libspec@uidaho.edu](mailto:libspec@uidaho.edu). The University of Idaho Library is not liable for any violations of the law by users.",http://rightsstatements.org/vocab/InC-EDU/1.0/,Original is archival Tiff. Displayed is a reduced jpg.,,,2011-03-01,2018-04-20,http://digital.lib.uidaho.edu:80/cdm/ref/collection/higgins/id/19,19,27.jp2,/higgins/image/27.jp2,higgins19,,
Curves and Lines,agricultural equipment,"Higgins, Robert, E.",1992-11-01,,This close up of farming equipment received a score of 20 at the Boise Camera Club competition.,Photographic prints,United States--Idaho,Idaho,"PG 125, Collection on Robert E. Higgins, 1947-1997, University of Idaho Library Special Collections and Archives",https://archiveswest.orbiscascade.org/ark:80444/xv741842,Robert E. Higgins Collection,University of Idaho Library,Black and White Photograph,image/jpeg,Image;StillImage,higgins_028,2011-02-17,eng,http://contentdm.lib.uidaho.edu/cdm4/browse.php?CISOROOT=/higgins,"In copyright, educational use permitted. Educational use includes non-commercial reproduction of text and images in materials for teaching and research purposes. For other contexts beyond fair use, including digital reproduction, please contact the University of Idaho Library Special Collections and Archives Department at [libspec@uidaho.edu](mailto:libspec@uidaho.edu). The University of Idaho Library is not liable for any violations of the law by users.",http://rightsstatements.org/vocab/InC-EDU/1.0/,Original is archival Tiff. Displayed is a reduced jpg.,,,2011-03-01,2018-04-20,http://digital.lib.uidaho.edu:80/cdm/ref/collection/higgins/id/20,20,28.jp2,/higgins/image/28.jp2,higgins20,,
Lamoille Gate,barbed wire fence; cultural landscapes,"Higgins, Robert, E.",1987-12-01,,This close up of a barbed wire fence received a score of 23 at the Boise Camera Club competition.,Photographic prints,United States--Idaho,Idaho,"PG 125, Collection on Robert E. Higgins, 1947-1997, University of Idaho Library Special Collections and Archives",https://archiveswest.orbiscascade.org/ark:80444/xv741843,Robert E. Higgins Collection,University of Idaho Library,Black and White Photograph,image/jpeg,Image;StillImage,higgins_029,2011-02-22,eng,http://contentdm.lib.uidaho.edu/cdm4/browse.php?CISOROOT=/higgins,"In copyright, educational use permitted. Educational use includes non-commercial reproduction of text and images in materials for teaching and research purposes. For other contexts beyond fair use, including digital reproduction, please contact the University of Idaho Library Special Collections and Archives Department at [libspec@uidaho.edu](mailto:libspec@uidaho.edu). The University of Idaho Library is not liable for any violations of the law by users.",http://rightsstatements.org/vocab/InC-EDU/1.0/,Original is archival Tiff. Displayed is a reduced jpg.,,,2011-03-01,2018-04-20,http://digital.lib.uidaho.edu:80/cdm/ref/collection/higgins/id/21,21,29.jp2,/higgins/image/29.jp2,higgins21,,
Winter at Cabarton,winter;rural areas;barns;rail fences; cultural landscapes; agricultural buildings; snow (precipitation),"Higgins, Robert, E.",1982-02-09,,A snowy road leading to an isolated barn. This image was entered into the Boise Camera Club competition and received a score of 27.,Photographic prints,United States--Idaho,"Cabarton, Idaho","PG 125, Collection on Robert E. Higgins, 1947-1997, University of Idaho Library Special Collections and Archives",https://archiveswest.orbiscascade.org/ark:80444/xv741844,Robert E. Higgins Collection,University of Idaho Library,Black and White Photograph,image/jpeg,Image;StillImage,higgins_003,2011-02-15,eng,http://contentdm.lib.uidaho.edu/cdm4/browse.php?CISOROOT=/higgins,"In copyright, educational use permitted. Educational use includes non-commercial reproduction of text and images in materials for teaching and research purposes. For other contexts beyond fair use, including digital reproduction, please contact the University of Idaho Library Special Collections and Archives Department at [libspec@uidaho.edu](mailto:libspec@uidaho.edu). The University of Idaho Library is not liable for any violations of the law by users.",http://rightsstatements.org/vocab/InC-EDU/1.0/,Original is archival Tiff. Displayed is a reduced jpg.,,,2011-03-01,2018-04-20,http://digital.lib.uidaho.edu:80/cdm/ref/collection/higgins/id/22,22,3.jp2,/higgins/image/3.jp2,higgins22,,
Barbwire and Frost,barbed wire fence;frost,"Higgins, Robert, E.",1990,yes,Barbed wire covered in frost received a score of 5 at the Idaho International Photographic Exhibit.,Photographic prints,United States--Idaho,Idaho,"PG 125, Collection on Robert E. Higgins, 1947-1997, University of Idaho Library Special Collections and Archives",https://archiveswest.orbiscascade.org/ark:80444/xv741845,Robert E. Higgins Collection,University of Idaho Library,Black and White Photograph,image/jpeg,Image;StillImage,higgins_030,2011-02-22,eng,http://contentdm.lib.uidaho.edu/cdm4/browse.php?CISOROOT=/higgins,"In copyright, educational use permitted. Educational use includes non-commercial reproduction of text and images in materials for teaching and research purposes. For other contexts beyond fair use, including digital reproduction, please contact the University of Idaho Library Special Collections and Archives Department at [libspec@uidaho.edu](mailto:libspec@uidaho.edu). The University of Idaho Library is not liable for any violations of the law by users.",http://rightsstatements.org/vocab/InC-EDU/1.0/,Original is archival Tiff. Displayed is a reduced jpg.,,,2011-03-01,2018-04-20,http://digital.lib.uidaho.edu:80/cdm/ref/collection/higgins/id/23,23,30.jp2,/higgins/image/30.jp2,higgins23,,
Bar Splinter,wood (plant material);locks (securing devices);barnwood,"Higgins, Robert, E.",1982-07-14,,A wooden spike serves as a lock in this image that was entered into the Boise Camera Club competition and received a score of 24.,Photographic prints,United States--Idaho,Idaho,"PG 125, Collection on Robert E. Higgins, 1947-1997, University of Idaho Library Special Collections and Archives",https://archiveswest.orbiscascade.org/ark:80444/xv741846,Robert E. Higgins Collection,University of Idaho Library,Black and White Photograph,image/jpeg,Image;StillImage,higgins_031,2011-02-22,eng,http://contentdm.lib.uidaho.edu/cdm4/browse.php?CISOROOT=/higgins,"In copyright, educational use permitted. Educational use includes non-commercial reproduction of text and images in materials for teaching and research purposes. For other contexts beyond fair use, including digital reproduction, please contact the University of Idaho Library Special Collections and Archives Department at [libspec@uidaho.edu](mailto:libspec@uidaho.edu). The University of Idaho Library is not liable for any violations of the law by users.",http://rightsstatements.org/vocab/InC-EDU/1.0/,Original is archival Tiff. Displayed is a reduced jpg.,,,2011-03-01,2018-04-20,http://digital.lib.uidaho.edu:80/cdm/ref/collection/higgins/id/24,24,31.jp2,/higgins/image/31.jp2,higgins24,,
Barn Latch,wood (plant material);barn-door latches;barnwood,"Higgins, Robert, E.",1992-10-01,,A close up of a barn door latch received a score of 24 at the Boise Camera Club competition.,Photographic prints,United States--Idaho,Idaho,"PG 125, Collection on Robert E. Higgins, 1947-1997, University of Idaho Library Special Collections and Archives",https://archiveswest.orbiscascade.org/ark:80444/xv741847,Robert E. Higgins Collection,University of Idaho Library,Black and White Photograph,image/jpeg,Image;StillImage,higgins_032,2011-02-22,eng,http://contentdm.lib.uidaho.edu/cdm4/browse.php?CISOROOT=/higgins,"In copyright, educational use permitted. Educational use includes non-commercial reproduction of text and images in materials for teaching and research purposes. For other contexts beyond fair use, including digital reproduction, please contact the University of Idaho Library Special Collections and Archives Department at [libspec@uidaho.edu](mailto:libspec@uidaho.edu). The University of Idaho Library is not liable for any violations of the law by users.",http://rightsstatements.org/vocab/InC-EDU/1.0/,Original is archival Tiff. Displayed is a reduced jpg.,,,2011-03-01,2018-04-20,http://digital.lib.uidaho.edu:80/cdm/ref/collection/higgins/id/25,25,32.jp2,/higgins/image/32.jp2,higgins25,,
Horseshoe Bend,railroad stations;rails (transit system elements);hills; cultural landscapes,"Higgins, Robert, E.",1990,yes,Railroad tracks lead to an isolated station at Horseshoe Bend. This image was entered into the International Club Print Competition and received a score of 18.,Photographic prints,United States--Idaho,"Horseshoe Bend, Idaho","PG 125, Collection on Robert E. Higgins, 1947-1997, University of Idaho Library Special Collections and Archives",https://archiveswest.orbiscascade.org/ark:80444/xv741848,Robert E. Higgins Collection,University of Idaho Library,Black and White Photograph,image/jpeg,Image;StillImage,higgins_033,2011-02-22,eng,http://contentdm.lib.uidaho.edu/cdm4/browse.php?CISOROOT=/higgins,"In copyright, educational use permitted. Educational use includes non-commercial reproduction of text and images in materials for teaching and research purposes. For other contexts beyond fair use, including digital reproduction, please contact the University of Idaho Library Special Collections and Archives Department at [libspec@uidaho.edu](mailto:libspec@uidaho.edu). The University of Idaho Library is not liable for any violations of the law by users.",http://rightsstatements.org/vocab/InC-EDU/1.0/,Original is archival Tiff. Displayed is a reduced jpg.,,,2011-03-01,2018-04-20,http://digital.lib.uidaho.edu:80/cdm/ref/collection/higgins/id/26,26,33.jp2,/higgins/image/33.jp2,higgins26,,
Swan Falls,lakes (bodies of water);hills;trees;floating buildings; cultural landscapes,"Higgins, Robert, E.",1994-03-01,,This image of floating trailers on a lake surrounded by hills and trees was entered into the Boise Camera Club and received a score of 23.,Photographic prints,United States--Idaho,"Swan Falls Dam, Idaho","PG 125, Collection on Robert E. Higgins, 1947-1997, University of Idaho Library Special Collections and Archives",https://archiveswest.orbiscascade.org/ark:80444/xv741849,Robert E. Higgins Collection,University of Idaho Library,Black and White Photograph,image/jpeg,Image;StillImage,higgins_034,2011-02-22,eng,http://contentdm.lib.uidaho.edu/cdm4/browse.php?CISOROOT=/higgins,"In copyright, educational use permitted. Educational use includes non-commercial reproduction of text and images in materials for teaching and research purposes. For other contexts beyond fair use, including digital reproduction, please contact the University of Idaho Library Special Collections and Archives Department at [libspec@uidaho.edu](mailto:libspec@uidaho.edu). The University of Idaho Library is not liable for any violations of the law by users.",http://rightsstatements.org/vocab/InC-EDU/1.0/,Original is archival Tiff. Displayed is a reduced jpg.,,,2011-03-01,2018-04-20,http://digital.lib.uidaho.edu:80/cdm/ref/collection/higgins/id/27,27,34.jp2,/higgins/image/34.jp2,higgins27,,
Hill City Elevator,"grain elevators;clouds; agricultural buildings, cultural landscapes","Higgins, Robert, E.",1993-11-09,,Grain elevators framed by imposing clouds received score of 30 at the International Club Print Competition. This image was also entered into Boise Camera Club and received a score of 24.,Photographic prints,United States--Idaho,"Hill City, Idaho","PG 125, Collection on Robert E. Higgins, 1947-1997, University of Idaho Library Special Collections and Archives",https://archiveswest.orbiscascade.org/ark:80444/xv741850,Robert E. Higgins Collection,University of Idaho Library,Black and White Photograph,image/jpeg,Image;StillImage,higgins_035,2011-02-22,eng,http://contentdm.lib.uidaho.edu/cdm4/browse.php?CISOROOT=/higgins,"In copyright, educational use permitted. Educational use includes non-commercial reproduction of text and images in materials for teaching and research purposes. For other contexts beyond fair use, including digital reproduction, please contact the University of Idaho Library Special Collections and Archives Department at [libspec@uidaho.edu](mailto:libspec@uidaho.edu). The University of Idaho Library is not liable for any violations of the law by users.",http://rightsstatements.org/vocab/InC-EDU/1.0/,Original is archival Tiff. Displayed is a reduced jpg.,,,2011-03-01,2018-04-20,http://digital.lib.uidaho.edu:80/cdm/ref/collection/higgins/id/28,28,35.jp2,/higgins/image/35.jp2,higgins28,,
Yellowstone Devastation,fire damage;clouds; nature photography; historical parks; national parks,"Higgins, Robert, E.",1990-10-09,,"A stark reminder of forest fires, this image of burned trees at Yellowstone National Park was entered into Boise Camera Club and received a score 20.",Photographic prints,United States--Idaho,"Yellowstone National Park, Idaho","PG 125, Collection on Robert E. Higgins, 1947-1997, University of Idaho Library Special Collections and Archives",https://archiveswest.orbiscascade.org/ark:80444/xv741851,Robert E. Higgins Collection,University of Idaho Library,Black and White Photograph,image/jpeg,Image;StillImage,higgins_036,2011-02-22,eng,http://contentdm.lib.uidaho.edu/cdm4/browse.php?CISOROOT=/higgins,"In copyright, educational use permitted. Educational use includes non-commercial reproduction of text and images in materials for teaching and research purposes. For other contexts beyond fair use, including digital reproduction, please contact the University of Idaho Library Special Collections and Archives Department at [libspec@uidaho.edu](mailto:libspec@uidaho.edu). The University of Idaho Library is not liable for any violations of the law by users.",http://rightsstatements.org/vocab/InC-EDU/1.0/,Original is archival Tiff. Displayed is a reduced jpg.,,,2011-03-01,2018-04-20,http://digital.lib.uidaho.edu:80/cdm/ref/collection/higgins/id/29,29,36.jp2,/higgins/image/36.jp2,higgins29,,
Arrowrock,dams (hydraulic structures);spillways; cultural landscapes,"Higgins, Robert, E.",1983-12-13,,Water gushing out of Arrowrock Dam received a score of 20 at the Boise Camera Club competition.,Photographic prints,United States--Idaho,"Arrowrock Dam, Boise, Idaho","PG 125, Collection on Robert E. Higgins, 1947-1997, University of Idaho Library Special Collections and Archives",https://archiveswest.orbiscascade.org/ark:80444/xv741852,Robert E. Higgins Collection,University of Idaho Library,Black and White Photograph,image/jpeg,Image;StillImage,higgins_037,2011-02-24,eng,http://contentdm.lib.uidaho.edu/cdm4/browse.php?CISOROOT=/higgins,"In copyright, educational use permitted. Educational use includes non-commercial reproduction of text and images in materials for teaching and research purposes. For other contexts beyond fair use, including digital reproduction, please contact the University of Idaho Library Special Collections and Archives Department at [libspec@uidaho.edu](mailto:libspec@uidaho.edu). The University of Idaho Library is not liable for any violations of the law by users.",http://rightsstatements.org/vocab/InC-EDU/1.0/,Original is archival Tiff. Displayed is a reduced jpg.,,,2011-03-01,2018-04-20,http://digital.lib.uidaho.edu:80/cdm/ref/collection/higgins/id/30,30,37.jp2,/higgins/image/37.jp2,higgins30,,
Fisher Creek Cabin,abandoned dwellings;barnboard;siding (material);wood (plant material);trees;deterioration;dirt roads; cultural landscapes; mountain range,"Higgins, Robert, E.",1995-04-01,,"A dilapidated, abandoned cabin entered into the Boise Camera Club and received a score of 24 competition. It sits near a treeline with mountains in the background.",Photographic prints,United States--Idaho,Idaho,"PG 125, Collection on Robert E. Higgins, 1947-1997, University of Idaho Library Special Collections and Archives",https://archiveswest.orbiscascade.org/ark:80444/xv741853,Robert E. Higgins Collection,University of Idaho Library,Black and White Photograph,image/jpeg,Image;StillImage,higgins_038,2011-02-24,eng,http://contentdm.lib.uidaho.edu/cdm4/browse.php?CISOROOT=/higgins,"In copyright, educational use permitted. Educational use includes non-commercial reproduction of text and images in materials for teaching and research purposes. For other contexts beyond fair use, including digital reproduction, please contact the University of Idaho Library Special Collections and Archives Department at [libspec@uidaho.edu](mailto:libspec@uidaho.edu). The University of Idaho Library is not liable for any violations of the law by users.",http://rightsstatements.org/vocab/InC-EDU/1.0/,Original is archival Tiff. Displayed is a reduced jpg.,,,2011-03-01,2018-04-20,http://digital.lib.uidaho.edu:80/cdm/ref/collection/higgins/id/31,31,38.jp2,/higgins/image/38.jp2,higgins31,,
Little Willow,abandoned buildings;barnboard;siding (material);wood (plant material);trees;deterioration;rail fences;trees; cultural landscapes,"Higgins, Robert, E.",1994-02-08,,Dilapidated buildings on a ranch received a score of 22 at the Boise Camera Club competition.,Photographic prints,United States--Idaho,Idaho,"PG 125, Collection on Robert E. Higgins, 1947-1997, University of Idaho Library Special Collections and Archives",https://archiveswest.orbiscascade.org/ark:80444/xv741854,Robert E. Higgins Collection,University of Idaho Library,Color Photograph,image/jpeg,Image;StillImage,higgins_039,2011-02-24,eng,http://contentdm.lib.uidaho.edu/cdm4/browse.php?CISOROOT=/higgins,"In copyright, educational use permitted. Educational use includes non-commercial reproduction of text and images in materials for teaching and research purposes. For other contexts beyond fair use, including digital reproduction, please contact the University of Idaho Library Special Collections and Archives Department at [libspec@uidaho.edu](mailto:libspec@uidaho.edu). The University of Idaho Library is not liable for any violations of the law by users.",http://rightsstatements.org/vocab/InC-EDU/1.0/,Original is archival Tiff. Displayed is a reduced jpg.,,,2011-03-01,2018-04-20,http://digital.lib.uidaho.edu:80/cdm/ref/collection/higgins/id/32,32,39.jp2,/higgins/image/39.jp2,higgins32,,
Emmett Farm,barns;creeks (bodies of water);trees; cultural landscapes,"Higgins, Robert, E.",1983-02-08,,A creek leads up to a red barn hidden behind trees in this image.,Photographic prints,United States--Idaho,"Emmett, Idaho","PG 125, Collection on Robert E. Higgins, 1947-1997, University of Idaho Library Special Collections and Archives",https://archiveswest.orbiscascade.org/ark:80444/xv741855,Robert E. Higgins Collection,University of Idaho Library,Color Photograph,image/jpeg,Image;StillImage,higgins_004,2011-02-15,eng,http://contentdm.lib.uidaho.edu/cdm4/browse.php?CISOROOT=/higgins,"In copyright, educational use permitted. Educational use includes non-commercial reproduction of text and images in materials for teaching and research purposes. For other contexts beyond fair use, including digital reproduction, please contact the University of Idaho Library Special Collections and Archives Department at [libspec@uidaho.edu](mailto:libspec@uidaho.edu). The University of Idaho Library is not liable for any violations of the law by users.",http://rightsstatements.org/vocab/InC-EDU/1.0/,Original is archival Tiff. Displayed is a reduced jpg.,,,2011-03-01,2018-04-20,http://digital.lib.uidaho.edu:80/cdm/ref/collection/higgins/id/33,33,4.jp2,/higgins/image/4.jp2,higgins33,,
Willow Creek Ranch,abandoned buildings;barnboard;siding (material);wood (plant material);trees;deterioration;rail fences;trees; cultural landscapes,"Higgins, Robert, E.",1987-12-01,,Dilapidated buildings on a ranch received a score of 24 at the Boise Camera Club competition.,Photographic prints,United States--Idaho,Idaho,"PG 125, Collection on Robert E. Higgins, 1947-1997, University of Idaho Library Special Collections and Archives",https://archiveswest.orbiscascade.org/ark:80444/xv741856,Robert E. Higgins Collection,University of Idaho Library,Color Photograph,image/jpeg,Image;StillImage,higgins_040,2011-02-24,eng,http://contentdm.lib.uidaho.edu/cdm4/browse.php?CISOROOT=/higgins,"In copyright, educational use permitted. Educational use includes non-commercial reproduction of text and images in materials for teaching and research purposes. For other contexts beyond fair use, including digital reproduction, please contact the University of Idaho Library Special Collections and Archives Department at [libspec@uidaho.edu](mailto:libspec@uidaho.edu). The University of Idaho Library is not liable for any violations of the law by users.",http://rightsstatements.org/vocab/InC-EDU/1.0/,Original is archival Tiff. Displayed is a reduced jpg.,,,2011-03-01,2018-04-20,http://digital.lib.uidaho.edu:80/cdm/ref/collection/higgins/id/34,34,40.jp2,/higgins/image/40.jp2,higgins34,,
Upper Mesa Falls 2,waterfalls (natural bodies of water);rivers;rocks (landforms);rainbows; nature photography,"Higgins, Robert, E.",1984-02-14,,A rainbow can be seen in the mist produced by a waterfall in this image that received a score of 24 at the Boise Camera Club competition.,Photographic prints,United States--Idaho,"Upper Mesa Falls, Idaho","PG 125, Collection on Robert E. Higgins, 1947-1997, University of Idaho Library Special Collections and Archives",https://archiveswest.orbiscascade.org/ark:80444/xv741857,Robert E. Higgins Collection,University of Idaho Library,Color Photograph,image/jpeg,Image;StillImage,higgins_041,2011-02-24,eng,http://contentdm.lib.uidaho.edu/cdm4/browse.php?CISOROOT=/higgins,"In copyright, educational use permitted. Educational use includes non-commercial reproduction of text and images in materials for teaching and research purposes. For other contexts beyond fair use, including digital reproduction, please contact the University of Idaho Library Special Collections and Archives Department at [libspec@uidaho.edu](mailto:libspec@uidaho.edu). The University of Idaho Library is not liable for any violations of the law by users.",http://rightsstatements.org/vocab/InC-EDU/1.0/,Original is archival Tiff. Displayed is a reduced jpg.,,,2011-03-01,2018-04-20,http://digital.lib.uidaho.edu:80/cdm/ref/collection/higgins/id/35,35,41.jp2,/higgins/image/41.jp2,higgins35,,
Hagerman Cone,winter;ice (water by form); nature photography,"Higgins, Robert, E.",1985-08-13,,Ice formed into the shape of a cone received a score of 21 at the Boise Camera Club competition.,Photographic prints,United States--Idaho,"Hagerman, Idaho","PG 125, Collection on Robert E. Higgins, 1947-1997, University of Idaho Library Special Collections and Archives",https://archiveswest.orbiscascade.org/ark:80444/xv741858,Robert E. Higgins Collection,University of Idaho Library,Black and White Photograph,image/jpeg,Image;StillImage,higgins_042,2011-02-24,eng,http://contentdm.lib.uidaho.edu/cdm4/browse.php?CISOROOT=/higgins,"In copyright, educational use permitted. Educational use includes non-commercial reproduction of text and images in materials for teaching and research purposes. For other contexts beyond fair use, including digital reproduction, please contact the University of Idaho Library Special Collections and Archives Department at [libspec@uidaho.edu](mailto:libspec@uidaho.edu). The University of Idaho Library is not liable for any violations of the law by users.",http://rightsstatements.org/vocab/InC-EDU/1.0/,Original is archival Tiff. Displayed is a reduced jpg.,,,2011-03-01,2018-04-20,http://digital.lib.uidaho.edu:80/cdm/ref/collection/higgins/id/36,36,42.jp2,/higgins/image/42.jp2,higgins36,,
Old Time Thoughts,churches (buildings);dirt roads;trees;hills;paths,"Higgins, Robert, E.",1984-06-12,,A dirt path amongst trees leads uphill to a church in this image that received a score of 22 at a Boise Camera Club competition.,Photographic prints,United States--Idaho,Idaho,"PG 125, Collection on Robert E. Higgins, 1947-1997, University of Idaho Library Special Collections and Archives",https://archiveswest.orbiscascade.org/ark:80444/xv741859,Robert E. Higgins Collection,University of Idaho Library,Color Photograph,image/jpeg,Image;StillImage,higgins_005,2011-02-15,eng,http://contentdm.lib.uidaho.edu/cdm4/browse.php?CISOROOT=/higgins,"In copyright, educational use permitted. Educational use includes non-commercial reproduction of text and images in materials for teaching and research purposes. For other contexts beyond fair use, including digital reproduction, please contact the University of Idaho Library Special Collections and Archives Department at [libspec@uidaho.edu](mailto:libspec@uidaho.edu). The University of Idaho Library is not liable for any violations of the law by users.",http://rightsstatements.org/vocab/InC-EDU/1.0/,Original is archival Tiff. Displayed is a reduced jpg.,,,2011-03-01,2018-04-20,http://digital.lib.uidaho.edu:80/cdm/ref/collection/higgins/id/37,37,5.jp2,/higgins/image/5.jp2,higgins37,,
Yellowstone,waterfalls (natural bodies of water);rivers;hills;trees; nature photography; national parks; historic parks,"Higgins, Robert, E.",1984-05-08,,An iconic view of mist rising from a waterfall and river flowing through the canyon at Yellowstone National Park received a score of 25 at an International Club Print Competition.,Photographic prints,United States--Wyoming--Yellowstone,"Yellowstone National Park, Wyoming","PG 125, Collection on Robert E. Higgins, 1947-1997, University of Idaho Library Special Collections and Archives",https://archiveswest.orbiscascade.org/ark:80444/xv741860,Robert E. Higgins Collection,University of Idaho Library,Color Photograph,image/jpeg,Image;StillImage,higgins_006,2011-02-15,eng,http://contentdm.lib.uidaho.edu/cdm4/browse.php?CISOROOT=/higgins,"In copyright, educational use permitted. Educational use includes non-commercial reproduction of text and images in materials for teaching and research purposes. For other contexts beyond fair use, including digital reproduction, please contact the University of Idaho Library Special Collections and Archives Department at [libspec@uidaho.edu](mailto:libspec@uidaho.edu). The University of Idaho Library is not liable for any violations of the law by users.",http://rightsstatements.org/vocab/InC-EDU/1.0/,Original is archival Tiff. Displayed is a reduced jpg.,,,2011-03-01,2018-04-20,http://digital.lib.uidaho.edu:80/cdm/ref/collection/higgins/id/38,38,6.jp2,/higgins/image/6.jp2,higgins38,,
River Bottom Texture,winter;rivers;river beds,"Higgins, Robert, E.",1987-01-10,yes,Snow covering a rocky river bed received a score of 21 at the Boise Camera Club competition.,Photographic prints,United States--Idaho,Idaho,"PG 125, Collection on Robert E. Higgins, 1947-1997, University of Idaho Library Special Collections and Archives",https://archiveswest.orbiscascade.org/ark:80444/xv741861,Robert E. Higgins Collection,University of Idaho Library,Black and White Photograph,image/jpeg,Image;StillImage,higgins_007,2011-02-15,eng,http://contentdm.lib.uidaho.edu/cdm4/browse.php?CISOROOT=/higgins,"In copyright, educational use permitted. Educational use includes non-commercial reproduction of text and images in materials for teaching and research purposes. For other contexts beyond fair use, including digital reproduction, please contact the University of Idaho Library Special Collections and Archives Department at [libspec@uidaho.edu](mailto:libspec@uidaho.edu). The University of Idaho Library is not liable for any violations of the law by users.",http://rightsstatements.org/vocab/InC-EDU/1.0/,Original is archival Tiff. Displayed is a reduced jpg.,,,2011-03-01,2018-04-20,http://digital.lib.uidaho.edu:80/cdm/ref/collection/higgins/id/39,39,7.jp2,/higgins/image/7.jp2,higgins39,,
Foggy Bottom (Remake),creeks (bodies of water;trees;winter; snow (precipitation); nature photography,"Higgins, Robert, E.",1996-07-13,,A creek flowing through a snowy wooded landscape received a score of 25 at the Boise Camera Club competition.,Photographic prints,United States--Idaho,Idaho,"PG 125, Collection on Robert E. Higgins, 1947-1997, University of Idaho Library Special Collections and Archives",https://archiveswest.orbiscascade.org/ark:80444/xv741862,Robert E. Higgins Collection,University of Idaho Library,Black and White Photograph,image/jpeg,Image;StillImage,higgins_008,2011-02-15,eng,http://contentdm.lib.uidaho.edu/cdm4/browse.php?CISOROOT=/higgins,"In copyright, educational use permitted. Educational use includes non-commercial reproduction of text and images in materials for teaching and research purposes. For other contexts beyond fair use, including digital reproduction, please contact the University of Idaho Library Special Collections and Archives Department at [libspec@uidaho.edu](mailto:libspec@uidaho.edu). The University of Idaho Library is not liable for any violations of the law by users.",http://rightsstatements.org/vocab/InC-EDU/1.0/,Original is archival Tiff. Displayed is a reduced jpg.,,,2011-03-01,2018-04-20,http://digital.lib.uidaho.edu:80/cdm/ref/collection/higgins/id/40,40,8.jp2,/higgins/image/8.jp2,higgins40,,
Sculpture,winter;ice (water by form); nature photography,"Higgins, Robert, E.",1985-08-13,,Icicles clustered together to form a massive sculpture  received a score of 24 at the Boise Camera Club competition.,Photographic prints,United States--Idaho,Idaho,"PG 125, Collection on Robert E. Higgins, 1947-1997, University of Idaho Library Special Collections and Archives",https://archiveswest.orbiscascade.org/ark:80444/xv741863,Robert E. Higgins Collection,University of Idaho Library,Black and White Photograph,image/jpeg,Image;StillImage,higgins_009,2011-02-15,eng,http://contentdm.lib.uidaho.edu/cdm4/browse.php?CISOROOT=/higgins,"In copyright, educational use permitted. Educational use includes non-commercial reproduction of text and images in materials for teaching and research purposes. For other contexts beyond fair use, including digital reproduction, please contact the University of Idaho Library Special Collections and Archives Department at [libspec@uidaho.edu](mailto:libspec@uidaho.edu). The University of Idaho Library is not liable for any violations of the law by users.",http://rightsstatements.org/vocab/InC-EDU/1.0/,Original is archival Tiff. Displayed is a reduced jpg.,,,2011-03-01,2018-04-20,http://digital.lib.uidaho.edu:80/cdm/ref/collection/higgins/id/41,41,9.jp2,/higgins/image/9.jp2,higgins41,,