title,date,performers,instruments,special-guests,description,creator,interviewee,location,digital collection,contributing institution,source,identifier,rights,righsstatement,format original,type,format,language,reference url,cdmid,CONTENTdm file name,CONTENTdm file path,objectid,youtubeid
34th Annual Lionel Hampton Jazz Festival Poster,2001,"Hampton, Lionel; Jones, Hank; Hamilton, Jeff; McBride, Christian; Malone, Russell; Wilson, Nancy; D'Rivera, Paquito; Roditi, Claudio; Bromberg, Brian; Boiarsky, Andres; Mikami, Kuni; Watson, Wally ""Gator""; Fabian, Christian (aka Fabian Bausch); Shilkloper, Arkady; Vintskevich, Leonid; Saarsalu, Lembit; Jarvis, Jane; Mahogany, Kevin; Russell Malone Quartet; Wonsey, Anthony; Goods, Richie; Strickland, E.J.; White, Evelyn; Wagner, Walt; Stowell, John; Contreras, Billy; Roy Hargrove Quintet; Hargrove, Roy; Irby, Sherman; Willis, Larry; Cannon, Gerald; Jones, Willie, III; Ray Brown Trio; Brown, Ray; Keezer, Geoff; Riggens, Karriem; Lovano, Joe; Daniels, Dee; Butman, Igor; Five Play; Maricle, Sherrie; Strassmayer, Karoline; Cohen, Anat; Parrott, Nikki; Yamanaka, Chihiro; Monheit, Jane; Ponomarev, Valery; Martinez, Jim; Rawls, Lou; Terry, Clark; Golson, Benny; Watrous, Bill; Fontana, Carl; Powell, Benny; Grey, Mike; Gamborini, Roberta; Candoli, Pete; Candoli, Conte; Cook, Carla; Stigers, Curtis; Krall, Diana; Ennis, Ethel",vocals; trumpet; trombone; saxophone; piano; violin; guitar; drums; bass; flute; horn; vibes,"Deffaa, Chip (critic);Elwood, Phil (critic);Wicks, Virginia (publicist); de Barros, Paul (columnist)","20""x36"" promotional poster",Jazz Festival Office,,,Lionel Hampton International Jazz Festival Collection,University of Idaho Special Collections and Archives,Lionel Hampton International Jazz Festival Collection,lhijf2001,"Educational use includes non-commercial use of text and images in materials for teaching and research purposes. Digital reproduction rights granted by the University of Idaho Library. For other uses beyond free use, please contact University of Idaho Library Special Collections and Archives Department.",http://rightsstatements.org/vocab/InC-EDU/1.0/,poster,Image;StillImage,image/jpeg,eng,http://cdm17254.contentdm.oclc.org/cdm/ref/collection/jazzfest/id/0,0,37.jp2,/jazzfest/image/37.jp2,jazzfest0,
50th Annual Lionel Hampton Jazz Festival Poster [2],2017,"Roditit, Claudio; Marie, René; Harris, Stefon; Cohen, Anat; Cumbly, Joshua; Gully, Terreon ""Tank""; Eigst, Taylor; Doubleday, Joseph; Peikli, Felix; Kocour, Mike; Hamar, Jon; Hobbs, Gary; Christiansen, Corey; New York Voices; Keefe, Julia; Marsalis, Jason; Spalding, Esperanza",bass; vocals; vibes; vocals; guitar; drums; piano; clarinet; saxophone; trumpet,,"18""x24"" limited edition poster, number 119/150","Hooper, Ward P.",,,Lionel Hampton International Jazz Festival Collection,University of Idaho Special Collections and Archives,Lionel Hampton International Jazz Festival Collection,lhijf2017b,"Educational use includes non-commercial use of text and images in materials for teaching and research purposes. Digital reproduction rights granted by the University of Idaho Library. For other uses beyond free use, please contact University of Idaho Library Special Collections and Archives Department.",http://rightsstatements.org/vocab/InC-EDU/1.0/,poster,Image;StillImage,image/jpeg,eng,http://cdm17254.contentdm.oclc.org/cdm/ref/collection/jazzfest/id/1,1,19.jp2,/jazzfest/image/19.jp2,jazzfest1,
15th Annual University of Idaho Jazz Festival Poster [2],1982,"Childers, Buddy; Fitzgerald, Ella; McClure, Barney; Shaw, Kirby; Stentz, Jan; George Shearing and Brian Torff Duo",trumpet; vocals; piano; bass,,"17""x11"" promotional poster",,,,Lionel Hampton International Jazz Festival Collection,University of Idaho Special Collections and Archives,Lionel Hampton International Jazz Festival Collection,lhijf1982b,"Educational use includes non-commercial use of text and images in materials for teaching and research purposes. Digital reproduction rights granted by the University of Idaho Library. For other uses beyond free use, please contact University of Idaho Library Special Collections and Archives Department.",http://rightsstatements.org/vocab/InC-EDU/1.0/,poster,Image;StillImage,image/jpeg,eng,http://cdm17254.contentdm.oclc.org/cdm/ref/collection/jazzfest/id/2,2,17.jp2,/jazzfest/image/17.jp2,jazzfest2,
51st Annual Lionel Hampton Jazz Festival Poster,2018,"Stafford, Terell; Nancy Wilson and Cannonball Adderly Tribute; Hart, Antonio; Thomas, Brianna; Joey DeFrancesco + the People; DeFrancesco, Joey; Lionel Hampton Jazz Festival Big Band; Marsalis, Jason; Darby, Tanya; Skinner, Kate",piano; vocals; trumpet; vibes; keyboards; alto saxophone,,"18""x24"" limited edition poster, number 133/150","Hooper, Ward P.",,,Lionel Hampton International Jazz Festival Collection,University of Idaho Special Collections and Archives,Lionel Hampton International Jazz Festival Collection,lhijf2018,"Educational use includes non-commercial use of text and images in materials for teaching and research purposes. Digital reproduction rights granted by the University of Idaho Library. For other uses beyond free use, please contact University of Idaho Library Special Collections and Archives Department.",http://rightsstatements.org/vocab/InC-EDU/1.0/,poster,Image;StillImage,image/jpeg,eng,http://cdm17254.contentdm.oclc.org/cdm/ref/collection/jazzfest/id/3,3,46.jp2,/jazzfest/image/46.jp2,jazzfest3,
41st Annual Lionel Hampton International Jazz Festival Poster [1],2008,"Weinstein, Aaron; Hamilton, Jeff; Washington, Peter; Charlap, Bill; Dechter, Graham; Gordon, Wycliffe; Polcer, Ed; Person, Houston; Dr. John; Hashimoto, Atsuko; Holloway, Red; Daniels, Dee; Gazarek, Sara; Fuller, Curtis; Porter, Ryan; Jones, Hank; Clayton, Gerald; Eigsti, Taylor; Hutcherson, Bobby; Wolf, Warren; Hendricks, Jon; Vasandani, Sachal; Fuller, Tia; Kelly, Grace; Carter, Regina; Gambarini, Roberta; Hendelman, Tamir; Hargrove, Roy; The Clayton-Hamilton Jazz Orchestra; Lionel Hampton Big Band; Mahogany, Kevin; Morfin, Isaiah; Mikami, Kuni; Fabian, Christian (Fabian Bausch); Watson, Wally ""Gator""; Open World Russian Jazz All Stars; Chernakova, Darya; Ivanov, Aleksandr; Sidorenko, Nikolay; Sokolov, Roman",saxophone; piano; drums; bass; vocals; flute; vibes; marimba; organ; trumpet; trombone; guitar; violin,,"17.5""x21.5"" limited edition poster, 54/150","Mosley, Eugene",,,Lionel Hampton International Jazz Festival Collection,University of Idaho Special Collections and Archives,Lionel Hampton International Jazz Festival Collection,lhijf2008a,"Educational use includes non-commercial use of text and images in materials for teaching and research purposes. Digital reproduction rights granted by the University of Idaho Library. For other uses beyond free use, please contact University of Idaho Library Special Collections and Archives Department.",http://rightsstatements.org/vocab/InC-EDU/1.0/,poster,Image;StillImage,image/jpeg,eng,http://cdm17254.contentdm.oclc.org/cdm/ref/collection/jazzfest/id/4,4,25.jp2,/jazzfest/image/25.jp2,jazzfest4,
44th Annual Lionel Hampton Jazz Festival Poster [4],2011,"Wade, Charenee; Nelson, Josh; Kanner, Kevin; Conley, Shawn; Dechter, Graham; Heath, Jimmy; Stafford, Terell; Hashimoto, Atsuko; Hamilton, Jeff; Yanofsky, Nikki; Charlap, Bill; Rosnes, Renee; Wooten, Victor; Manhattan Transfer; Lionel Hampton New York Big Band; Bradford, Carmen; Shaughnessy, Ed; Christlieb, Pete; Clayton, John",bass; saxophone; drums; vocals; guitar; piano; organ; trumpet,,"9""x18"" promotional poster",Jazz Festival Office,,,Lionel Hampton International Jazz Festival Collection,University of Idaho Special Collections and Archives,Lionel Hampton International Jazz Festival Collection,lhijf2011d,"Educational use includes non-commercial use of text and images in materials for teaching and research purposes. Digital reproduction rights granted by the University of Idaho Library. For other uses beyond free use, please contact University of Idaho Library Special Collections and Archives Department.",http://rightsstatements.org/vocab/InC-EDU/1.0/,poster,Image;StillImage,image/jpeg,eng,http://cdm17254.contentdm.oclc.org/cdm/ref/collection/jazzfest/id/5,5,35.jp2,/jazzfest/image/35.jp2,jazzfest5,
44th Annual Lionel Hampton Jazz Festival Poster [3],2011,"Wade, Charenee; Nelson, Josh; Kanner, Kevin; Conley, Shawn; Dechter, Graham; Heath, Jimmy; Stafford, Terell; Hashimoto, Atsuko; Hamilton, Jeff; Yanofsky, Nikki; Charlap, Bill; Rosnes, Renee; Wooten, Victor; Manhattan Transfer; Lionel Hampton New York Big Band; Bradford, Carmen; Shaughnessy, Ed; Christlieb, Pete; Clayton, John",bass; saxophone; drums; vocals; guitar; piano; organ; trumpet,,"12""x24"" limited edition poster, signed by John Clayton",,,,Lionel Hampton International Jazz Festival Collection,University of Idaho Special Collections and Archives,Lionel Hampton International Jazz Festival Collection,lhijf2011c,"Educational use includes non-commercial use of text and images in materials for teaching and research purposes. Digital reproduction rights granted by the University of Idaho Library. For other uses beyond free use, please contact University of Idaho Library Special Collections and Archives Department.",http://rightsstatements.org/vocab/InC-EDU/1.0/,poster,Image;StillImage,image/jpeg,eng,http://cdm17254.contentdm.oclc.org/cdm/ref/collection/jazzfest/id/6,6,6.jp2,/jazzfest/image/6.jp2,jazzfest6,
28th Annual Lionel Hampton Jazz Festival Poster,1995,"Lionel Hampton Trio; Hampton, Lionel; Mikami, Kuni; Wallace, Walter; Grice, Brian; Brown, Ray; Sandoval, Arturo; Jones, Hank; Ellis, Herb; Durham, Bobby; Bromberg, Brian; Shank, Bud; Roditi, Claudio; Jarvis, Jane; Matsui, Keiko; Matsui, Kazu; Clayton, John; Robert, George; Moroni, Edgardo ""Dado""; Margolis, Kitty; Daniels, Dee; Mussolini, Romano; Klein, Oscar; Reeves, Dianne; Torkanowsky, David; Penland, Ralph; Severin, Chris; Shearing, George; Swainson, Neil; Rubin, Vanessa; Wonsey, Anthony; McPartland, Marian; Cuber, Ronnie; Bryant, Lance; King, Nancy; Hendricks, John; Chicco, Renato; Golson, Benny; Farmer, Art; Roney, Wallace; Gene Harris Quartet; Harris, Gene; Eschete, Ron; Humphrey, Paul; Hughes, Luther; Grey, Al; Watrous, Bill; Grey, Mike; Rawls, Lou; Ray Brown Trio; Brown, Ray; Hamilton, Jeff; Green, Benny",piano; drums; bass; vocals; trombone; trumpet; saxophone; tenor saxophone; bariton saxophone; guitar; harmonica; clarinet; shakuhachi; alto saxophone; vibes,"Wicks, Virginia (publicist);Deffaa, Chip (critic);Gitler, Ira (critic);Bach, Jean (film maker/jazz historian);","20""x36"" promotional poster",Jazz Festival Office,,,Lionel Hampton International Jazz Festival Collection,University of Idaho Special Collections and Archives,Lionel Hampton International Jazz Festival Collection,lhijf1995,"Educational use includes non-commercial use of text and images in materials for teaching and research purposes. Digital reproduction rights granted by the University of Idaho Library. For other uses beyond free use, please contact University of Idaho Library Special Collections and Archives Department.",http://rightsstatements.org/vocab/InC-EDU/1.0/,poster,Image;StillImage,image/jpeg,eng,http://cdm17254.contentdm.oclc.org/cdm/ref/collection/jazzfest/id/7,7,18.jp2,/jazzfest/image/18.jp2,jazzfest7,
25th Annual Lionel Hampton-Chevron Jazz Festival Poster,1992,"Lionel Hampton and Quartet; Hampton, Lionel; Mikami, Kuni; Watson, Wally ""Gator""; Machado, Gabriel; Dorsey, Leon; Paquito D'Rivera and the Havana-New York Ensemble; D'Rivera, Paquito; Perez, Danilo; Roditi, Claudio; Rossy, Jorge; Finck, David; Bromberg, Brian; Matsui, Keiko; Matsui, Kazu; Saarsalu, Lembit; Vintskevich, Leonid; Capers, Lisa; Foley, Kim; Wynters, Gail; Hampton, Lionel; Jarreau, Al; Mann, Herbie; Ellis, Herb; Roy Hargrove Quintet; Hargrove, Roy; Hart, Antonio; Cary, Marc; Hutchinson, Greg; Whitaker, Rodney; Jones, Oliver; Young, David; Thigpen, Ed; Daniels, Dee; Aoki, Reiko; Bathé, Clare; Mulligan, Gerry; Faddis, Jon; Ray Brown Trio; Brown, Ray; Harris, Gene; Hamilton, Jeff; Grey, Al; Watrous, Bill; Whigham, Jiggs; Grey, Mike; Lundy, Carmen; Feather, Leonard",vocals; trombone; trumpet; baritone saxophone; drums; bass; alto saxophone; guitar; flute; vibes; shakuhachi; conga; clarinet,"Feather, Leonard (critic); Eastwood, Clint;","16""x25.5"" promotional poster",,,,Lionel Hampton International Jazz Festival Collection,University of Idaho Special Collections and Archives,Lionel Hampton International Jazz Festival Collection,lhijf1992,"Educational use includes non-commercial use of text and images in materials for teaching and research purposes. Digital reproduction rights granted by the University of Idaho Library. For other uses beyond free use, please contact University of Idaho Library Special Collections and Archives Department.",http://rightsstatements.org/vocab/InC-EDU/1.0/,poster,Image;StillImage,image/jpeg,eng,http://cdm17254.contentdm.oclc.org/cdm/ref/collection/jazzfest/id/8,8,34.jp2,/jazzfest/image/34.jp2,jazzfest8,
43rd Annual Lionel Hampton International Jazz Festival Poster [2],2010,"Brown, Justin; Chahley, Brian; Clayton, Gerald; Dechter, Graham; Green, Tim; Hoffman, Alex; Kanner, Kevin; Nelson, Josh; Porter, Ryan; Sanders, Joe; Willis, Ben; Clayton, Jeff; Calvaire, Obed; Fuller, Larry; Pizzarelli, Bucky; Pizzarelli, John; Pizzarelli, Martin; Stafford, Terell; Tedesco, Tony; Clayton, John; Chestnut, Cyrus; Daniels, Dee; Mahal, Taj; Hamilton, Scott; Morrison, James; Peplowski, Ken; Redd, Chuck",drums; vibes; clarinet; trumpet; saxophone; guitar; vocals; piano; bass; trombone,,"17""x24.5"" promotional poster",Jaz Festival Office,,,Lionel Hampton International Jazz Festival Collection,University of Idaho Special Collections and Archives,Lionel Hampton International Jazz Festival Collection,lhijf2010b,"Educational use includes non-commercial use of text and images in materials for teaching and research purposes. Digital reproduction rights granted by the University of Idaho Library. For other uses beyond free use, please contact University of Idaho Library Special Collections and Archives Department.",http://rightsstatements.org/vocab/InC-EDU/1.0/,poster,Image;StillImage,image/jpeg,eng,http://cdm17254.contentdm.oclc.org/cdm/ref/collection/jazzfest/id/9,9,55.jp2,/jazzfest/image/55.jp2,jazzfest9,
48th Annual Lionel Hampton Jazz Festival Poster [1],2015,"Harris, Stefon; Kelly, Grace; Coffin, Jeff; Dechter, Graham; Kanner, Kevin; Thiroux, Katie; Nelson, Josh; Wofford, Mike; Hofmann, Holly; Inoue, Rumi; Ryerson, Ali; Airmen of Note; Skonberg, Bria; Lake, Meschiya; Reeves, Dianne; The Jensen Sisters; Jensen, Ingrid; Jensen, Christine; Lionel Hampton Jazz Festival Big Band; Andrews, Ernie; Gordon, Wycliffe; Fuller, Tia; Peplowski, Ken",clarinet; saxophone; trombone; vocals; trumpet; flute; piano; bass; drums; guitar; vibes,,"18""x24"" limited edition poster",,,,Lionel Hampton International Jazz Festival Collection,University of Idaho Special Collections and Archives,Lionel Hampton International Jazz Festival Collection,lhijf2015a,"Educational use includes non-commercial use of text and images in materials for teaching and research purposes. Digital reproduction rights granted by the University of Idaho Library. For other uses beyond free use, please contact University of Idaho Library Special Collections and Archives Department.",http://rightsstatements.org/vocab/InC-EDU/1.0/,poster,Image;StillImage,image/jpeg,eng,http://cdm17254.contentdm.oclc.org/cdm/ref/collection/jazzfest/id/10,10,52.jp2,/jazzfest/image/52.jp2,jazzfest10,
30th Annual Lionel Hampton Jazz Festival Poster,1997,"Hampton, Lionel; Jones, Elvin; Jones, Hank; Ellis, Herb; Daltonn, Sasha; Bromberg, Brian; Roditi, Claudio; Alves, Helio; da Fonseca, Duduka; Saarsalu, Lembit; Vintskevich, Leonid; Butman, Igor; Margolis, Kitty; Stowell, John; Christian, Fabian (aka Fabian Bausch); Kitaev, Andrei; Travelin' Light; Pilafian, Sam; Vignola, Frank; Greene, Jimmy; Crosscurrent; Yasinitsky, Greg; McCurdy, Robert; Agersinger, Charles; Nelson, Amy; Bukvich, Dan; Lovano, Joe; Golson, Benny; Cedar Walton Trio; Walton, Cedar; Williams, David; Washington, Kenny; Candoli, Pete; Candoli, Conte; Grey, Al; Watrous, Bill; Fontana, Carl; Krall, Diana; Daniels, Dee; Jarvis, Jane; Rawls, Lou; Redman, Joshua; Brecker, Randy; Monty Alexander Trio; Alexander, Monty; Hamilton, Jeff; Wolfe, Ben; Roney, Wallace; Evans, Bill; Allen, Geri; Wynters, Gail; Howe, David; Reeves, Dianne; LaVerne, Andy; Mikami, Kuni; Bryant, Lance; Watson, Wally ""Gator""",drums; saxophone; piano; vocals; trumpet; tenor saxophone; trombone; bass; tuba; banjo; guitar; vibes,"Wicks, Virginia (publicist);Elwood, Phil (critic);Deffaa, Chip (critic);","20""x36"" promotional poster",Jazz Festival Office,,,Lionel Hampton International Jazz Festival Collection,University of Idaho Special Collections and Archives,Lionel Hampton International Jazz Festival Collection,lhijf1997,"Educational use includes non-commercial use of text and images in materials for teaching and research purposes. Digital reproduction rights granted by the University of Idaho Library. For other uses beyond free use, please contact University of Idaho Library Special Collections and Archives Department.",http://rightsstatements.org/vocab/InC-EDU/1.0/,poster,Image;StillImage,image/jpeg,eng,http://cdm17254.contentdm.oclc.org/cdm/ref/collection/jazzfest/id/11,11,42.jp2,/jazzfest/image/42.jp2,jazzfest11,
50th Annual Lionel Hampton Jazz Festival Poster [1],2017,"Roditit, Claudio; Marie, René; Harris, Stefon; Cohen, Anat; Cumbly, Joshua; Gully, Terreon ""Tank""; Eigst, Taylor; Doubleday, Joseph; Peikli, Felix; Kocour, Mike; Hamar, Jon; Hobbs, Gary; Christiansen, Corey; New York Voices; Keefe, Julia; Marsalis, Jason; Spalding, Esperanza",bass; vocals; vibes; vocals; guitar; drums; piano; clarinet; saxophone; trumpet,,"24""x17"" promotional poster",Jazz Festival Office,,,Lionel Hampton International Jazz Festival Collection,University of Idaho Special Collections and Archives,Lionel Hampton International Jazz Festival Collection,lhijf2017a,"Educational use includes non-commercial use of text and images in materials for teaching and research purposes. Digital reproduction rights granted by the University of Idaho Library. For other uses beyond free use, please contact University of Idaho Library Special Collections and Archives Department.",http://rightsstatements.org/vocab/InC-EDU/1.0/,poster,Image;StillImage,image/jpeg,eng,http://cdm17254.contentdm.oclc.org/cdm/ref/collection/jazzfest/id/12,12,44.jp2,/jazzfest/image/44.jp2,jazzfest12,
42nd Annual Lionel Hampton International Jazz Festival Poster [1],2009,"Faddis, John; Stripling, Byron; Akinmusire, Ambrose; Moody, James; Ryan, Jackie; Jose Rizo's ""Jazz on the Latin Side All Stars""; Almario, Justo; Smith, Marvin ""Smitty""; Lozano, Danilo; Aguabella, Francisco; Sanchez, Poncho; Acuna, Alex; Crespo, Freddie; Torres, Francisco; Camacho, Rene; Watson, Bijon; Cracchiolo, Sal; Incelli, Robert; Martin, Scott; Castellanos, Gilbert; Jorgensen, Eric; Branly, Jimmy; Rotondi, Joe; Gonzalez, Luis Eric; Roditi, Claudio; Alexander, Monty; Barron, Kenny; Trio da Paz; Lubambo, Romero; Matta, Nilson; da Fonseca, Duduka; Drummond, Anne; Wilson, Anthony; Pinheiro, Chico; McFerrin, Bobby; Clayton, John; Hamilton, Jeff; Djangirov, Eldar; Parlato, Gretchen; Lionel Hampton Big Band; Locke, Joe; Nemr, Andrew J.; Green, Benny; Dechter, Graham; Keller, Paul; Cameron, Clayton; Open World Russian Jazz All Stars; Kozhayev, Anatoliy; Kulikov, Nikoley; Sekachev, Roman; Sultanyan, Armen; Rizo, Jose",drums; baritone saxophone; guitar; bass; piano; vibes; vocals; flute; trumpet; timbales; trombone; alto saxophone; congas; tenor saxophone,,"17.75""x23.5"" limited edition poster, number 131/150",,,,Lionel Hampton International Jazz Festival Collection,University of Idaho Special Collections and Archives,Lionel Hampton International Jazz Festival Collection,lhijf2009a,"Educational use includes non-commercial use of text and images in materials for teaching and research purposes. Digital reproduction rights granted by the University of Idaho Library. For other uses beyond free use, please contact University of Idaho Library Special Collections and Archives Department.",http://rightsstatements.org/vocab/InC-EDU/1.0/,poster,Image;StillImage,image/jpeg,eng,http://cdm17254.contentdm.oclc.org/cdm/ref/collection/jazzfest/id/13,13,24.jp2,/jazzfest/image/24.jp2,jazzfest13,
40th Annual Lionel Hampton International Jazz Festival Poster [2],2007,"Fabian, Christian (aka Fabian Bausch); Mikami, Kuni; Watson, Wally ""Gator""; Stowell, John; Cole, Freddy; Alexander, Monty; Green, Benny; Hamilton, Jeff; Malone, Russell; McBride, Christian; Roditi, Claudio; Stafford, Terell; White, Evelyn; Vintskevich, Leonid; Saarsalu, Lembit; Izmailov, Enver; Monheit, Jane; Clayton, John; Stripling, Byron; Gambarini, Roberta; Martinez, Jim; Gordon, Wycliffe; Morrison, James; The Four Freshman; Ferreira, Bob; Johnson, Vince; Eichenberger, Brain; Calderon, Curtis; Daniels, Dee; Hendelman, Tamir; Luty, Christoph; Butman, Igor; Watrous, Bill; Lionel Hampton New York Big Band; Pizzarelli, John; Daniels, Dee; Roy Hargrove Quintet; Hargrove, Roy; Clayton, Gerald; Sanders, Joe; Robinson, Justin; Coleman, Montez; Clayton Brothers Quintet; Clayton, Jeff; Calvaire, Obed; Stafford, Terell; Abate, Greg; Vintskevich, Nik; Open World Russian All Stars; Tekuchev, Svyatoslav; Bubiakin, Kirill; Solokov, Yevgeniy; Tugushev, Ildar; Shibin, Maksim; Zaytsev, Grigoriy; Sabiryanov, Adel",drums; vibes; bass; guitar; trombone; trumpet; tenor saxophone; alto saxophone; saxophone; piano; vocals; tap guitar,,"20""x34"" promotional poster",Jazz Festival Office,,,Lionel Hampton International Jazz Festival Collection,University of Idaho Special Collections and Archives,Lionel Hampton International Jazz Festival Collection,lhijf2007c,"Educational use includes non-commercial use of text and images in materials for teaching and research purposes. Digital reproduction rights granted by the University of Idaho Library. For other uses beyond free use, please contact University of Idaho Library Special Collections and Archives Department.",http://rightsstatements.org/vocab/InC-EDU/1.0/,poster,Image;StillImage,image/jpeg,eng,http://cdm17254.contentdm.oclc.org/cdm/ref/collection/jazzfest/id/14,14,2.jp2,/jazzfest/image/2.jp2,jazzfest14,
36th Annual Lionel Hampton Jazz Festival Poster,2003,"Watson, Wally ""Gator""; Mikami, Kuni; Fabian, Christian (aka Fabian Bausch); Stowell, John; Bryant, Lance; Jones, Hank; Hamilton, Jeff; Pizzarelli, Bucky; Malone, Russell; Nash, Lewis; Clayton, John; Barron, Kenny; Mraz, George; Freddy Cole Quartet; Cole, Freddy; Boyd, Curtis; Byrd, Gerald; Pride, Zackery; Butman, Igor; Hampton, Slide; Roditi, Claudio; D'Rivera, Paquito; Sherrie Maricle and Five Play; Maricle, Sherrie; Strassmayer, Karoline; Cohen, Anat; Yamanaka, Chihiro; Parrott, Nikki; White, Evelyn; Saarsalu, Lembit; Vintskevich, Leonid; ManSound; Djangirov, Eldar; Green, Benny; Alexander, Monty; Gambarini, Roberta; Terry, Clark; Newman, David ""Fathead""; Daniels, Dee; Rawls, Lou; Moody, James; Roy Hargrove Quintet; Hargrove, Roy; Bruno, Dwayne; Jones, Willie, III; Lewis, Eric; Robinson, Justin; Ennis, Ethel; Watrous, Bill; Powell, Benny; Gibbs, Terry; Andrews, Ernie; Candoli, Pete",trumpet; vocals; vibes; trombone; bass; drums; piano; saxophone; flute; clarinet; guitar,"Wicks, Virginia (publicist);Deffaa, Chip (critic);Elwood, Phil (critic)","20""x36"" promotional poster",Jazz Festival Office,,,Lionel Hampton International Jazz Festival Collection,University of Idaho Special Collections and Archives,Lionel Hampton International Jazz Festival Collection,lhijf2003,"Educational use includes non-commercial use of text and images in materials for teaching and research purposes. Digital reproduction rights granted by the University of Idaho Library. For other uses beyond free use, please contact University of Idaho Library Special Collections and Archives Department.",http://rightsstatements.org/vocab/InC-EDU/1.0/,poster,Image;StillImage,image/jpeg,eng,http://cdm17254.contentdm.oclc.org/cdm/ref/collection/jazzfest/id/15,15,21.jp2,/jazzfest/image/21.jp2,jazzfest15,
44th Annual Lionel Hampton Jazz Festival Poster [5],2011,"Wade, Charenee; Nelson, Josh; Kanner, Kevin; Conley, Shawn; Dechter, Graham; Heath, Jimmy; Stafford, Terell; Hashimoto, Atsuko; Hamilton, Jeff; Yanofsky, Nikki; Charlap, Bill; Rosnes, Renee; Wooten, Victor; Manhattan Transfer; Lionel Hampton New York Big Band; Bradford, Carmen; Shaughnessy, Ed; Christlieb, Pete; Clayton, John",bass; saxophone; drums; vocals; guitar; piano; organ; trumpet,,"12.5""x24.5"" promotional poster",Jazz Festival Office,,,Lionel Hampton International Jazz Festival Collection,University of Idaho Special Collections and Archives,Lionel Hampton International Jazz Festival Collection,lhijf2011e,"Educational use includes non-commercial use of text and images in materials for teaching and research purposes. Digital reproduction rights granted by the University of Idaho Library. For other uses beyond free use, please contact University of Idaho Library Special Collections and Archives Department.",http://rightsstatements.org/vocab/InC-EDU/1.0/,poster,Image;StillImage,image/jpeg,eng,http://cdm17254.contentdm.oclc.org/cdm/ref/collection/jazzfest/id/16,16,48.jp2,/jazzfest/image/48.jp2,jazzfest16,
13th Annual University of Idaho Jazz Festival Poster,1980,"Richie Cole and Alto Madness Quintet; Toshiko Akiyoshi-Lew Tabackin Big Band; Alexander, Ashley; Houghten, Steve",trombone; percussion,,"11""x17"" promotional poster",,,,Lionel Hampton International Jazz Festival Collection,University of Idaho Special Collections and Archives,Lionel Hampton International Jazz Festival Collection,lhijf1980,"Educational use includes non-commercial use of text and images in materials for teaching and research purposes. Digital reproduction rights granted by the University of Idaho Library. For other uses beyond free use, please contact University of Idaho Library Special Collections and Archives Department.",http://rightsstatements.org/vocab/InC-EDU/1.0/,poster,Image;StillImage,image/jpeg,eng,http://cdm17254.contentdm.oclc.org/cdm/ref/collection/jazzfest/id/17,17,20.jp2,/jazzfest/image/20.jp2,jazzfest17,
47th Annual Lionel Hampton Jazz Festival Poster,2014,"Golson, Benny; Peplowski, Ken; Kelly, Grace; Nelson, Josh; Conley, Shawn; Forman, Bruce; Kanner Kevin; Keezer, Geoffrey; Jordan, Terell; Groove for Thought; Marie, René; The Yellowjackets; Ferrante, Russell; Mintzer, Bob; Pastorius, Felix; Kennedy, William; Lionel Hampton Youth Jazz Orchestra; Palmieri, Eddie; Marsalis, Jason",vibes; piano; drums; bass; saxophone; keyboard; vocals; trumpet; guitar; clarinet,,"13.25""x25"" promotional poster",Jazz Festival Office,,,Lionel Hampton International Jazz Festival Collection,University of Idaho Special Collections and Archives,Lionel Hampton International Jazz Festival Collection,lhijf2014,"Educational use includes non-commercial use of text and images in materials for teaching and research purposes. Digital reproduction rights granted by the University of Idaho Library. For other uses beyond free use, please contact University of Idaho Library Special Collections and Archives Department.",http://rightsstatements.org/vocab/InC-EDU/1.0/,poster,Image;StillImage,image/jpeg,eng,http://cdm17254.contentdm.oclc.org/cdm/ref/collection/jazzfest/id/18,18,23.jp2,/jazzfest/image/23.jp2,jazzfest18,
49th Annual Lionel Hampton Jazz Festival Poster [1],2016,"Berroa, Ignacio; Hagelganz, Dave; Sielert, Vern; Dee Daniels Quartet; Daniels, Dee; Nelson, Josh; Beaudry, Paul; Broadnax, Dwayne; All-Star Quartet; Dechter, Graham; Nelson, Josh; Thiroux, Katie; Kanner, Kevin; Kauflin, Justin; Rodriguez, Ricardo; Bejerano, Martin; Shim, Mark; Alexander, Monty; Clayton, John; Hamilton, Jeff; Tower of Power; Lionel Hampton Jazz Festival Big Band; Wolf, Warren; Morrison, Barbara; Cherry Poppin' Daddies",vocals; vibes; drums; bass; piano; tenor saxophone; trumpet; guitar,,"18""x24"" limited edition poster",,,,Lionel Hampton International Jazz Festival Collection,University of Idaho Special Collections and Archives,Lionel Hampton International Jazz Festival Collection,lhijf2016a,"Educational use includes non-commercial use of text and images in materials for teaching and research purposes. Digital reproduction rights granted by the University of Idaho Library. For other uses beyond free use, please contact University of Idaho Library Special Collections and Archives Department.",http://rightsstatements.org/vocab/InC-EDU/1.0/,poster,Image;StillImage,image/jpeg,eng,http://cdm17254.contentdm.oclc.org/cdm/ref/collection/jazzfest/id/19,19,14.jp2,/jazzfest/image/14.jp2,jazzfest19,
45th Annual Lionel Hampton Jazz Festival Poster,2012,"D'Rivera, Paquito; Cohen, Anat; Nelson, Josh; Williams, Ben; Dechter, Graham; Kanner, Kevin; Wilson, Matt; Stafford, Terell; Goldings, Larry; Wind, Martin; Clayton, John; Fuller, Larry; Riggins, Karriem; Gazerek, Sara; Bedford, Carmen; Woodard, Rickey; The Blind Boys of Alabama; Clayton, Jeff; Stubblefield, Ike; Morrison, James; Gordon, Wycliffe; Tower of Power; Haynes, Roy; Lionel Hampton Youth Orchestra",drums; trombone; trumpet; organ; saxophone; vocals; piano; bass; guitar; clarinet,,,Jazz Festival Office,,,Lionel Hampton International Jazz Festival Collection,University of Idaho Special Collections and Archives,Lionel Hampton International Jazz Festival Collection,lhijf2012,"Educational use includes non-commercial use of text and images in materials for teaching and research purposes. Digital reproduction rights granted by the University of Idaho Library. For other uses beyond free use, please contact University of Idaho Library Special Collections and Archives Department.",http://rightsstatements.org/vocab/InC-EDU/1.0/,poster,Image;StillImage,image/jpeg,eng,http://cdm17254.contentdm.oclc.org/cdm/ref/collection/jazzfest/id/20,20,8.jp2,/jazzfest/image/8.jp2,jazzfest20,
38th Annual Lionel Hampton Jazz Festival Poster [1],2005,"Fabian, Christian (aka Fabian Bausch); Mikami, Kuni; Watson, Wally ""Gator""; Stowell, John; Cole, Freddy; Alexander, Monty; Green, Benny; Malone, Russell; Hamilton, Jeff; Clayton, John; Brecker, Randy; Roditi, Claudio; Stafford, Terell; Findley, Chuck; McCurdy, Bob; The Four Freshman; Ferreira, Bob; Johnson, Vince; Eichenberger, Brian; Calderon, Curtis; Saarsalu, Lembit; Vintskevich, Leonid; Izmailov, Enver; Pizzarelli, John; Pizzarelli, Bucky; Gambarini, Roberta; Hendelman, Tamir; Peplowski, Ken; Person, Houston; White, Evelyn; Christiansen, Corey; Martinez, Jim; Rawls, Lou; Monheit, Jane; Daniels, Dee; Butman, Igor; Watrous, Bill; Daversa, Jay; Hofmann, Holly; Lionel Hampton New York Big Band; Barrero, Tony; Gemberling, Al; Guyton, Cleave, Jr.; McDonald, Marshall; Martinez, Anibal; McGowan, Mark; Miller, Doug; Simon, John; Stephens, Charles; Trowers, Robert; Hargrove, Roy; Morrison, James; Feather, Lorraine",vocals; trumpet; trombone; drums; alto saxophone; tenor saxophone; piano; bass; flute; saxophone; guitar; clarinet,"Wicks, Virginia (publicist);Deffaa, Chip (critic);Elwood, Phil (critic)","18""x24"" limited edition poster",,,,Lionel Hampton International Jazz Festival Collection,University of Idaho Special Collections and Archives,Lionel Hampton International Jazz Festival Collection,lhijf2005a,"Educational use includes non-commercial use of text and images in materials for teaching and research purposes. Digital reproduction rights granted by the University of Idaho Library. For other uses beyond free use, please contact University of Idaho Library Special Collections and Archives Department.",http://rightsstatements.org/vocab/InC-EDU/1.0/,poster,Image;StillImage,image/jpeg,eng,http://cdm17254.contentdm.oclc.org/cdm/ref/collection/jazzfest/id/21,21,3.jp2,/jazzfest/image/3.jp2,jazzfest21,
44th Annual Lionel Hampton Jazz Festival Poster [1],2011,"Wade, Charenee; Nelson, Josh; Kanner, Kevin; Conley, Shawn; Dechter, Graham; Heath, Jimmy; Stafford, Terell; Hashimoto, Atsuko; Hamilton, Jeff; Yanofsky, Nikki; Charlap, Bill; Rosnes, Renee; Wooten, Victor; Manhattan Transfer; Lionel Hampton New York Big Band; Bradford, Carmen; Shaughnessy, Ed; Christlieb, Pete; Clayton, John",bass; saxophone; drums; vocals; guitar; piano; organ; trumpet,,"12""x24"" limited edition poster, signed by John Clayton",,,,Lionel Hampton International Jazz Festival Collection,University of Idaho Special Collections and Archives,Lionel Hampton International Jazz Festival Collection,lhijf2011a,"Educational use includes non-commercial use of text and images in materials for teaching and research purposes. Digital reproduction rights granted by the University of Idaho Library. For other uses beyond free use, please contact University of Idaho Library Special Collections and Archives Department.",http://rightsstatements.org/vocab/InC-EDU/1.0/,poster,Image;StillImage,image/jpeg,eng,http://cdm17254.contentdm.oclc.org/cdm/ref/collection/jazzfest/id/22,22,27.jp2,/jazzfest/image/27.jp2,jazzfest22,
18th Annual Lionel Hampton-Chevron Jazz Festival Poster,1985,"Dianne Reeves Trio; Hampton, Lionel; Getz, Stan; Hubbard, Freddie; Jones, Hank; Brown, Ray; Carvin, Michael; O'Day, Anita; Poole, John; Hampton, Slide; Kareon Oleson and Trio",vibes; tenor saxophone; trumpet; piano; bass; drums; vocals; trombone,,"18.25""x24.25"" promotional poster",,,,Lionel Hampton International Jazz Festival Collection,University of Idaho Special Collections and Archives,Lionel Hampton International Jazz Festival Collection,lhijf1985,"Educational use includes non-commercial use of text and images in materials for teaching and research purposes. Digital reproduction rights granted by the University of Idaho Library. For other uses beyond free use, please contact University of Idaho Library Special Collections and Archives Department.",http://rightsstatements.org/vocab/InC-EDU/1.0/,poster,Image;StillImage,image/jpeg,eng,http://cdm17254.contentdm.oclc.org/cdm/ref/collection/jazzfest/id/23,23,5.jp2,/jazzfest/image/5.jp2,jazzfest23,
48th Annual Lionel Hampton Jazz Festival Poster [2],2015,"Harris, Stefon; Kelly, Grace; Coffin, Jeff; Dechter, Graham; Kanner, Kevin; Thiroux, Katie; Nelson, Josh; Wofford, Mike; Hofmann, Holly; Inoue, Rumi; Ryerson, Ali; Airmen of Note; Skonberg, Bria; Lake, Meschiya; Reeves, Dianne; The Jensen Sisters; Jensen, Ingrid; Jensen, Christine; Lionel Hampton Jazz Festival Big Band; Andrews, Ernie; Gordon, Wycliffe; Fuller, Tia; Peplowski, Ken",clarinet; saxophone; trombone; vocals; trumpet; flute; piano; bass; drums; guitar; vibes,,"16""x30"" promotional poster",Jazz Festival Office,,,Lionel Hampton International Jazz Festival Collection,University of Idaho Special Collections and Archives,Lionel Hampton International Jazz Festival Collection,lhijf2015b,"Educational use includes non-commercial use of text and images in materials for teaching and research purposes. Digital reproduction rights granted by the University of Idaho Library. For other uses beyond free use, please contact University of Idaho Library Special Collections and Archives Department.",http://rightsstatements.org/vocab/InC-EDU/1.0/,poster,Image;StillImage,image/jpeg,eng,http://cdm17254.contentdm.oclc.org/cdm/ref/collection/jazzfest/id/24,24,11.jp2,/jazzfest/image/11.jp2,jazzfest24,
24th Annual Lionel Hampton-Chevron Jazz Festival,1991,"Lionel Hampton and the Lionel Hampton Quartet; Hampton, Lionel; Chicco, Renato; Watson, Wally ""Gator""; Machado, Gabriel; Johnson, William; Paquito D'Rivera and the Havana-New York Ensemble; D'Rivera, Paquito; Perez, Danilo; Roditi, Claudio; Berroa, Ignacio; Goines, Lincoln; Bathé, Clare; Raimond Raubisko Jazz-Thet; Raubisko, Raimond; Smirnoff, Juli; Avdyukevich, Victor; Kalnins, Madars; Kalnins, Raimond; Doctor Blues; Janseon, Yevgeny; Novikov, Igor; Eunapu, Igor; Syrtsov, Alexander; Nidbalsky, Stanislav; Eckstine, Billy; Tucker, Bobby; Turrentine, Stanley; Hinton, Milt; Ray Brown Trio; Brown, Ray; Harris, Gene; Hamilton, Jeff; Hank Jones Trio; Jones, Hank; Burr, Jon; Copeland, Keith; Shaw, Marlena; Ennis, Ethel; Reeves, Dianne; Hampton, Lionel; Gillespie, Dizzy; Woods, Phil; Grey, Al; Grey, Mike; Cohn, Joe; Candoli, Pete; Candoli, Conte; Feather, Leonard; Shew, Bobby; David Friesen and Danny Zeatlin Duo; Friesen, David; Zeatlin, Danny",vocals; piano; saxophone; bass; vibes; trumpet; alto saxophone; trombone; guitar; drums; keyboard; flute; conga; clarinet,,"27""x21"" promotional poster",Jazz Festival Office,,,Lionel Hampton International Jazz Festival Collection,University of Idaho Special Collections and Archives,Lionel Hampton International Jazz Festival Collection,lhijf1991,"Educational use includes non-commercial use of text and images in materials for teaching and research purposes. Digital reproduction rights granted by the University of Idaho Library. For other uses beyond free use, please contact University of Idaho Library Special Collections and Archives Department.",http://rightsstatements.org/vocab/InC-EDU/1.0/,poster,Image;StillImage,image/jpeg,eng,http://cdm17254.contentdm.oclc.org/cdm/ref/collection/jazzfest/id/25,25,15.jp2,/jazzfest/image/15.jp2,jazzfest25,
49th Annual Lionel Hampton Jazz Festival Poster [2],2016,"Berroa, Ignacio; Hagelganz, Dave; Sielert, Vern; Dee Daniels Quartet; Daniels, Dee; Nelson, Josh; Beaudry, Paul; Broadnax, Dwayne; All-Star Quartet; Dechter, Graham; Nelson, Josh; Thiroux, Katie; Kanner, Kevin; Kauflin, Justin; Rodriguez, Ricardo; Bejerano, Martin; Shim, Mark; Alexander, Monty; Clayton, John; Hamilton, Jeff; Tower of Power; Lionel Hampton Jazz Festival Big Band; Wolf, Warren; Morrison, Barbara; Cherry Poppin' Daddies",vocals; vibes; drums; bass; piano; tenor saxophone; trumpet; guitar,,"12.75""x24.5"" promotional poster",Jazz Festival Office,,,Lionel Hampton International Jazz Festival Collection,University of Idaho Special Collections and Archives,Lionel Hampton International Jazz Festival Collection,lhijf2016b,"Educational use includes non-commercial use of text and images in materials for teaching and research purposes. Digital reproduction rights granted by the University of Idaho Library. For other uses beyond free use, please contact University of Idaho Library Special Collections and Archives Department.",http://rightsstatements.org/vocab/InC-EDU/1.0/,poster,Image;StillImage,image/jpeg,eng,http://cdm17254.contentdm.oclc.org/cdm/ref/collection/jazzfest/id/26,26,7.jp2,/jazzfest/image/7.jp2,jazzfest26,
27th Annual Lionel Hampton Jazz Festival Poster,1994,"Hampton, Lionel; Ray Brown Trio; Brown, Ray; Hamilton, Jeff; Green, Benny; Jones, Elvin; Ellis, Herb; Jones, Oliver; Bromberg, Brian; DeFranco, Buddy; Soloff, Lew; Shilkloper, Arkady; Ouzonoff, Alexandre; Brubeck, Matthew; Widelock, David; Daniels, Dee; Margolis, Kitty; Maeda, Hitoshi; Sakura, Tomoaki; Fujii, Mutsuko; Reese, Della; D'Rivera, Paquito; Moody, James; Abate, Greg; Primo Kim Quartet; Kim, Primo; Zadrozny, Andy; Slivka, Michael; Day, Jim; Hubbard, Freddie; Roditi, Claudio; Roney, Wallace; Gene Harris Quartet; Harris, Gene; Eschete, Ron; Hughes, Luther; Humphrey, Paul; Fontana, Carl; Watrous, Bill; McDougall, Ian; Uusitalo, Jeff; New York Voices; Eldridge, Peter; Fox, Caprice; Kinhan, Lauren; Meader, Darmon; Nazarian, Kim; Exrin, Andy; Whitman, Ben; Landau, Randy; Candoli, Pete; Candoli, Conte; Stowell, John; Feather, Leonard",guitar; trumpet; trombone; vocals; saxophone; sanukitaphone; cello; bassoon; horn; clarinet; bass; piano; drums; vibes,"Feather, Leonard (critic);Gitler, Ira (critic);Deffaa, Chip (critic);Wicks, Virginia (publicist)","21""x31"" promotional poster",Jazz Festival Office,,,Lionel Hampton International Jazz Festival Collection,University of Idaho Special Collections and Archives,Lionel Hampton International Jazz Festival Collection,lhijf1994,"Educational use includes non-commercial use of text and images in materials for teaching and research purposes. Digital reproduction rights granted by the University of Idaho Library. For other uses beyond free use, please contact University of Idaho Library Special Collections and Archives Department.",http://rightsstatements.org/vocab/InC-EDU/1.0/,poster,Image;StillImage,image/jpeg,eng,http://cdm17254.contentdm.oclc.org/cdm/ref/collection/jazzfest/id/27,27,51.jp2,/jazzfest/image/51.jp2,jazzfest27,
31st Annual Lionel Hampton Jazz Festival Poster [1],1998,"Hampton, Lionel; LaVerne, Andy; Kenny Barron Trio; Barron, Kenny; Riley, Ben; Drummond, Ray; D'Rivera, Paquito; Roditi, Claudio; Hampton, Slide; Acuna, Alex; Simon, Edward; Bromberg, Brian; Daniels, Dee; Jarvis, Jane; Mikami, Kuni; Tchernyshov, Sergio; Abate, Greg; Watson, Wally ""Gator""; Bryant, Lance; Stowell, John; Fabian, Christian (aka Fabian Bausch); Hamanaka, Lionele; Sakura, Tomoaki; Carruthers, Arnie; Kloess, Joe; Lincoln, Abbey; Cary, Marc; Super Bass; Brown, Ray; Clayton, John; McBride, Christian; McPartland, Marian; Blanchard, Terrence; Billy Marcus Tribute to Hamp; Marcus, Billy; Alford, Brenda; Allred, John; Minger, Pete; Ross, Billy; Allison, Eric; Michalak, John; Brignola, Mike; Coffman, Don; Duchaine, Gary; White, Evelyn; Martinez, Jim; Ray Brown Trio; Hutchinson, Greg; Keezer, Geoff; Freddy Cole and Trio; Cole, Freddy; Vaughn, Eric; Burney, Herman; Byrd, Jerry; Roney, Wallace; Ennis, Ethel; Faddis, Jon; Foster, Frank; Wess, Frank; Grey, Al; Watrous, Bill; Aprea, Ron; Kitaev, Andrei; Krall, Diana; Malone, Russell; Wolfe, Ben; Candoli, Pete; Candoli, Conte; DeNiro, Angela; Contreras, Billy; Batt, Phil (Idaho Governor)",clarinet; violin; vocals; trumpet; bass; guitar; piano; saxophone; trombone; flute; baritone saxophone; drums; tenor saxophone; alto flute; vibes,"Batt, Phil (Idaho Governor);Wicks, Virginia (publicist);Elwood, Phil (critic);Deffaa, Chip (critic);","17.75""x24"" limited edition poster, number 49/150",,,,Lionel Hampton International Jazz Festival Collection,University of Idaho Special Collections and Archives,Lionel Hampton International Jazz Festival Collection,lhijf1998a,"Educational use includes non-commercial use of text and images in materials for teaching and research purposes. Digital reproduction rights granted by the University of Idaho Library. For other uses beyond free use, please contact University of Idaho Library Special Collections and Archives Department.",http://rightsstatements.org/vocab/InC-EDU/1.0/,poster,Image;StillImage,image/jpeg,eng,http://cdm17254.contentdm.oclc.org/cdm/ref/collection/jazzfest/id/28,28,28.jp2,/jazzfest/image/28.jp2,jazzfest28,
31st Annual Lionel Hampton Jazz Festival Poster [2],1998,"Hampton, Lionel; LaVerne, Andy; Kenny Barron Trio; Barron, Kenny; Riley, Ben; Drummond, Ray; D'Rivera, Paquito; Roditi, Claudio; Hampton, Slide; Acuna, Alex; Simon, Edward; Bromberg, Brian; Daniels, Dee; Jarvis, Jane; Mikami, Kuni; Tchernyshov, Sergio; Abate, Greg; Watson, Wally ""Gator""; Bryant, Lance; Stowell, John; Fabian, Christian (aka Fabian Bausch); Hamanaka, Lionele; Sakura, Tomoaki; Carruthers, Arnie; Kloess, Joe; Lincoln, Abbey; Cary, Marc; Super Bass; Brown, Ray; Clayton, John; McBride, Christian; McPartland, Marian; Blanchard, Terrence; Billy Marcus Tribute to Hamp; Marcus, Billy; Alford, Brenda; Allred, John; Minger, Pete; Ross, Billy; Allison, Eric; Michalak, John; Brignola, Mike; Coffman, Don; Duchaine, Gary; White, Evelyn; Martinez, Jim; Ray Brown Trio; Hutchinson, Greg; Keezer, Geoff; Freddy Cole and Trio; Cole, Freddy; Vaughn, Eric; Burney, Herman; Byrd, Jerry; Roney, Wallace; Ennis, Ethel; Faddis, Jon; Foster, Frank; Wess, Frank; Grey, Al; Watrous, Bill; Aprea, Ron; Kitaev, Andrei; Krall, Diana; Malone, Russell; Wolfe, Ben; Candoli, Pete; Candoli, Conte; DeNiro, Angela; Contreras, Billy; Batt, Phil (Idaho Governor)",clarinet; violin; vocals; trumpet; bass; guitar; piano; saxophone; trombone; flute; baritone saxophone; drums; tenor saxophone; alto flute; vibes,"Batt, Phil (Idaho Governor);Wicks, Virginia (publicist);Elwood, Phil (critic);Deffaa, Chip (critic);","20""x36"" promotional poster",Jazz Festival Office,,,Lionel Hampton International Jazz Festival Collection,University of Idaho Special Collections and Archives,Lionel Hampton International Jazz Festival Collection,lhijf1998b,"Educational use includes non-commercial use of text and images in materials for teaching and research purposes. Digital reproduction rights granted by the University of Idaho Library. For other uses beyond free use, please contact University of Idaho Library Special Collections and Archives Department.",http://rightsstatements.org/vocab/InC-EDU/1.0/,poster,Image;StillImage,image/jpeg,eng,http://cdm17254.contentdm.oclc.org/cdm/ref/collection/jazzfest/id/29,29,40.jp2,/jazzfest/image/40.jp2,jazzfest29,
15th Annual University of Idaho Jazz Festival Poster [1],1982,"Childers, Buddy; Fitzgerald, Ella; McClure, Barney; Shaw, Kirby; Stentz, Jan; George Shearing and Brian Torff Duo",trumpet; vocals; piano; bass,,"17.5""x22.5"" promotional poster",,,,Lionel Hampton International Jazz Festival Collection,University of Idaho Special Collections and Archives,Lionel Hampton International Jazz Festival Collection,lhijf1982a,"Educational use includes non-commercial use of text and images in materials for teaching and research purposes. Digital reproduction rights granted by the University of Idaho Library. For other uses beyond free use, please contact University of Idaho Library Special Collections and Archives Department.",http://rightsstatements.org/vocab/InC-EDU/1.0/,poster,Image;StillImage,image/jpeg,eng,http://cdm17254.contentdm.oclc.org/cdm/ref/collection/jazzfest/id/30,30,13.jp2,/jazzfest/image/13.jp2,jazzfest30,
33rd Annual Lionel Hampton Jazz Festival Poster,2000,"Watson, Wally ""Gator""; Boiarsky, Andres; Mikami, Kuni; Fabian, Christian (aka Fabian Bausch); Hampton, Lionel; Jones, Hank; Nash, Lewis; Bromberg, Brian; Malone, Russell; Roy Hargrove Quintet; Hargrove, Roy; Irby, Sherman; Willis, Larry; Cannon, Gerald; Jones, Willie, III; Roditi, Claudio; Giorgianni, Joe; Abate, Greg; Jarvis, Jane; White, Evelyn; ManSound; Mikhnovetsky, Vladimir; Sukhin, Vladimir; Trach, Vladimir; Ponah, Constatin; Rubel, Vyacheslaw; Tolmatchev, Ruben; Allmark, John; Stowell, John; Contreras, Billy; McBride, Christian; Al Grey Quintet; Grey, Al; Cohn, Joe; Parrish, Matt; Stewart, Grant; Durham, Bobby; Moody, James; Jensen, Ingrid; Herwig, Conrad; Ray Brown Trio; Brown, Ray; Keezer, Geoff; Riggens, Karriem; Jones, Salena; Ennis, Ethel; Reeves, Dianne; Sanchez, David; Butman, Igor; Watrous, Bill; McDougal, Ian; Daniels, Dee; Martinez, Jim; Cole, Freddy; Candoli, Pete; Candoli, Conte; Cook, Carla",vocals; trumpet; piano; trombone; saxophone; bass; violin; guitar; drums; vibes; tenor saxophone,"Deffaa, Chip (critic);Elwood, Phil (critic);Wicks, Virginia (publicist)","20""x36"" promotional poster",Jazz Festival Office,,,Lionel Hampton International Jazz Festival Collection,University of Idaho Special Collections and Archives,Lionel Hampton International Jazz Festival Collection,lhijf2000,"Educational use includes non-commercial use of text and images in materials for teaching and research purposes. Digital reproduction rights granted by the University of Idaho Library. For other uses beyond free use, please contact University of Idaho Library Special Collections and Archives Department.",http://rightsstatements.org/vocab/InC-EDU/1.0/,poster,Image;StillImage,image/jpeg,eng,http://cdm17254.contentdm.oclc.org/cdm/ref/collection/jazzfest/id/31,31,30.jp2,/jazzfest/image/30.jp2,jazzfest31,
44th Annual Lionel Hampton Jazz Festival Poster [6],2011,"Wade, Charenee; Nelson, Josh; Kanner, Kevin; Conley, Shawn; Dechter, Graham; Heath, Jimmy; Stafford, Terell; Hashimoto, Atsuko; Hamilton, Jeff; Yanofsky, Nikki; Charlap, Bill; Rosnes, Renee; Wooten, Victor; Manhattan Transfer; Lionel Hampton New York Big Band; Bradford, Carmen; Shaughnessy, Ed; Christlieb, Pete; Clayton, John",bass; saxophone; drums; vocals; guitar; piano; organ; trumpet,,"12.5""x24.5"" promotional poster",Jazz Festival Office,,,Lionel Hampton International Jazz Festival Collection,University of Idaho Special Collections and Archives,Lionel Hampton International Jazz Festival Collection,lhijf2011f,"Educational use includes non-commercial use of text and images in materials for teaching and research purposes. Digital reproduction rights granted by the University of Idaho Library. For other uses beyond free use, please contact University of Idaho Library Special Collections and Archives Department.",http://rightsstatements.org/vocab/InC-EDU/1.0/,poster,Image;StillImage,image/jpeg,eng,http://cdm17254.contentdm.oclc.org/cdm/ref/collection/jazzfest/id/32,32,12.jp2,/jazzfest/image/12.jp2,jazzfest32,
40th Annual Lionel Hampton International Jazz Festival Poster [1],2007,"Fabian, Christian (aka Fabian Bausch); Mikami, Kuni; Watson, Wally ""Gator""; Stowell, John; Cole, Freddy; Alexander, Monty; Green, Benny; Hamilton, Jeff; Malone, Russell; McBride, Christian; Roditi, Claudio; Stafford, Terell; White, Evelyn; Vintskevich, Leonid; Saarsalu, Lembit; Izmailov, Enver; Monheit, Jane; Clayton, John; Stripling, Byron; Gambarini, Roberta; Martinez, Jim; Gordon, Wycliffe; Morrison, James; The Four Freshman; Ferreira, Bob; Johnson, Vince; Eichenberger, Brain; Calderon, Curtis; Daniels, Dee; Hendelman, Tamir; Luty, Christoph; Butman, Igor; Watrous, Bill; Lionel Hampton New York Big Band; Pizzarelli, John; Daniels, Dee; Roy Hargrove Quintet; Hargrove, Roy; Clayton, Gerald; Sanders, Joe; Robinson, Justin; Coleman, Montez; Clayton Brothers Quintet; Clayton, Jeff; Calvaire, Obed; Stafford, Terell; Abate, Greg; Vintskevich, Nik; Open World Russian All Stars; Tekuchev, Svyatoslav; Bubiakin, Kirill; Solokov, Yevgeniy; Tugushev, Ildar; Shibin, Maksim; Zaytsev, Grigoriy; Sabiryanov, Adel",drums; vibes; bass; guitar; trombone; trumpet; tenor saxophone; alto saxophone; saxophone; piano; vocals; tap guitar,,"24""x18"" limited edition poster, number 33/150","Hoffman, Rachel",,,Lionel Hampton International Jazz Festival Collection,University of Idaho Special Collections and Archives,Lionel Hampton International Jazz Festival Collection,lhijf2007b,"Educational use includes non-commercial use of text and images in materials for teaching and research purposes. Digital reproduction rights granted by the University of Idaho Library. For other uses beyond free use, please contact University of Idaho Library Special Collections and Archives Department.",http://rightsstatements.org/vocab/InC-EDU/1.0/,poster,Image;StillImage,image/jpeg,eng,http://cdm17254.contentdm.oclc.org/cdm/ref/collection/jazzfest/id/33,33,16.jp2,/jazzfest/image/16.jp2,jazzfest33,
26th Annual Lionel Hampton-Chevron Jazz Festival Poster,1993,"Ray Brown Trio; Brown, Ray; Green, Benny; Hamilton, Jeff; Gene Harris Quartet; Harris, Gene; Eschete, Ron; Humphrey, Paul; Hughes, Luther; Roditi, Claudio; Bromberg, Brian; Kitaev, Andrei; Butman, Igor; Daniels, Dee; Blade, Brian; McPartland, Marian; Ellis, Herb; Sandoval, Arturo; Rubin, Vanessa; Straight Ahead; Dewberry, Cynthia; Carter, Regina; Orr, Eileen; Hayden-Banfield, Marion; McKinney, Gayelynn; Rawls, Lou; Terry, Clark; Edison, Harry ""Sweets""; Heath, Jimmy; Grey, Al; Hampton, Slide; Powell, Benny; Hinton, Milt; Mance, Junior; Tate, Grady; Lionel Hampton and His Big Band; Hampton, Lionel; Rickman, Pat; Brazel, Gerald; Reis, Barry; Pendenza, John; Stephens, Charles; Nelson, Jeff; Davis, Steve; Boiarsky, Andres; Guyton, Cleave; McDonald, Marshall; Pazant, Edward; Bryant, Lance; Mikami, Kuni; Dorsey, Leon; Durham, Bobby; Machado, Gabriel",vibes; drums; piano; bass; trombone; tenor saxophone; trumpet; vocals; guitar; flute; violin,"Feather, Leonard (critic);","23""x36.5"" promotional poster",Jazz Festival Office,,,Lionel Hampton International Jazz Festival Collection,University of Idaho Special Collections and Archives,Lionel Hampton International Jazz Festival Collection,lhijf1993,"Educational use includes non-commercial use of text and images in materials for teaching and research purposes. Digital reproduction rights granted by the University of Idaho Library. For other uses beyond free use, please contact University of Idaho Library Special Collections and Archives Department.",http://rightsstatements.org/vocab/InC-EDU/1.0/,poster,Image;StillImage,image/jpeg,eng,http://cdm17254.contentdm.oclc.org/cdm/ref/collection/jazzfest/id/34,34,54.jp2,/jazzfest/image/54.jp2,jazzfest34,
41st Annual Lionel Hampton International Jazz Festival Poster [2],2008,"Weinstein, Aaron; Hamilton, Jeff; Washington, Peter; Charlap, Bill; Dechter, Graham; Gordon, Wycliffe; Polcer, Ed; Person, Houston; Dr. John; Hashimoto, Atsuko; Holloway, Red; Daniels, Dee; Gazarek, Sara; Fuller, Curtis; Porter, Ryan; Jones, Hank; Clayton, Gerald; Eigsti, Taylor; Hutcherson, Bobby; Wolf, Warren; Hendricks, Jon; Vasandani, Sachal; Fuller, Tia; Kelly, Grace; Carter, Regina; Gambarini, Roberta; Hendelman, Tamir; Hargrove, Roy; The Clayton-Hamilton Jazz Orchestra; Lionel Hampton Big Band; Mahogany, Kevin; Morfin, Isaiah; Mikami, Kuni; Fabian, Christian (Fabian Bausch); Watson, Wally ""Gator""; Open World Russian Jazz All Stars; Chernakova, Darya; Ivanov, Aleksandr; Sidorenko, Nikolay; Sokolov, Roman",saxophone; piano; drums; bass; vocals; flute; vibes; marimba; organ; trumpet; trombone; guitar; violin,,"17""x24.5"" promotional poster",Jazz Festival Office,,,Lionel Hampton International Jazz Festival Collection,University of Idaho Special Collections and Archives,Lionel Hampton International Jazz Festival Collection,lhijf2008b,"Educational use includes non-commercial use of text and images in materials for teaching and research purposes. Digital reproduction rights granted by the University of Idaho Library. For other uses beyond free use, please contact University of Idaho Library Special Collections and Archives Department.",http://rightsstatements.org/vocab/InC-EDU/1.0/,poster,Image;StillImage,image/jpeg,eng,http://cdm17254.contentdm.oclc.org/cdm/ref/collection/jazzfest/id/35,35,26.jp2,/jazzfest/image/26.jp2,jazzfest35,
44th Annual Lionel Hampton Jazz Festival Poster [2],2011,"Wade, Charenee; Nelson, Josh; Kanner, Kevin; Conley, Shawn; Dechter, Graham; Heath, Jimmy; Stafford, Terell; Hashimoto, Atsuko; Hamilton, Jeff; Yanofsky, Nikki; Charlap, Bill; Rosnes, Renee; Wooten, Victor; Manhattan Transfer; Lionel Hampton New York Big Band; Bradford, Carmen; Shaughnessy, Ed; Christlieb, Pete; Clayton, John",bass; saxophone; drums; vocals; guitar; piano; organ; trumpet,,"12""x24"" limited edition poster, signed by John Clayton",,,,Lionel Hampton International Jazz Festival Collection,University of Idaho Special Collections and Archives,Lionel Hampton International Jazz Festival Collection,lhijf2011b,"Educational use includes non-commercial use of text and images in materials for teaching and research purposes. Digital reproduction rights granted by the University of Idaho Library. For other uses beyond free use, please contact University of Idaho Library Special Collections and Archives Department.",http://rightsstatements.org/vocab/InC-EDU/1.0/,poster,Image;StillImage,image/jpeg,eng,http://cdm17254.contentdm.oclc.org/cdm/ref/collection/jazzfest/id/36,36,32.jp2,/jazzfest/image/32.jp2,jazzfest36,
12th University of Idaho Jazz Festival Poster,1979,"Gary Burton Jazz Quartet; Burton, Gary; Akiyoshi, Toshiko; Barduhn, Dave; Lowe, Mundell; Tabackin, Lew",flute; saxophone; guitar; piano,,"11""x17"" promotional poster",,,,Lionel Hampton International Jazz Festival Collection,University of Idaho Special Collections and Archives,Lionel Hampton International Jazz Festival Collection,lhijf1979,"Educational use includes non-commercial use of text and images in materials for teaching and research purposes. Digital reproduction rights granted by the University of Idaho Library. For other uses beyond free use, please contact University of Idaho Library Special Collections and Archives Department.",http://rightsstatements.org/vocab/InC-EDU/1.0/,poster,Image;StillImage,image/jpeg,eng,http://cdm17254.contentdm.oclc.org/cdm/ref/collection/jazzfest/id/37,37,36.jp2,/jazzfest/image/36.jp2,jazzfest37,
17th Annual University of Idaho Jazz Festival Poster,1984,"Free Flight; Walker, Jim; Leviev, Milcho; Lacefield, Jim; Humphrey, Ralph; Hampton, Lionel; Perkins, Bill; Reeves, Dianne; Vaughan, Sarah",vocals; saxophone; vibes; flute; keyboards; bass; percussion,,"19""x12.75"" promotional poster",,,,Lionel Hampton International Jazz Festival Collection,University of Idaho Special Collections and Archives,Lionel Hampton International Jazz Festival Collection,lhijf1984,"Educational use includes non-commercial use of text and images in materials for teaching and research purposes. Digital reproduction rights granted by the University of Idaho Library. For other uses beyond free use, please contact University of Idaho Library Special Collections and Archives Department.",http://rightsstatements.org/vocab/InC-EDU/1.0/,poster,Image;StillImage,image/jpeg,eng,http://cdm17254.contentdm.oclc.org/cdm/ref/collection/jazzfest/id/38,38,50.jp2,/jazzfest/image/50.jp2,jazzfest38,
16th Annual University of Idaho Jazz Festival Poster,1983,"McFerrin, Bobby; Dianne Reeves Quartet; The Four Freshman; Shew, Bobby; Severinsen, Doc; Xebron",vocals; trumpet,,"14""x20"" promotional poster",,,,Lionel Hampton International Jazz Festival Collection,University of Idaho Special Collections and Archives,Lionel Hampton International Jazz Festival Collection,lhijf1983,"Educational use includes non-commercial use of text and images in materials for teaching and research purposes. Digital reproduction rights granted by the University of Idaho Library. For other uses beyond free use, please contact University of Idaho Library Special Collections and Archives Department.",http://rightsstatements.org/vocab/InC-EDU/1.0/,poster,Image;StillImage,image/jpeg,eng,http://cdm17254.contentdm.oclc.org/cdm/ref/collection/jazzfest/id/39,39,9.jp2,/jazzfest/image/9.jp2,jazzfest39,
Jazz in Schools Poster,2002,,,,"17""x22"" program poster",Jazz Festival Office,,,Lionel Hampton International Jazz Festival Collection,University of Idaho Special Collections and Archives,Lionel Hampton International Jazz Festival Collection,lhijf2002a,"Educational use includes non-commercial use of text and images in materials for teaching and research purposes. Digital reproduction rights granted by the University of Idaho Library. For other uses beyond free use, please contact University of Idaho Library Special Collections and Archives Department.",http://rightsstatements.org/vocab/InC-EDU/1.0/,poster,Image;StillImage,image/jpeg,eng,http://cdm17254.contentdm.oclc.org/cdm/ref/collection/jazzfest/id/40,40,39.jp2,/jazzfest/image/39.jp2,jazzfest40,
52nd Annual Lionel Hampton Jazz Festival Poster,2019,"Clement, Dawn; McKee, Paul; Vanguard Jazz Orchestra; Oatts, Dick; Drewes, Billy; Perry, Rich; Lalama, Ralph; Lee, Josh; Marchione, Nick; Chudoba, John; Stafford, Terell; Wendholt, Scott; Jackson, Jason; Patterson, Mark; Tucker, Dion; Purviance, Douglas; Birnbaum, Adam; Wong, David; Riley, John; New Lionel Hampton Big Band; Gross, Mark; Bryant, Lance; Stewart, James; Martinez, Anibal; Cutro, Vinnie; Trowers, Robert; Mikami, Kuni; Fabian, Christian (aka Fabian Bausch); Gibson, David F.; Doubleday, Joseph; Bennett, Antonia",vocals; vibes; drums; bass; piano; trombone; trumpet; saxophone,,"18""x24.25"" limited edition poster","Spence, Abigail",,,Lionel Hampton International Jazz Festival Collection,University of Idaho Special Collections and Archives,Lionel Hampton International Jazz Festival Collection,lhijf2019,"Educational use includes non-commercial use of text and images in materials for teaching and research purposes. Digital reproduction rights granted by the University of Idaho Library. For other uses beyond free use, please contact University of Idaho Library Special Collections and Archives Department.",http://rightsstatements.org/vocab/InC-EDU/1.0/,poster,Image;StillImage,image/jpeg,eng,http://cdm17254.contentdm.oclc.org/cdm/ref/collection/jazzfest/id/41,41,45.jp2,/jazzfest/image/45.jp2,jazzfest41,
37th Annual Lionel Hampton Jazz Festival Poster,2004,"Fabian, Christian (aka Fabian Bausch); Mikami, Kuni; Stowell, John; Watson, Wally ""Gator""; Hampton, Slide; D'Rivera, Paquito; Freddy Cole Quartet; Cole, Freddy; Boyd, Curtis; Byrd, Gerald; Pride, Zackery; Roditi, Claudio; Clayton, John; Green, Benny; Hamilton, Jeff; Malone, Russell; Watrous, Bill; Feather, Lorraine; Berg, Shelly; Izmailov, Enver; Djangirov, Eldar; Roy Hargrove Quintet; Hargrove, Roy; Bruno, Dwayne; Jones, Willie, III; Matthews, Ron; Robinson, Justin; DeFrancesco, Joey; Person, Houston; Friesen, David; Hahn, Jerry; Ennis, Ethel; Lynch, Bryan; Gambarini, Roberta; Abate, Greg; Martinez, Jim; Monheit, Jane; Frahm, Joel; Kanan, Michael; Montalbano, Rich; Martin, Joe; Candoli, Pete; Christlieb, Pete; Butman, Igor; Daniels, Dee; Jarvis, Jane; Welsman, Carol; Hendelman, Tamir; Findley, Chuck; Lionel Hampton New York Big Band; Barrero, Tony; Bryant, Lance; Gemberling, Al; Guyton, Cleave, Jr.; Magowan, Mark; Martinez, Anibal; McCurdy, Robert; Schumacher, David; Simon, John; Stephens, Charles; Trowers, Robert; Weldon, Gerald; Stripling, Byron; The Four Freshman; Ferreira, Bob; Johnson, Vince; Eichenberger, Brian; Calderon, Curtis; White, Evelyn",vocals; bass; tenor saxophone; drums; trombone; alto saxophone; baritone saxophone; piano; trumpet; saxophone; guitar; organ; tap guitar; clarinet,"Wicks, Virginia (publicist);Luker, John (photographer);Deffaa, Chip (critic);Elwood, Phil (critic);Mosley, Eugene (artist)","20""x34"" promotional poster",Jazz Festival Office,,,Lionel Hampton International Jazz Festival Collection,University of Idaho Special Collections and Archives,Lionel Hampton International Jazz Festival Collection,lhijf2004,"Educational use includes non-commercial use of text and images in materials for teaching and research purposes. Digital reproduction rights granted by the University of Idaho Library. For other uses beyond free use, please contact University of Idaho Library Special Collections and Archives Department.",http://rightsstatements.org/vocab/InC-EDU/1.0/,poster,Image;StillImage,image/jpeg,eng,http://cdm17254.contentdm.oclc.org/cdm/ref/collection/jazzfest/id/42,42,4.jp2,/jazzfest/image/4.jp2,jazzfest42,
39th Annual Lionel Hampton International Jazz Festival Poster [2],2006,"Fabian, Christian (aka Fabian Bausch); Mikami, Kuni; Watson, Wally ""Gator""; Stowell, John; Jones, Hank; D'Rivera, Paquito; Freddy Cole Quartet; Cole, Freddy; Byrd, Jerry; Boyd, Curtis; Pride, Zackery; Green, Benny; Malone, Russell; Hamilton, Jeff; Clayton, John; Stripling, Byron; Claudio Roditi Quintet; Saarsalu, Lembit; Vintskevich, Leonid; Ashby, Jay; Izmailov, Enver; Person, Houston; Roy Hargrove Quintet; Hargrove, Roy; Burno, Dwayne; Jones, Willie, III; Matthews, Ron; Robinson, Justin; Jeff Hamilton Trio; Hendelman, Tamir; Luty, Christoph; Gamarini, Roberta; Hofman, Holly; DeRose, Dena; Martinez, Jim; Moody, James; Hampton, Slide; Morrison, James; The Four Freshman; Ferreira, Bob; Johnson, Vince; Eichenberger, Brian; Calderon, Curtis; Daniels, Dee; Jones, Jack; Feather, Lorraine; Berg, Shelly; Djangirov, Eldar; Hurst, Robert; Korb, Kristin; Vintskevich, Nik",saxophone; bass; vocals; piano; trumpet; trombone; flute; drums; guitar; clarinet,"Wicks, Virginia (publicist);Deffaa, Chip (critic);","20""x34"" promotional poster",Jazz Festival Office,,,Lionel Hampton International Jazz Festival Collection,University of Idaho Special Collections and Archives,Lionel Hampton International Jazz Festival Collection,lhijf2006c,"Educational use includes non-commercial use of text and images in materials for teaching and research purposes. Digital reproduction rights granted by the University of Idaho Library. For other uses beyond free use, please contact University of Idaho Library Special Collections and Archives Department.",http://rightsstatements.org/vocab/InC-EDU/1.0/,poster,Image;StillImage,image/jpeg,eng,http://cdm17254.contentdm.oclc.org/cdm/ref/collection/jazzfest/id/43,43,41.jp2,/jazzfest/image/41.jp2,jazzfest43,
42nd Annual Lionel Hampton International Jazz Festival Poster [2],2009,"Faddis, John; Stripling, Byron; Akinmusire, Ambrose; Moody, James; Ryan, Jackie; Jose Rizo's ""Jazz on the Latin Side All Stars""; Almario, Justo; Smith, Marvin ""Smitty""; Lozano, Danilo; Aguabella, Francisco; Sanchez, Poncho; Acuna, Alex; Crespo, Freddie; Torres, Francisco; Camacho, Rene; Watson, Bijon; Cracchiolo, Sal; Incelli, Robert; Martin, Scott; Castellanos, Gilbert; Jorgensen, Eric; Branly, Jimmy; Rotondi, Joe; Gonzalez, Luis Eric; Roditi, Claudio; Alexander, Monty; Barron, Kenny; Trio da Paz; Lubambo, Romero; Matta, Nilson; da Fonseca, Duduka; Drummond, Anne; Wilson, Anthony; Pinheiro, Chico; McFerrin, Bobby; Clayton, John; Hamilton, Jeff; Djangirov, Eldar; Parlato, Gretchen; Lionel Hampton Big Band; Locke, Joe; Nemr, Andrew J.; Green, Benny; Dechter, Graham; Keller, Paul; Cameron, Clayton; Open World Russian Jazz All Stars; Kozhayev, Anatoliy; Kulikov, Nikoley; Sekachev, Roman; Sultanyan, Armen; Rizo, Jose",drums; baritone saxophone; guitar; bass; piano; vibes; vocals; flute; trumpet; timbales; trombone; alto saxophone; congas; tenor saxophone,,"17""x24.5"" promotional poster",Jazz Festival Office,,,Lionel Hampton International Jazz Festival Collection,University of Idaho Special Collections and Archives,Lionel Hampton International Jazz Festival Collection,lhijf2009b,"Educational use includes non-commercial use of text and images in materials for teaching and research purposes. Digital reproduction rights granted by the University of Idaho Library. For other uses beyond free use, please contact University of Idaho Library Special Collections and Archives Department.",http://rightsstatements.org/vocab/InC-EDU/1.0/,poster,Image;StillImage,image/jpeg,eng,http://cdm17254.contentdm.oclc.org/cdm/ref/collection/jazzfest/id/44,44,43.jp2,/jazzfest/image/43.jp2,jazzfest44,
46th Annual Lionel Hampton Jazz Festival Poster,2013,"Stripling, Byron; Conley, Shawn; Nelson, Josh; Forman, Bruce; Kanner, Kevin; Trio Da Paz; Lubambo, Romero; Matta, Nilson; da Fonseca, Duduka; Daniels, Dee; Hersch, Fred; Take 6; Caswell, Sara; Carter, Regina; Weinstein, Aaron; Jeff Hamilton Trio; Hamilton, Jeff; Hendelman, Tamir; Luty, Christoph; Lionel Hampton Youth Jazz Orchestra; Oosterhuis, Traincha; Wolf, Warren; Parker, Maceo",saxophone; vibes; vocals; bass; piano; drums; violin; guitar; trumpet,,"25""x13.25"" promotional poster",Jazz Festival Office,,,Lionel Hampton International Jazz Festival Collection,University of Idaho Special Collections and Archives,Lionel Hampton International Jazz Festival Collection,lhijf2013,"Educational use includes non-commercial use of text and images in materials for teaching and research purposes. Digital reproduction rights granted by the University of Idaho Library. For other uses beyond free use, please contact University of Idaho Library Special Collections and Archives Department.",http://rightsstatements.org/vocab/InC-EDU/1.0/,poster,Image;StillImage,image/jpeg,eng,http://cdm17254.contentdm.oclc.org/cdm/ref/collection/jazzfest/id/45,45,22.jp2,/jazzfest/image/22.jp2,jazzfest45,
38th Annual Lionel Hampton Jazz Festival Poster [2],2005,"Fabian, Christian (aka Fabian Bausch); Mikami, Kuni; Watson, Wally ""Gator""; Stowell, John; Cole, Freddy; Alexander, Monty; Green, Benny; Malone, Russell; Hamilton, Jeff; Clayton, John; Brecker, Randy; Roditi, Claudio; Stafford, Terell; Findley, Chuck; McCurdy, Bob; The Four Freshman; Ferreira, Bob; Johnson, Vince; Eichenberger, Brian; Calderon, Curtis; Saarsalu, Lembit; Vintskevich, Leonid; Izmailov, Enver; Pizzarelli, John; Pizzarelli, Bucky; Gambarini, Roberta; Hendelman, Tamir; Peplowski, Ken; Person, Houston; White, Evelyn; Christiansen, Corey; Martinez, Jim; Rawls, Lou; Monheit, Jane; Daniels, Dee; Butman, Igor; Watrous, Bill; Daversa, Jay; Hofmann, Holly; Lionel Hampton New York Big Band; Barrero, Tony; Gemberling, Al; Guyton, Cleave, Jr.; McDonald, Marshall; Martinez, Anibal; McGowan, Mark; Miller, Doug; Simon, John; Stephens, Charles; Trowers, Robert; Hargrove, Roy; Morrison, James; Feather, Lorraine",vocals; trumpet; trombone; drums; alto saxophone; tenor saxophone; piano; bass; flute; saxophone; guitar; clarinet,"Wicks, Virginia (publicist);Deffaa, Chip (critic);Elwood, Phil (critic)","20""x34"" promotional poster",Jazz Festival Office,,,Lionel Hampton International Jazz Festival Collection,University of Idaho Special Collections and Archives,Lionel Hampton International Jazz Festival Collection,lhijf2005b,"Educational use includes non-commercial use of text and images in materials for teaching and research purposes. Digital reproduction rights granted by the University of Idaho Library. For other uses beyond free use, please contact University of Idaho Library Special Collections and Archives Department.",http://rightsstatements.org/vocab/InC-EDU/1.0/,poster,Image;StillImage,image/jpeg,eng,http://cdm17254.contentdm.oclc.org/cdm/ref/collection/jazzfest/id/46,46,10.jp2,/jazzfest/image/10.jp2,jazzfest46,
20th Annual Lionel Hampton-Chevron Jazz Festival Poster,1987,"Hampton, Lionel; Reeves, Dianne; Brown, Ray; Terry, Clark; Grey, Al; Williams, Joe; Roker, Mickey; Moody, James; Turrentine, Stanley; Fontana, Carl; Powell, Benny; Soph, Ed",vibes; vocals; bass; trumpet; trombone; drums; saxophone,,"18""x24"" promotional poster",,,,Lionel Hampton International Jazz Festival Collection,University of Idaho Special Collections and Archives,Lionel Hampton International Jazz Festival Collection,lhijf1987,"Educational use includes non-commercial use of text and images in materials for teaching and research purposes. Digital reproduction rights granted by the University of Idaho Library. For other uses beyond free use, please contact University of Idaho Library Special Collections and Archives Department.",http://rightsstatements.org/vocab/InC-EDU/1.0/,poster,Image;StillImage,image/jpeg,eng,http://cdm17254.contentdm.oclc.org/cdm/ref/collection/jazzfest/id/47,47,29.jp2,/jazzfest/image/29.jp2,jazzfest47,
Gerry Mulligan Drawings and Lyrics Exhibit Poster,2006,,,,"34""x36"" exhibit poster, the exhibit was hosted at the Prichard Art Gallery",Jazz Festival Office,,,Lionel Hampton International Jazz Festival Collection,University of Idaho Special Collections and Archives,Lionel Hampton International Jazz Festival Collection,lhijf2006a,"Educational use includes non-commercial use of text and images in materials for teaching and research purposes. Digital reproduction rights granted by the University of Idaho Library. For other uses beyond free use, please contact University of Idaho Library Special Collections and Archives Department.",http://rightsstatements.org/vocab/InC-EDU/1.0/,poster,Image;StillImage,image/jpeg,eng,http://cdm17254.contentdm.oclc.org/cdm/ref/collection/jazzfest/id/48,48,1.jp2,/jazzfest/image/1.jp2,jazzfest48,
35th Annual Lionel Hampton Jazz Festival Poster,2002,"Ohta, Herb; Mikami, Kuni; Fabian, Christian (aka Fabian Bausch); Watson, Wally ""Gator""; Hampton, Lionel; Rawls, Lou; Miller, Mulgrew; Pizzarelli, John ""Bucky""; Clayton, John; Lewis Nash Quintet; Nash, Lewis, Greene, Jimmy; Nelson, Steve; Washington, Peter; Carpenter, Dave; ManSound; Mikhnovetsky, Vladimir; Sukhin, Vladimir; Trach, Vladimir; Ponah, Constatin; Rubel, Vyacheslaw; Tolmatchev, Ruben; Goloshokin, David; Cornelious, Eve; Crawford, Chip; Stowell, John; Wagner, Walt; White, Evelyn; Jeun, Alex; Leong, Dana; Djangirov, Eldar; Hampton, Slide; Ashby, Jay; Roditi, Claudio; Terry, Clark; Ray Brown Trio; Brown, Ray; Riggins, Karriem; Fuller, Larry; Roy Hargrove Quintet; Hargrove, Roy; Bruno, Dwayne; Jones, Willie, III; Lewis, Eric; Robinson, Justin; Newman, David ""Fathead""; Eubanks, Robin; Daniels, Dee; Jarvis, Jane; Gamborini, Roberta; Ronnie Cuber and the Baritone Saxophone Band; Cuber, Ronnie; Johnson, Howard; Daly, Claire; Monheit, Jane; Freddy Cole Quartet; Cole, Freddy; Boyd, Curtis; Byrd, Gerald; Pride, Zackery; Bud Shank Sextet and Guests; Shank, Bud; Watrous, Bill; Candoli, Pete; Butman, Igor; Parks, Aaron; Ennis, Ethel; Cook, Carla; Bryant, Lance; Martinez, Jim",piano; saxophone; vocals; trumpet; trombone; guitar; bass; drums; baritone saxophone; tenor saxophone; violin; vibes; ukulele,"Wicks, Virginia (publicist);Deffaa, Chip (critic);Elwood, Phil (critic)","32""x25"" promotional poster",Jazz Festival Office,,,Lionel Hampton International Jazz Festival Collection,University of Idaho Special Collections and Archives,Lionel Hampton International Jazz Festival Collection,lhijf2002,"Educational use includes non-commercial use of text and images in materials for teaching and research purposes. Digital reproduction rights granted by the University of Idaho Library. For other uses beyond free use, please contact University of Idaho Library Special Collections and Archives Department.",http://rightsstatements.org/vocab/InC-EDU/1.0/,poster,Image;StillImage,image/jpeg,eng,http://cdm17254.contentdm.oclc.org/cdm/ref/collection/jazzfest/id/49,49,49.jp2,/jazzfest/image/49.jp2,jazzfest49,
32nd Annual Lionel Hampton Jazz Festival Poster,1999,"Hampton, Lionel; Jones, Hank; Ellis, Herb; Nash, Lewis; Bromberg, Brian; Roditi, Claudio; Tate, Grady; Debriano, Santi; Charlap, Bill; Ashby, Jay; Saarsalu, Lembit; Vintskevich, Leonid; Mikami, Kuni; Watson, Wally ""Gator""; Bryant, Lance; Fabian, Christian (aka Fabian Bausch); White, Evelyn; Contreras, Billy; Ray Brown Trio; Brown, Ray; Riggens, Karriem; Keezer, Geoff; Lovano, Joe; Cole, Freddy; McBride, Christian; Hargrove, Roy; Walton, Cedar; Grey, Al; Watrous, Bill; Andrews, Ernie; Martinez, Jim; Krall, Diana; Malone, Russell; Wolfe, Ben; Rawls, Lou; Terry, Clark; Shank, Bud; Cuber, Ronnie; Friesen, David; LaVerne, Andy; Daniels, Dee; Butman, Igor",saxophone; vocals; piano; bass; trumpet; guitar; trombone; tenor saxophone; drums; violin; vibes,"Wicks, Virginia (publicist);Elwood, Phil (critic);Deffaa, Chip (critic);","20""x34"" promotional poster",Jazz Festival Office,,,Lionel Hampton International Jazz Festival Collection,University of Idaho Special Collections and Archives,Lionel Hampton International Jazz Festival Collection,lhijf1999,"Educational use includes non-commercial use of text and images in materials for teaching and research purposes. Digital reproduction rights granted by the University of Idaho Library. For other uses beyond free use, please contact University of Idaho Library Special Collections and Archives Department.",http://rightsstatements.org/vocab/InC-EDU/1.0/,poster,Image;StillImage,image/jpeg,eng,http://cdm17254.contentdm.oclc.org/cdm/ref/collection/jazzfest/id/50,50,38.jp2,/jazzfest/image/38.jp2,jazzfest50,
15th Annual University of Idaho Jazz Festival Poster [3],1982,"Childers, Buddy; Fitzgerald, Ella; McClure, Barney; Shaw, Kirby; Stentz, Jan; George Shearing and Brian Torff Duo",trumpet; vocals; piano; bass,,"11""x17"" promotional poster",,,,Lionel Hampton International Jazz Festival Collection,University of Idaho Special Collections and Archives,Lionel Hampton International Jazz Festival Collection,lhijf1982c,"Educational use includes non-commercial use of text and images in materials for teaching and research purposes. Digital reproduction rights granted by the University of Idaho Library. For other uses beyond free use, please contact University of Idaho Library Special Collections and Archives Department.",http://rightsstatements.org/vocab/InC-EDU/1.0/,poster,Image;StillImage,image/jpeg,eng,http://cdm17254.contentdm.oclc.org/cdm/ref/collection/jazzfest/id/51,51,33.jp2,/jazzfest/image/33.jp2,jazzfest51,
43rd Annual Lionel Hampton International Jazz Festival Poster [1],2010,"Brown, Justin; Chahley, Brian; Clayton, Gerald; Dechter, Graham; Green, Tim; Hoffman, Alex; Kanner, Kevin; Nelson, Josh; Porter, Ryan; Sanders, Joe; Willis, Ben; Clayton, Jeff; Calvaire, Obed; Fuller, Larry; Pizzarelli, Bucky; Pizzarelli, John; Pizzarelli, Martin; Stafford, Terell; Tedesco, Tony; Clayton, John; Chestnut, Cyrus; Daniels, Dee; Mahal, Taj; Hamilton, Scott; Morrison, James; Peplowski, Ken; Redd, Chuck",drums; vibes; clarinet; trumpet; saxophone; guitar; vocals; piano; bass; trombone,,"18""x24"" limited edition poster, number 75/150","Francetich, Omni",,,Lionel Hampton International Jazz Festival Collection,University of Idaho Special Collections and Archives,Lionel Hampton International Jazz Festival Collection,lhijf2010a,"Educational use includes non-commercial use of text and images in materials for teaching and research purposes. Digital reproduction rights granted by the University of Idaho Library. For other uses beyond free use, please contact University of Idaho Library Special Collections and Archives Department.",http://rightsstatements.org/vocab/InC-EDU/1.0/,poster,Image;StillImage,image/jpeg,eng,http://cdm17254.contentdm.oclc.org/cdm/ref/collection/jazzfest/id/52,52,31.jp2,/jazzfest/image/31.jp2,jazzfest52,
39th Annual Lionel Hampton International Jazz Festival Poster [1],2006,"Fabian, Christian (aka Fabian Bausch); Mikami, Kuni; Watson, Wally ""Gator""; Stowell, John; Jones, Hank; D'Rivera, Paquito; Freddy Cole Quartet; Cole, Freddy; Byrd, Jerry; Boyd, Curtis; Pride, Zackery; Green, Benny; Malone, Russell; Hamilton, Jeff; Clayton, John; Stripling, Byron; Claudio Roditi Quintet; Saarsalu, Lembit; Vintskevich, Leonid; Ashby, Jay; Izmailov, Enver; Person, Houston; Roy Hargrove Quintet; Hargrove, Roy; Burno, Dwayne; Jones, Willie, III; Matthews, Ron; Robinson, Justin; Jeff Hamilton Trio; Hendelman, Tamir; Luty, Christoph; Gamarini, Roberta; Hofman, Holly; DeRose, Dena; Martinez, Jim; Moody, James; Hampton, Slide; Morrison, James; The Four Freshman; Ferreira, Bob; Johnson, Vince; Eichenberger, Brian; Calderon, Curtis; Daniels, Dee; Jones, Jack; Feather, Lorraine; Berg, Shelly; Djangirov, Eldar; Hurst, Robert; Korb, Kristin; Vintskevich, Nik",saxophone; bass; vocals; piano; trumpet; trombone; flute; drums; guitar; clarinet,"Wicks, Virginia (publicist);Deffaa, Chip (critic);","18""x24"" limited edition poster, number 113/150",,,,Lionel Hampton International Jazz Festival Collection,University of Idaho Special Collections and Archives,Lionel Hampton International Jazz Festival Collection,lhijf2006b,"Educational use includes non-commercial use of text and images in materials for teaching and research purposes. Digital reproduction rights granted by the University of Idaho Library. For other uses beyond free use, please contact University of Idaho Library Special Collections and Archives Department.",http://rightsstatements.org/vocab/InC-EDU/1.0/,poster,Image;StillImage,image/jpeg,eng,http://cdm17254.contentdm.oclc.org/cdm/ref/collection/jazzfest/id/53,53,53.jp2,/jazzfest/image/53.jp2,jazzfest53,
29th Annual Lionel Hampton Jazz Festival Poster,1996,"Hampton, Lionel; Ray Brown Trio; Brown, Ray; Green, Benny; Hutchinson, Greg; Jones, Elvin; Jones, Hank; Ellis, Herb; Jones, Oliver; Thielemans, Toots; Bromberg, Brian; Mikami, Kuni; Friesen, David; Abate, Greg; Krall, Diana; Butman, Igor; Fabian, Christian, Fabian (aka Fabian Bausch); Farmer, Shirley Stewart; Pizzarelli, John ""Bucky""; Lovano, Joe; Ennis, Ethel; Gene Harris Quartet; Harris, Gene; Eschete, Ron; Humphrey, Paul; Hughes, Luther; Hargrove, Roy; Sanchez, David; Daniels, Dee; Margolis, Kitty; Dorsey, Leon; Watson, Wally ""Gator""; Horn, Shirley; Abeles, Charles; Williams, Steve; Puente, Tito; D'Rivera, Paquito; Roditi, Claudio; Hampton, Slide; Grey, Al; Roney, Wallace; Watrous, Bill; Jarvis, Jane; Reeves, Dianne; Friesen, David; LaVerne,Andy; Martinez, Jim; Stowell, John; Bryant, Lance; Elwood, Philip F.",saxophone; guitar; piano; vocals; trombone; trumpet; clarinet; percussion; drums; bass; tenor saxophone; alto saxophone; harmonica; vibes,"Wicks, Virginia (publicist);Elwood, Phil (critic);Deffaa, Chip (critic);","20""x36"" promotional poster",Jazz Festival Office,,,Lionel Hampton International Jazz Festival Collection,University of Idaho Special Collections and Archives,Lionel Hampton International Jazz Festival Collection,lhijf1996,"Educational use includes non-commercial use of text and images in materials for teaching and research purposes. Digital reproduction rights granted by the University of Idaho Library. For other uses beyond free use, please contact University of Idaho Library Special Collections and Archives Department.",http://rightsstatements.org/vocab/InC-EDU/1.0/,poster,Image;StillImage,image/jpeg,eng,http://cdm17254.contentdm.oclc.org/cdm/ref/collection/jazzfest/id/54,54,47.jp2,/jazzfest/image/47.jp2,jazzfest54,
"Lynn ""Doc"" Skinner Interview 1",2020-12-07,,,,"University of Idaho graduate student Spencer Manning interviews Lynn ""Doc"" Skinner about the history of the University of Idaho's Lionel Hampton Jazz Festival and Skinner's friendship with Hampton.","Manning, Spencer","Skinner, Lynn ""Doc""","Haddock Performance Hall, Lionel Hampton School of Music, University of Idaho, Moscow, Idaho",Lionel Hampton International Jazz Festival Collection,University of Idaho Special Collections and Archives,Lionel Hampton International Jazz Festival Collection,lhijf_interview2020a,"Educational use includes non-commercial use of text and images in materials for teaching and research purposes. Digital reproduction rights granted by the University of Idaho Library. For other uses beyond free use, please contact University of Idaho Library Special Collections and Archives Department.",http://rightsstatements.org/vocab/InC-EDU/1.0/,video,Image;MovingImage,video/mp4,eng,,,,,jazzfest55,QAGc-X5aV3k
"Lynn ""Doc"" Skinner Interview 2",2020-12-10,,,,"University of Idaho graduate student Spencer Manning interviews Lynn ""Doc"" Skinner about the history of the University of Idaho's Lionel Hampton Jazz Festival and Skinner's friendship with Hampton.","Manning, Spencer","Skinner, Lynn ""Doc""","Lionel Hampton Jazz Festival Office, Class Annex Building, University of Idaho, Moscow, Idaho",Lionel Hampton International Jazz Festival Collection,University of Idaho Special Collections and Archives,Lionel Hampton International Jazz Festival Collection,lhijf_interview2020b,"Educational use includes non-commercial use of text and images in materials for teaching and research purposes. Digital reproduction rights granted by the University of Idaho Library. For other uses beyond free use, please contact University of Idaho Library Special Collections and Archives Department.",http://rightsstatements.org/vocab/InC-EDU/1.0/,video,Image;MovingImage,video/mp4,eng,,,,,jazzfest56,-Yy7DRjLU4w