title,creator,description,date,date is approximate?,source,finding_aid,subject,category,coverage,rights,rightsstatement,language,digitization specifications,date digital,identifier,contributing institution,relation,collection-incorrect,type,media type,format,date created,date modified,cdm_url,cdmid,contentdm file name,contentdm file path,objectid,collectionid
Eleanor Roosevelt Plants Tree,,Eleanor Roosevelt (left) planting a tree during her visit in 1938.,1938,,"PG 3, University of Idaho Portrait Collection, 1885-1981, University of Idaho Library Special Collections and Archives",https://archiveswest.orbiscascade.org/ark:80444/xv428765,"Roosevelt, Anna Eleanor; trees; military; women; campus",Photographic prints,United States--Idaho--Latah County--Moscow,"Educational use includes non-commercial use of text and images in materials for teaching and research purposes. Digital reproduction rights granted by University of Idaho Library. For other uses beyond educational use, please contact University of Idaho Library Special Collections and Archives Department at libspec@uidaho.edu.",http://rightsstatements.org/vocab/InC-EDU/1.0/,eng,300 dpi jpg displayed; Master file is a 400 dpi Tiff.,2010-06,3-36a,University of Idaho Library,"University of Idaho Library Digital Initiatives, http://www.lib.uidaho.edu/digital/",University of Idaho Student Organizations,Image;StillImage,Black and white prints,image/jpeg,2010-06-04,2014-04-17,http://digital.lib.uidaho.edu:80/cdm/ref/collection/spec_uihp/id/164,164,165.jpg,/spec_uihp/image/165.jpg,troosevelt001,spec_uihp
Eleanor Roosevelt at Press Conference,Hutchinson Studio,"Press Conference, 1938.  President Dale's home. Caption: Left to right: Victor Skiles, ?, ?, Mrs. F. D. Roosevelt.",1938,,"PG 3, University of Idaho Portrait Collection, 1885-1981, University of Idaho Library Special Collections and Archives",https://archiveswest.orbiscascade.org/ark:80444/xv428765,"Roosevelt, Anna Eleanor; Skiles, Victor; press conferences; women; reporters; campus;",Photographic prints,United States--Idaho--Latah County--Moscow,"Educational use includes non-commercial use of text and images in materials for teaching and research purposes. Digital reproduction rights granted by University of Idaho Library. For other uses beyond educational use, please contact University of Idaho Library Special Collections and Archives Department at libspec@uidaho.edu.",http://rightsstatements.org/vocab/InC-EDU/1.0/,eng,300 dpi jpg displayed; Master file is a 400 dpi Tiff.,2010-06,3-36n,University of Idaho Library,"University of Idaho Library Digital Initiatives, http://www.lib.uidaho.edu/digital/",University of Idaho Student Organizations,Image;StillImage,Black and white prints,image/jpeg,2010-06-04,2014-04-17,http://digital.lib.uidaho.edu:80/cdm/ref/collection/spec_uihp/id/165,165,166.jpg,/spec_uihp/image/166.jpg,troosevelt002,spec_uihp
Eleanor Roosevelt Touring U of I Campus,Hutchinson Studio,Eleanor Roosevelt and an unidentified woman ride in an automobile as they tour the University of Idaho Campus.,1938,,"PG 3, University of Idaho Portrait Collection, 1885-1981, University of Idaho Library Special Collections and Archives",https://archiveswest.orbiscascade.org/ark:80444/xv428765,"Roosevelt, Anna Eleanor; automobiles; women; campus;",Photographic prints,United States--Idaho--Latah County--Moscow,"Educational use includes non-commercial use of text and images in materials for teaching and research purposes. Digital reproduction rights granted by University of Idaho Library. For other uses beyond educational use, please contact University of Idaho Library Special Collections and Archives Department at libspec@uidaho.edu.",http://rightsstatements.org/vocab/InC-EDU/1.0/,eng,300 dpi jpg displayed; Master file is a 400 dpi Tiff.,2010-06,3-36i,University of Idaho Library,"University of Idaho Library Digital Initiatives, http://www.lib.uidaho.edu/digital/",University of Idaho Student Organizations,Image;StillImage,Black and white prints,image/jpeg,2010-06-04,2014-04-17,http://digital.lib.uidaho.edu:80/cdm/ref/collection/spec_uihp/id/168,168,169.jpg,/spec_uihp/image/169.jpg,troosevelt003,spec_uihp
Governor Hawley introducing Colonel Roosevelt at the University of Idaho,"Burns, Robert (Moscow, Idaho)","Former president, Colonel Theodore Roosevelt, sits on a platform in front of the University of Idaho Administration Building during his visit in 1911. Writing on image: 'Governor Hawley introducing Colonel Roosevelt at Moscow Ida. Copyright by Robert Burns 4-10-11. Platform made of wheat threshed with the Idaho National Harvester #4'.",1911-04-11,,"PG 6, Idaho photograph collection,1849-1983, University of Idaho Library Special Collections and Archives",https://archiveswest.orbiscascade.org/ark:80444/xv603274,"Roosevelt, Theodore; campus buildings; ",Photographic prints,United States--Idaho--Latah County--Moscow,"Material determined to be in Public Domain based on date of publication. Material made available by the University of Idaho Library. For more information, please contact University of Idaho Library Special Collections and Archives Department at libspec@uidaho.edu.",https://creativecommons.org/publicdomain/mark/1.0/,eng,"300 dpi  (displayed), Scanned from  black and white print. Master is a 800 dpi Tiff.",2011,6-0007-2,"University of Idaho Library Special Collections and Archives,<a href=""https://www.lib.uidaho.edu/special-collections/"" target=""_blank"" rel=""noopener"">https://www.lib.uidaho.edu/special-collections/</a> ","University of Idaho Library Digital Initiatives, http://www.lib.uidaho.edu/digital/",University of Idaho Historical Photographs - Theodore Roosevelt Collection http://contentdm.lib.uidaho.edu/cdm4/browse.php?CISOROOT=/spec_uihp,Image;StillImage,Black and White Photograph,image/jpeg,2011-03-03,2014-04-17,http://digital.lib.uidaho.edu:80/cdm/ref/collection/spec_uihp/id/391,391,401.jp2,/spec_uihp/image/401.jp2,troosevelt004,spec_uihp
"Colonel Roosevelt at Moscow, Idaho","Burns, Robert (Moscow, Idaho)",Theodore Roosevelt with a group of standing men. Roosevelt is wearing a top hat. To his left is University of Idaho president James MacLean. Writing on image: 'Colonel Roosevelt at Moscow Idaho 4-10-11 Burns photo #8.',1911-04-11,,"PG 6, Idaho photograph collection,1849-1983, University of Idaho Library Special Collections and Archives",https://archiveswest.orbiscascade.org/ark:80444/xv603274,"Roosevelt, Theodore; campus; ",Photographic prints,United States--Idaho--Latah County--Moscow,"Material determined to be in Public Domain based on date of publication. Material made available by the University of Idaho Library. For more information, please contact University of Idaho Library Special Collections and Archives Department at libspec@uidaho.edu.",https://creativecommons.org/publicdomain/mark/1.0/,eng,"300 dpi  (displayed), Scanned from  black and white print. Master is a 800 dpi Tiff.",2011,6-0007-1,"University of Idaho Library Special Collections and Archives,<a href=""https://www.lib.uidaho.edu/special-collections/"" target=""_blank"" rel=""noopener"">https://www.lib.uidaho.edu/special-collections/</a> ","University of Idaho Library Digital Initiatives, http://www.lib.uidaho.edu/digital/",University of Idaho Historical Photographs - Theodore Roosevelt Collection http://contentdm.lib.uidaho.edu/cdm4/browse.php?CISOROOT=/spec_uihp,Image;StillImage,Black and White Photograph,image/jpeg,2011-03-03,2014-04-17,http://digital.lib.uidaho.edu:80/cdm/ref/collection/spec_uihp/id/392,392,402.jp2,/spec_uihp/image/402.jp2,troosevelt005,spec_uihp
"Theodore Roosevelt Speaks at Moscow, Idaho","Burns, Robert (Moscow, Idaho)","Theodore Roosevelt, standing, speaks from a platform in front of University of Idaho Administration Building. Writing on image: 'Roosevelt at Moscow Idaho 4-10-11 Copyright by Robert Burns #5'.",1911-04-11,,"PG 6, Idaho photograph collection,1849-1983, University of Idaho Library Special Collections and Archives",https://archiveswest.orbiscascade.org/ark:80444/xv603274,"Roosevelt, Theodore; campus buildings; speeches;",Photographic prints,United States--Idaho--Latah County--Moscow,"Material determined to be in Public Domain based on date of publication. Material made available by the University of Idaho Library. For more information, please contact University of Idaho Library Special Collections and Archives Department at libspec@uidaho.edu.",https://creativecommons.org/publicdomain/mark/1.0/,eng,"300 dpi  (displayed), Scanned from  black and white print. Master is a 800 dpi Tiff.",2011,6-0007-3,"University of Idaho Library Special Collections and Archives,<a href=""https://www.lib.uidaho.edu/special-collections/"" target=""_blank"" rel=""noopener"">https://www.lib.uidaho.edu/special-collections/</a> ","University of Idaho Library Digital Initiatives, http://www.lib.uidaho.edu/digital/",University of Idaho Historical Photographs - Theodore Roosevelt Collection http://contentdm.lib.uidaho.edu/cdm4/browse.php?CISOROOT=/spec_uihp,Image;StillImage,Black and White Photograph,image/jpeg,2011-03-03,2014-04-17,http://digital.lib.uidaho.edu:80/cdm/ref/collection/spec_uihp/id/393,393,403.jp2,/spec_uihp/image/403.jp2,troosevelt006,spec_uihp
Roosevelt Speaks from Platform,"Burns, Robert (Moscow, Idaho)",Theodore Roosevelt speaks from a platform in front of University of Idaho Administration Building.,1911-04-11,,"PG 6, Idaho photograph collection,1849-1983, University of Idaho Library Special Collections and Archives",https://archiveswest.orbiscascade.org/ark:80444/xv603274,"Roosevelt, Theodore; campus buildings; speeches;",Photographic prints,United States--Idaho--Latah County--Moscow,"Material determined to be in Public Domain based on date of publication. Material made available by the University of Idaho Library. For more information, please contact University of Idaho Library Special Collections and Archives Department at libspec@uidaho.edu.",https://creativecommons.org/publicdomain/mark/1.0/,eng,"300 dpi  (displayed), Scanned from  black and white print. Master is a 800 dpi Tiff.",2011,6-0007-4,"University of Idaho Library Special Collections and Archives,<a href=""https://www.lib.uidaho.edu/special-collections/"" target=""_blank"" rel=""noopener"">https://www.lib.uidaho.edu/special-collections/</a> ","University of Idaho Library Digital Initiatives, http://www.lib.uidaho.edu/digital/",University of Idaho Historical Photographs - Theodore Roosevelt Collection http://contentdm.lib.uidaho.edu/cdm4/browse.php?CISOROOT=/spec_uihp,Image;StillImage,Black and White Photograph,image/jpeg,2011-03-03,2014-04-17,http://digital.lib.uidaho.edu:80/cdm/ref/collection/spec_uihp/id/394,394,404.jp2,/spec_uihp/image/404.jp2,troosevelt007,spec_uihp
Crowd Gathered to Hear Roosevelt Speak,,An image of the crowd assembled near the administration building to hear Theodore Roosevelt speak. Morrill Hall is in the background on the far right next to the Metallurgical Building (which today houses Art & Architecture).,1911-04-11,,"PG 6, Idaho photograph collection,1849-1983, University of Idaho Library Special Collections and Archives",https://archiveswest.orbiscascade.org/ark:80444/xv603274,"Roosevelt, Theodore;campus buildings;people;crowds;",Photographic prints,United States--Idaho--Latah County--Moscow,"Material determined to be in Public Domain based on date of publication. Material made available by the University of Idaho Library. For more information, please contact University of Idaho Library Special Collections and Archives Department at libspec@uidaho.edu.",https://creativecommons.org/publicdomain/mark/1.0/,eng,"300 dpi  (displayed), Scanned from  black and white print. Master is a 800 dpi Tiff.",2011,6-0007-5,"University of Idaho Library Special Collections and Archives,<a href=""https://www.lib.uidaho.edu/special-collections/"" target=""_blank"" rel=""noopener"">https://www.lib.uidaho.edu/special-collections/</a> ","University of Idaho Library Digital Initiatives, http://www.lib.uidaho.edu/digital/",University of Idaho Historical Photographs - Theodore Roosevelt Collection http://contentdm.lib.uidaho.edu/cdm4/browse.php?CISOROOT=/spec_uihp,Image;StillImage,Black and White Photograph,image/jpeg,2011-03-03,2014-04-17,http://digital.lib.uidaho.edu:80/cdm/ref/collection/spec_uihp/id/395,395,405.jp2,/spec_uihp/image/405.jp2,troosevelt008,spec_uihp
Roosevelt Speaks to Crowd,,Theodore Roosevelt speaks from a platform made of sacks of wheat in front of University of Idaho Administration Building. His right arm is raised.,1911-04-11,,"PG 6, Idaho photograph collection,1849-1983, University of Idaho Library Special Collections and Archives",https://archiveswest.orbiscascade.org/ark:80444/xv603274,"Roosevelt, Theodore;crowds;speeches;",Photographic prints,United States--Idaho--Latah County--Moscow,"Material determined to be in Public Domain based on date of publication. Material made available by the University of Idaho Library. For more information, please contact University of Idaho Library Special Collections and Archives Department at libspec@uidaho.edu.",https://creativecommons.org/publicdomain/mark/1.0/,eng,"300 dpi  (displayed), Scanned from  black and white print. Master is a 800 dpi Tiff.",2011,6-0007-6,"University of Idaho Library Special Collections and Archives,<a href=""https://www.lib.uidaho.edu/special-collections/"" target=""_blank"" rel=""noopener"">https://www.lib.uidaho.edu/special-collections/</a> ","University of Idaho Library Digital Initiatives, http://www.lib.uidaho.edu/digital/",University of Idaho Historical Photographs - Theodore Roosevelt Collection http://contentdm.lib.uidaho.edu/cdm4/browse.php?CISOROOT=/spec_uihp,Image;StillImage,Black and White Photograph,image/jpeg,2011-03-03,2014-04-17,http://digital.lib.uidaho.edu:80/cdm/ref/collection/spec_uihp/id/396,396,406.jp2,/spec_uihp/image/406.jp2,troosevelt009,spec_uihp
"Theodore Roosevelt at Moscow, Idaho","Burns, Robert (Moscow, Idaho)",Image shows crowd assembled on University of Idaho campus to hear Roosevelt speak. Writing on image: 'Roosevelt at Moscow Idaho Platform made of wheat threshed with International Harvester. Photo by Robert Burns 4-10-11 Copyright #11.',1911-04-11,,"PG 6, Idaho photograph collection,1849-1983, University of Idaho Library Special Collections and Archives",https://archiveswest.orbiscascade.org/ark:80444/xv603274,"Roosevelt, Theodore;crowds;speeches;people;",Photographic prints,United States--Idaho--Latah County--Moscow,"Material determined to be in Public Domain based on date of publication. Material made available by the University of Idaho Library. For more information, please contact University of Idaho Library Special Collections and Archives Department at libspec@uidaho.edu.",https://creativecommons.org/publicdomain/mark/1.0/,eng,"300 dpi  (displayed), Scanned from  black and white print. Master is a 800 dpi Tiff.",2011,6-0007-9,"University of Idaho Library Special Collections and Archives,<a href=""https://www.lib.uidaho.edu/special-collections/"" target=""_blank"" rel=""noopener"">https://www.lib.uidaho.edu/special-collections/</a> ","University of Idaho Library Digital Initiatives, http://www.lib.uidaho.edu/digital/",University of Idaho Historical Photographs - Theodore Roosevelt Collection http://contentdm.lib.uidaho.edu/cdm4/browse.php?CISOROOT=/spec_uihp,Image;StillImage,Black and White Photograph,image/jpeg,2011-03-03,2014-04-17,http://digital.lib.uidaho.edu:80/cdm/ref/collection/spec_uihp/id/397,397,407.jp2,/spec_uihp/image/407.jp2,troosevelt010,spec_uihp
Crowd Assembled in front of Administration Building,,A photograph of the crowd assembled in front of the University of Idaho Administration Building to hear Roosevelt speak.,1911-04-11,,"PG 6, Idaho photograph collection,1849-1983, University of Idaho Library Special Collections and Archives",https://archiveswest.orbiscascade.org/ark:80444/xv603274,crowds;campus buildings;,Photographic prints,United States--Idaho--Latah County--Moscow,"Material determined to be in Public Domain based on date of publication. Material made available by the University of Idaho Library. For more information, please contact University of Idaho Library Special Collections and Archives Department at libspec@uidaho.edu.",https://creativecommons.org/publicdomain/mark/1.0/,eng,"300 dpi  (displayed), Scanned from  black and white print. Master is a 800 dpi Tiff.",2011,6-0007-12,"University of Idaho Library Special Collections and Archives,<a href=""https://www.lib.uidaho.edu/special-collections/"" target=""_blank"" rel=""noopener"">https://www.lib.uidaho.edu/special-collections/</a> ","University of Idaho Library Digital Initiatives, http://www.lib.uidaho.edu/digital/",University of Idaho Historical Photographs - Theodore Roosevelt Collection http://contentdm.lib.uidaho.edu/cdm4/browse.php?CISOROOT=/spec_uihp,Image;StillImage,Black and White Photograph,image/jpeg,2011-03-03,2014-04-17,http://digital.lib.uidaho.edu:80/cdm/ref/collection/spec_uihp/id/402,402,412.jp2,/spec_uihp/image/412.jp2,troosevelt015,spec_uihp
Roosevelt Waves to Crowd,"Sterner (Moscow, Idaho)",Theodore Roosevelt on a platform in front of University of Idaho Administration Building waving to crowd assembled for his speech.,1911-04-11,,"PG 6, Idaho photograph collection,1849-1983, University of Idaho Library Special Collections and Archives",https://archiveswest.orbiscascade.org/ark:80444/xv603274,"Roosevelt, Theodore;crowds;campus buildings;",Photographic prints,United States--Idaho--Latah County--Moscow,"Material determined to be in Public Domain based on date of publication. Material made available by the University of Idaho Library. For more information, please contact University of Idaho Library Special Collections and Archives Department at libspec@uidaho.edu.",https://creativecommons.org/publicdomain/mark/1.0/,eng,"300 dpi  (displayed), Scanned from  black and white print. Master is a 800 dpi Tiff.",2011,6-0007-15,"University of Idaho Library Special Collections and Archives,<a href=""https://www.lib.uidaho.edu/special-collections/"" target=""_blank"" rel=""noopener"">https://www.lib.uidaho.edu/special-collections/</a> ","University of Idaho Library Digital Initiatives, http://www.lib.uidaho.edu/digital/",University of Idaho Historical Photographs - Theodore Roosevelt Collection http://contentdm.lib.uidaho.edu/cdm4/browse.php?CISOROOT=/spec_uihp,Image;StillImage,Black and White Photograph,image/jpeg,2011-03-03,2014-04-17,http://digital.lib.uidaho.edu:80/cdm/ref/collection/spec_uihp/id/403,403,413.jp2,/spec_uihp/image/413.jp2,troosevelt016,spec_uihp
Roosevelt Stands on Platform,,Theodore Roosevelt stands on a platform made of sacks of wheat in front of University of Idaho Administration Building.,1911-04-11,,"MG 5299, Photograph album, 10 April 1911, University of Idaho Library Special Collections and Archives",https://archiveswest.orbiscascade.org/ark:80444/xv206144,"Roosevelt, Theodore;crowds;campus buildings;",Photographic prints,United States--Idaho--Latah County--Moscow,"Material determined to be in Public Domain based on date of publication. Material made available by the University of Idaho Library. For more information, please contact University of Idaho Library Special Collections and Archives Department at libspec@uidaho.edu.",https://creativecommons.org/publicdomain/mark/1.0/,eng,"300 dpi  (displayed), Scanned from  black and white print. Master is a 800 dpi Tiff.",2011,5299-10,"University of Idaho Library Special Collections and Archives,<a href=""https://www.lib.uidaho.edu/special-collections/"" target=""_blank"" rel=""noopener"">https://www.lib.uidaho.edu/special-collections/</a> ","University of Idaho Library Digital Initiatives, http://www.lib.uidaho.edu/digital/",University of Idaho Historical Photographs - Theodore Roosevelt Collection http://contentdm.lib.uidaho.edu/cdm4/browse.php?CISOROOT=/spec_uihp,Image;StillImage,Black and White Photograph,image/jpeg,2011-03-03,2014-04-17,http://digital.lib.uidaho.edu:80/cdm/ref/collection/spec_uihp/id/404,404,414.jp2,/spec_uihp/image/414.jp2,troosevelt017,spec_uihp
Roosevelt on Platform [1],,Theodore Roosevelt stands on a platform in front of University of Idaho Administration Building.,1911-04-11,,"MG 5299, Photograph album, 10 April 1911, University of Idaho Library Special Collections and Archives",https://archiveswest.orbiscascade.org/ark:80444/xv206144,"Roosevelt, Theodore;crowds;campus buildings;",Photographic prints,United States--Idaho--Latah County--Moscow,"Material determined to be in Public Domain based on date of publication. Material made available by the University of Idaho Library. For more information, please contact University of Idaho Library Special Collections and Archives Department at libspec@uidaho.edu.",https://creativecommons.org/publicdomain/mark/1.0/,eng,"300 dpi  (displayed), Scanned from  black and white print. Master is a 800 dpi Tiff.",2011,5299-12,"University of Idaho Library Special Collections and Archives,<a href=""https://www.lib.uidaho.edu/special-collections/"" target=""_blank"" rel=""noopener"">https://www.lib.uidaho.edu/special-collections/</a> ","University of Idaho Library Digital Initiatives, http://www.lib.uidaho.edu/digital/",University of Idaho Historical Photographs - Theodore Roosevelt Collection http://contentdm.lib.uidaho.edu/cdm4/browse.php?CISOROOT=/spec_uihp,Image;StillImage,Black and White Photograph,image/jpeg,2011-03-03,2014-04-17,http://digital.lib.uidaho.edu:80/cdm/ref/collection/spec_uihp/id/406,406,416.jp2,/spec_uihp/image/416.jp2,troosevelt019,spec_uihp
Roosevelt on Platform [2],,Theodore Roosevelt stands on a platform in front of University of Idaho Administration Building.,1911-04-11,,"MG 5299, Photograph album, 10 April 1911, University of Idaho Library Special Collections and Archives",https://archiveswest.orbiscascade.org/ark:80444/xv206144,"Roosevelt, Theodore;crowds;campus buildings;",Photographic prints,United States--Idaho--Latah County--Moscow,"Material determined to be in Public Domain based on date of publication. Material made available by the University of Idaho Library. For more information, please contact University of Idaho Library Special Collections and Archives Department at libspec@uidaho.edu.",https://creativecommons.org/publicdomain/mark/1.0/,eng,"300 dpi  (displayed), Scanned from  black and white print. Master is a 800 dpi Tiff.",2011,5299-13,"University of Idaho Library Special Collections and Archives,<a href=""https://www.lib.uidaho.edu/special-collections/"" target=""_blank"" rel=""noopener"">https://www.lib.uidaho.edu/special-collections/</a> ","University of Idaho Library Digital Initiatives, http://www.lib.uidaho.edu/digital/",University of Idaho Historical Photographs - Theodore Roosevelt Collection http://contentdm.lib.uidaho.edu/cdm4/browse.php?CISOROOT=/spec_uihp,Image;StillImage,Black and White Photograph,image/jpeg,2011-03-03,2014-04-17,http://digital.lib.uidaho.edu:80/cdm/ref/collection/spec_uihp/id/407,407,417.jp2,/spec_uihp/image/417.jp2,troosevelt020,spec_uihp
Roosevelt on Platform [3],,Theodore Roosevelt stands on a platform in front of University of Idaho Administration Building.,1911-04-11,,"MG 5299, Photograph album, 10 April 1911, University of Idaho Library Special Collections and Archives",https://archiveswest.orbiscascade.org/ark:80444/xv206144,"Roosevelt, Theodore;crowds;campus buildings;",Photographic prints,United States--Idaho--Latah County--Moscow,"Material determined to be in Public Domain based on date of publication. Material made available by the University of Idaho Library. For more information, please contact University of Idaho Library Special Collections and Archives Department at libspec@uidaho.edu.",https://creativecommons.org/publicdomain/mark/1.0/,eng,"300 dpi  (displayed), Scanned from  black and white print. Master is a 800 dpi Tiff.",2011,5299-14,"University of Idaho Library Special Collections and Archives,<a href=""https://www.lib.uidaho.edu/special-collections/"" target=""_blank"" rel=""noopener"">https://www.lib.uidaho.edu/special-collections/</a> ","University of Idaho Library Digital Initiatives, http://www.lib.uidaho.edu/digital/",University of Idaho Historical Photographs - Theodore Roosevelt Collection http://contentdm.lib.uidaho.edu/cdm4/browse.php?CISOROOT=/spec_uihp,Image;StillImage,Black and White Photograph,image/jpeg,2011-03-03,2014-04-17,http://digital.lib.uidaho.edu:80/cdm/ref/collection/spec_uihp/id/408,408,418.jp2,/spec_uihp/image/418.jp2,troosevelt021,spec_uihp
Roosevelt on Platform [6],,Theodore Roosevelt speaks from a platform in front of University of Idaho Administration Building.,1911-04-11,,"MG 5299, Photograph album, 10 April 1911, University of Idaho Library Special Collections and Archives",https://archiveswest.orbiscascade.org/ark:80444/xv206144,"Roosevelt, Theodore;crowds;campus buildings;",Photographic prints,United States--Idaho--Latah County--Moscow,"Material determined to be in Public Domain based on date of publication. Material made available by the University of Idaho Library. For more information, please contact University of Idaho Library Special Collections and Archives Department at libspec@uidaho.edu.",https://creativecommons.org/publicdomain/mark/1.0/,eng,"300 dpi  (displayed), Scanned from  black and white print. Master is a 800 dpi Tiff.",2011,5299-18,"University of Idaho Library Special Collections and Archives,<a href=""https://www.lib.uidaho.edu/special-collections/"" target=""_blank"" rel=""noopener"">https://www.lib.uidaho.edu/special-collections/</a> ","University of Idaho Library Digital Initiatives, http://www.lib.uidaho.edu/digital/",University of Idaho Historical Photographs - Theodore Roosevelt Collection http://contentdm.lib.uidaho.edu/cdm4/browse.php?CISOROOT=/spec_uihp,Image;StillImage,Black and White Photograph,image/jpeg,2011-03-03,2014-04-17,http://digital.lib.uidaho.edu:80/cdm/ref/collection/spec_uihp/id/412,412,422.jp2,/spec_uihp/image/422.jp2,troosevelt025,spec_uihp
Distant View of Roosevelt on Platform,,Theodore Roosevelt speaks from a platform in front of University of Idaho Administration Building.,1911-04-11,,"MG 5299, Photograph album, 10 April 1911, University of Idaho Library Special Collections and Archives",https://archiveswest.orbiscascade.org/ark:80444/xv206144,"Roosevelt, Theodore;crowds;campus buildings;hats;",Photographic prints,United States--Idaho--Latah County--Moscow,"Material determined to be in Public Domain based on date of publication. Material made available by the University of Idaho Library. For more information, please contact University of Idaho Library Special Collections and Archives Department at libspec@uidaho.edu.",https://creativecommons.org/publicdomain/mark/1.0/,eng,"300 dpi  (displayed), Scanned from  black and white print. Master is a 800 dpi Tiff.",2011,5299-19,"University of Idaho Library Special Collections and Archives,<a href=""https://www.lib.uidaho.edu/special-collections/"" target=""_blank"" rel=""noopener"">https://www.lib.uidaho.edu/special-collections/</a> ","University of Idaho Library Digital Initiatives, http://www.lib.uidaho.edu/digital/",University of Idaho Historical Photographs - Theodore Roosevelt Collection http://contentdm.lib.uidaho.edu/cdm4/browse.php?CISOROOT=/spec_uihp,Image;StillImage,Black and White Photograph,image/jpeg,2011-03-03,2014-04-17,http://digital.lib.uidaho.edu:80/cdm/ref/collection/spec_uihp/id/413,413,423.jp2,/spec_uihp/image/423.jp2,troosevelt026,spec_uihp
Roosevelt Shields Eyes [2],,Theodore Roosevelt speaks from a platform in front of University of Idaho Administration Building.,1911-04-11,,"MG 5299, Photograph album, 10 April 1911, University of Idaho Library Special Collections and Archives",https://archiveswest.orbiscascade.org/ark:80444/xv206144,"Roosevelt, Theodore;crowds;campus buildings;",Photographic prints,United States--Idaho--Latah County--Moscow,"Material determined to be in Public Domain based on date of publication. Material made available by the University of Idaho Library. For more information, please contact University of Idaho Library Special Collections and Archives Department at libspec@uidaho.edu.",https://creativecommons.org/publicdomain/mark/1.0/,eng,"300 dpi  (displayed), Scanned from  black and white print. Master is a 800 dpi Tiff.",2011,5299-20,"University of Idaho Library Special Collections and Archives,<a href=""https://www.lib.uidaho.edu/special-collections/"" target=""_blank"" rel=""noopener"">https://www.lib.uidaho.edu/special-collections/</a> ","University of Idaho Library Digital Initiatives, http://www.lib.uidaho.edu/digital/",University of Idaho Historical Photographs - Theodore Roosevelt Collection http://contentdm.lib.uidaho.edu/cdm4/browse.php?CISOROOT=/spec_uihp,Image;StillImage,Black and White Photograph,image/jpeg,2011-03-03,2014-04-17,http://digital.lib.uidaho.edu:80/cdm/ref/collection/spec_uihp/id/414,414,424.jp2,/spec_uihp/image/424.jp2,troosevelt027,spec_uihp
Crowd Assembled to Hear Roosevelt Speak [1],,A crowd assembles on the University of Idaho campus to hear Roosevelt speak.,1911-04-11,,"MG 5299, Photograph album, 10 April 1911, University of Idaho Library Special Collections and Archives",https://archiveswest.orbiscascade.org/ark:80444/xv206144,crowds;campus buildings;hats;,Photographic prints,United States--Idaho--Latah County--Moscow,"Material determined to be in Public Domain based on date of publication. Material made available by the University of Idaho Library. For more information, please contact University of Idaho Library Special Collections and Archives Department at libspec@uidaho.edu.",https://creativecommons.org/publicdomain/mark/1.0/,eng,"300 dpi  (displayed), Scanned from  black and white print. Master is a 800 dpi Tiff.",2011,5299-21,"University of Idaho Library Special Collections and Archives,<a href=""https://www.lib.uidaho.edu/special-collections/"" target=""_blank"" rel=""noopener"">https://www.lib.uidaho.edu/special-collections/</a> ","University of Idaho Library Digital Initiatives, http://www.lib.uidaho.edu/digital/",University of Idaho Historical Photographs - Theodore Roosevelt Collection http://contentdm.lib.uidaho.edu/cdm4/browse.php?CISOROOT=/spec_uihp,Image;StillImage,Black and White Photograph,image/jpeg,2011-03-03,2014-04-17,http://digital.lib.uidaho.edu:80/cdm/ref/collection/spec_uihp/id/415,415,425.jp2,/spec_uihp/image/425.jp2,troosevelt028,spec_uihp
Crowd Assembled to Hear Roosevelt Speak [2],,A crowd assembles on the University of Idaho campus to hear Roosevelt speak. Visible in the background behind the platform are the old Engineering Building and Ridenbaugh Hall.,1911-04-11,,"MG 5299, Photograph album, 10 April 1911, University of Idaho Library Special Collections and Archives",https://archiveswest.orbiscascade.org/ark:80444/xv206144,"Roosevelt, Theodore;crowds;campus buildings;hats;",Photographic prints,United States--Idaho--Latah County--Moscow,"Material determined to be in Public Domain based on date of publication. Material made available by the University of Idaho Library. For more information, please contact University of Idaho Library Special Collections and Archives Department at libspec@uidaho.edu.",https://creativecommons.org/publicdomain/mark/1.0/,eng,"300 dpi  (displayed), Scanned from  black and white print. Master is a 800 dpi Tiff.",2011,5299-22,"University of Idaho Library Special Collections and Archives,<a href=""https://www.lib.uidaho.edu/special-collections/"" target=""_blank"" rel=""noopener"">https://www.lib.uidaho.edu/special-collections/</a> ","University of Idaho Library Digital Initiatives, http://www.lib.uidaho.edu/digital/",University of Idaho Historical Photographs - Theodore Roosevelt Collection http://contentdm.lib.uidaho.edu/cdm4/browse.php?CISOROOT=/spec_uihp,Image;StillImage,Black and White Photograph,image/jpeg,2011-03-03,2014-04-17,http://digital.lib.uidaho.edu:80/cdm/ref/collection/spec_uihp/id/416,416,426.jp2,/spec_uihp/image/426.jp2,troosevelt029,spec_uihp
Crowd Assembled to Hear Roosevelt Speak [3],,A crowd assembles on the lawn in front of the University of Idaho Administration Building to hear Roosevelt speak. A long string of people coming up the Hello Walk can be seen in the distance.,1911-04-11,,"MG 5299, Photograph album, 10 April 1911, University of Idaho Library Special Collections and Archives",https://archiveswest.orbiscascade.org/ark:80444/xv206144,"Roosevelt, Theodore;crowds;campus buildings;",Photographic prints,United States--Idaho--Latah County--Moscow,"Material determined to be in Public Domain based on date of publication. Material made available by the University of Idaho Library. For more information, please contact University of Idaho Library Special Collections and Archives Department at libspec@uidaho.edu.",https://creativecommons.org/publicdomain/mark/1.0/,eng,"300 dpi  (displayed), Scanned from  black and white print. Master is a 800 dpi Tiff.",2011,5299-23,"University of Idaho Library Special Collections and Archives,<a href=""https://www.lib.uidaho.edu/special-collections/"" target=""_blank"" rel=""noopener"">https://www.lib.uidaho.edu/special-collections/</a> ","University of Idaho Library Digital Initiatives, http://www.lib.uidaho.edu/digital/",University of Idaho Historical Photographs - Theodore Roosevelt Collection http://contentdm.lib.uidaho.edu/cdm4/browse.php?CISOROOT=/spec_uihp,Image;StillImage,Black and White Photograph,image/jpeg,2011-03-03,2014-04-17,http://digital.lib.uidaho.edu:80/cdm/ref/collection/spec_uihp/id/417,417,427.jp2,/spec_uihp/image/427.jp2,troosevelt030,spec_uihp
Crowd Assembled to Hear Roosevelt Speak [4],,A large crowd assembled on University of Idaho campus to hear Roosevelt speak.,1911-04-11,,"MG 5299, Photograph album, 10 April 1911, University of Idaho Library Special Collections and Archives",https://archiveswest.orbiscascade.org/ark:80444/xv206144,crowds;automobiles;,Photographic prints,United States--Idaho--Latah County--Moscow,"Material determined to be in Public Domain based on date of publication. Material made available by the University of Idaho Library. For more information, please contact University of Idaho Library Special Collections and Archives Department at libspec@uidaho.edu.",https://creativecommons.org/publicdomain/mark/1.0/,eng,"300 dpi  (displayed), Scanned from  black and white print. Master is a 800 dpi Tiff.",2011,5299-24,"University of Idaho Library Special Collections and Archives,<a href=""https://www.lib.uidaho.edu/special-collections/"" target=""_blank"" rel=""noopener"">https://www.lib.uidaho.edu/special-collections/</a> ","University of Idaho Library Digital Initiatives, http://www.lib.uidaho.edu/digital/",University of Idaho Historical Photographs - Theodore Roosevelt Collection http://contentdm.lib.uidaho.edu/cdm4/browse.php?CISOROOT=/spec_uihp,Image;StillImage,Black and White Photograph,image/jpeg,2011-03-03,2014-04-17,http://digital.lib.uidaho.edu:80/cdm/ref/collection/spec_uihp/id/418,418,428.jp2,/spec_uihp/image/428.jp2,troosevelt031,spec_uihp
Crowd Gathered Outside Administration Building [1],,A view of the crowd assembled to hear Theodore Roosevelt speak. A large American flag can be seen hanging from the top of the Administration Building.,1911-04-11,,"MG 5299, Photograph album, 10 April 1911, University of Idaho Library Special Collections and Archives",https://archiveswest.orbiscascade.org/ark:80444/xv206144,"Roosevelt, Theodore;crowds;campus buildings;",Photographic prints,United States--Idaho--Latah County--Moscow,"Material determined to be in Public Domain based on date of publication. Material made available by the University of Idaho Library. For more information, please contact University of Idaho Library Special Collections and Archives Department at libspec@uidaho.edu.",https://creativecommons.org/publicdomain/mark/1.0/,eng,"300 dpi  (displayed), Scanned from  black and white print. Master is a 800 dpi Tiff.",2011,5299-25,"University of Idaho Library Special Collections and Archives,<a href=""https://www.lib.uidaho.edu/special-collections/"" target=""_blank"" rel=""noopener"">https://www.lib.uidaho.edu/special-collections/</a> ","University of Idaho Library Digital Initiatives, http://www.lib.uidaho.edu/digital/",University of Idaho Historical Photographs - Theodore Roosevelt Collection http://contentdm.lib.uidaho.edu/cdm4/browse.php?CISOROOT=/spec_uihp,Image;StillImage,Black and White Photograph,image/jpeg,2011-03-03,2014-04-17,http://digital.lib.uidaho.edu:80/cdm/ref/collection/spec_uihp/id/419,419,429.jp2,/spec_uihp/image/429.jp2,troosevelt032,spec_uihp
Crowd Gathers,,A crowd assembles in front of University of Idaho Administration Building to hear Theodore Roosevelt speak.,1911-04-11,,"MG 5299, Photograph album, 10 April 1911, University of Idaho Library Special Collections and Archives",https://archiveswest.orbiscascade.org/ark:80444/xv206144,crowds;hats;Theodore Roosevelt;,Photographic prints,United States--Idaho--Latah County--Moscow,"Material determined to be in Public Domain based on date of publication. Material made available by the University of Idaho Library. For more information, please contact University of Idaho Library Special Collections and Archives Department at libspec@uidaho.edu.",https://creativecommons.org/publicdomain/mark/1.0/,eng,"300 dpi  (displayed), Scanned from  black and white print. Master is a 800 dpi Tiff.",2011,5299-26,"University of Idaho Library Special Collections and Archives,<a href=""https://www.lib.uidaho.edu/special-collections/"" target=""_blank"" rel=""noopener"">https://www.lib.uidaho.edu/special-collections/</a> ","University of Idaho Library Digital Initiatives, http://www.lib.uidaho.edu/digital/",University of Idaho Historical Photographs - Theodore Roosevelt Collection http://contentdm.lib.uidaho.edu/cdm4/browse.php?CISOROOT=/spec_uihp,Image;StillImage,Black and White Photograph,image/jpeg,2011-03-03,2014-04-17,http://digital.lib.uidaho.edu:80/cdm/ref/collection/spec_uihp/id/420,420,430.jp2,/spec_uihp/image/430.jp2,troosevelt033,spec_uihp
Tree Planted by Theodore Roosevelt,,An unidentified man stands next to a small tree planted by Theodore Roosevelt in front of the University of Idaho Administration Building.,1911-04-11,,"MG 5299, Photograph album, 10 April 1911, University of Idaho Library Special Collections and Archives",https://archiveswest.orbiscascade.org/ark:80444/xv206144,campus buildings;trees;,Photographic prints,United States--Idaho--Latah County--Moscow,"Material determined to be in Public Domain based on date of publication. Material made available by the University of Idaho Library. For more information, please contact University of Idaho Library Special Collections and Archives Department at libspec@uidaho.edu.",https://creativecommons.org/publicdomain/mark/1.0/,eng,"300 dpi  (displayed), Scanned from  black and white print. Master is a 800 dpi Tiff.",2011,5299-28,"University of Idaho Library Special Collections and Archives,<a href=""https://www.lib.uidaho.edu/special-collections/"" target=""_blank"" rel=""noopener"">https://www.lib.uidaho.edu/special-collections/</a> ","University of Idaho Library Digital Initiatives, http://www.lib.uidaho.edu/digital/",University of Idaho Historical Photographs - Theodore Roosevelt Collection http://contentdm.lib.uidaho.edu/cdm4/browse.php?CISOROOT=/spec_uihp,Image;StillImage,Black and White Photograph,image/jpeg,2011-03-03,2014-04-17,http://digital.lib.uidaho.edu:80/cdm/ref/collection/spec_uihp/id/421,421,431.jp2,/spec_uihp/image/431.jp2,troosevelt034,spec_uihp
Military Men with Tree [1],,Three uniformed men pose for a photograph with the tree planted by Theodore Roosevelt in the lawn in front of the Administration Building.,1911-04-11,,"MG 5299, Photograph album, 10 April 1911, University of Idaho Library Special Collections and Archives",https://archiveswest.orbiscascade.org/ark:80444/xv206144,military;trees;automobiles;,Photographic prints,United States--Idaho--Latah County--Moscow,"Material determined to be in Public Domain based on date of publication. Material made available by the University of Idaho Library. For more information, please contact University of Idaho Library Special Collections and Archives Department at libspec@uidaho.edu.",https://creativecommons.org/publicdomain/mark/1.0/,eng,"300 dpi  (displayed), Scanned from  black and white print. Master is a 800 dpi Tiff.",2011,5299-27,"University of Idaho Library Special Collections and Archives,<a href=""https://www.lib.uidaho.edu/special-collections/"" target=""_blank"" rel=""noopener"">https://www.lib.uidaho.edu/special-collections/</a> ","University of Idaho Library Digital Initiatives, http://www.lib.uidaho.edu/digital/",University of Idaho Historical Photographs - Theodore Roosevelt Collection http://contentdm.lib.uidaho.edu/cdm4/browse.php?CISOROOT=/spec_uihp,Image;StillImage,Black and White Photograph,image/jpeg,2011-03-03,2014-04-17,http://digital.lib.uidaho.edu:80/cdm/ref/collection/spec_uihp/id/422,422,432.jp2,/spec_uihp/image/432.jp2,troosevelt035,spec_uihp
Crowd Gathered for Theodore Roosevelt Speech,,"The crowd assembled on University of Idaho campus to hear Theodore Roosevelt speak. Roosevelt is visible, arm outstretched, on the platform on the left side of the photograph.",1911-04-11,,"MG 5299, Photograph album, 10 April 1911, University of Idaho Library Special Collections and Archives",https://archiveswest.orbiscascade.org/ark:80444/xv206144,"Roosevelt, Theodore;crowds;speeches",Photographic prints,United States--Idaho--Latah County--Moscow,"Material determined to be in Public Domain based on date of publication. Material made available by the University of Idaho Library. For more information, please contact University of Idaho Library Special Collections and Archives Department at libspec@uidaho.edu.",https://creativecommons.org/publicdomain/mark/1.0/,eng,"300 dpi  (displayed), Scanned from  black and white print. Master is a 800 dpi Tiff.",2011,5299-29,"University of Idaho Library Special Collections and Archives,<a href=""https://www.lib.uidaho.edu/special-collections/"" target=""_blank"" rel=""noopener"">https://www.lib.uidaho.edu/special-collections/</a> ","University of Idaho Library Digital Initiatives, http://www.lib.uidaho.edu/digital/",University of Idaho Historical Photographs - Theodore Roosevelt Collection http://contentdm.lib.uidaho.edu/cdm4/browse.php?CISOROOT=/spec_uihp,Image;StillImage,Black and White Photograph,image/jpeg,2011-03-03,2014-04-17,http://digital.lib.uidaho.edu:80/cdm/ref/collection/spec_uihp/id/423,423,433.jp2,/spec_uihp/image/433.jp2,troosevelt036,spec_uihp
Theodore Roosevelt Plants a Tree,"Burns, Robert (Moscow, Idaho)","A crowd watches as Theodore Roosevelt plants a tree in the lawn in front of the University of Idaho Administration Building. Text on the photo reads: ""Colonel Roosevelt Planting Tree on U.I. Campus 4-10-11, Burns Photo #2"". ",1911-04-11,,"PG 6, Idaho photograph collection,1849-1983, University of Idaho Library Special Collections and Archives",https://archiveswest.orbiscascade.org/ark:80444/xv603274,"Roosevelt, Theodore;crowds;campus buildings;automobiles;trees;",Photographic prints,United States--Idaho--Latah County--Moscow,"Material determined to be in Public Domain based on date of publication. Material made available by the University of Idaho Library. For more information, please contact University of Idaho Library Special Collections and Archives Department at libspec@uidaho.edu.",https://creativecommons.org/publicdomain/mark/1.0/,eng,"300 dpi  (displayed), Scanned from  black and white print. Master is a 800 dpi Tiff.",2011,6-0007-13,"University of Idaho Library Special Collections and Archives,<a href=""https://www.lib.uidaho.edu/special-collections/"" target=""_blank"" rel=""noopener"">https://www.lib.uidaho.edu/special-collections/</a> ","University of Idaho Library Digital Initiatives, http://www.lib.uidaho.edu/digital/",University of Idaho Historical Photographs - Theodore Roosevelt Collection http://contentdm.lib.uidaho.edu/cdm4/browse.php?CISOROOT=/spec_uihp,Image;StillImage,Black and White Photograph,image/jpeg,2011-03-03,2014-04-17,http://digital.lib.uidaho.edu:80/cdm/ref/collection/spec_uihp/id/425,425,435.jp2,/spec_uihp/image/435.jp2,troosevelt038,spec_uihp
Roosevelt on Platform [8],,Theodore Roosevelt speaks from a platform in front of University of Idaho Administration Building.,1911-04-11,,"PG 6, Idaho photograph collection,1849-1983, University of Idaho Library Special Collections and Archives",https://archiveswest.orbiscascade.org/ark:80444/xv603274,"Roosevelt, Theodore;crowds;campus buildings;hats;",Photographic prints,United States--Idaho--Latah County--Moscow,"Material determined to be in Public Domain based on date of publication. Material made available by the University of Idaho Library. For more information, please contact University of Idaho Library Special Collections and Archives Department at libspec@uidaho.edu.",https://creativecommons.org/publicdomain/mark/1.0/,eng,"300 dpi  (displayed), Scanned from  black and white print. Master is a 800 dpi Tiff.",2011,6-0007-16,"University of Idaho Library Special Collections and Archives,<a href=""https://www.lib.uidaho.edu/special-collections/"" target=""_blank"" rel=""noopener"">https://www.lib.uidaho.edu/special-collections/</a> ","University of Idaho Library Digital Initiatives, http://www.lib.uidaho.edu/digital/",University of Idaho Historical Photographs - Theodore Roosevelt Collection http://contentdm.lib.uidaho.edu/cdm4/browse.php?CISOROOT=/spec_uihp,Image;StillImage,Black and White Photograph,image/jpeg,2011-03-03,2014-04-17,http://digital.lib.uidaho.edu:80/cdm/ref/collection/spec_uihp/id/426,426,436.jp2,/spec_uihp/image/436.jp2,troosevelt039,spec_uihp
Roosevelt Gestures to Crowd [2],,Theodore Roosevelt speaks from a platform in front of University of Idaho Administration Building.,1911-04-11,,"MG 5299, Photograph album, 10 April 1911, University of Idaho Library Special Collections and Archives",https://archiveswest.orbiscascade.org/ark:80444/xv206144,"Roosevelt, Theodore;crowds;campus buildings;",Photographic prints,United States--Idaho--Latah County--Moscow,"Material determined to be in Public Domain based on date of publication. Material made available by the University of Idaho Library. For more information, please contact University of Idaho Library Special Collections and Archives Department at libspec@uidaho.edu.",https://creativecommons.org/publicdomain/mark/1.0/,eng,"300 dpi  (displayed), Scanned from  black and white print. Master is a 800 dpi Tiff.",2011,5299-02,"University of Idaho Library Special Collections and Archives,<a href=""https://www.lib.uidaho.edu/special-collections/"" target=""_blank"" rel=""noopener"">https://www.lib.uidaho.edu/special-collections/</a> ","University of Idaho Library Digital Initiatives, http://www.lib.uidaho.edu/digital/",University of Idaho Historical Photographs - Theodore Roosevelt Collection http://contentdm.lib.uidaho.edu/cdm4/browse.php?CISOROOT=/spec_uihp,Image;StillImage,Black and White Photograph,image/jpeg,2011-03-03,2014-04-17,http://digital.lib.uidaho.edu:80/cdm/ref/collection/spec_uihp/id/428,428,438.jp2,/spec_uihp/image/438.jp2,troosevelt041,spec_uihp
Theodore Roosevelt Gestures During Speech,,Theodore Roosevelt speaking on platform in front of University of Idaho Administration Building; his right arm is raised up.,1911-04-11,,"MG 5299, Photograph album, 10 April 1911, University of Idaho Library Special Collections and Archives",https://archiveswest.orbiscascade.org/ark:80444/xv206144,"Roosevelt, Theodore;crowds;campus buildings;",Photographic prints,United States--Idaho--Latah County--Moscow,"Material determined to be in Public Domain based on date of publication. Material made available by the University of Idaho Library. For more information, please contact University of Idaho Library Special Collections and Archives Department at libspec@uidaho.edu.",https://creativecommons.org/publicdomain/mark/1.0/,eng,"300 dpi  (displayed), Scanned from  black and white print. Master is a 800 dpi Tiff.",2011,5299-03,"University of Idaho Library Special Collections and Archives,<a href=""https://www.lib.uidaho.edu/special-collections/"" target=""_blank"" rel=""noopener"">https://www.lib.uidaho.edu/special-collections/</a> ","University of Idaho Library Digital Initiatives, http://www.lib.uidaho.edu/digital/",University of Idaho Historical Photographs - Theodore Roosevelt Collection http://contentdm.lib.uidaho.edu/cdm4/browse.php?CISOROOT=/spec_uihp,Image;StillImage,Black and White Photograph,image/jpeg,2011-03-03,2014-04-17,http://digital.lib.uidaho.edu:80/cdm/ref/collection/spec_uihp/id/429,429,439.jp2,/spec_uihp/image/439.jp2,troosevelt042,spec_uihp
Crowd Gathered Outside Administration Building [2],,A view of the crowd assembled to hear Theodore Roosevelt speak. A large American flag can be seen hanging from the top of the Administration Building.,1911-04-11,,"MG 5299, Photograph album, 10 April 1911, University of Idaho Library Special Collections and Archives",https://archiveswest.orbiscascade.org/ark:80444/xv206144,"Roosevelt, Theodore;crowds;campus buildings;",Photographic prints,United States--Idaho--Latah County--Moscow,"Material determined to be in Public Domain based on date of publication. Material made available by the University of Idaho Library. For more information, please contact University of Idaho Library Special Collections and Archives Department at libspec@uidaho.edu.",https://creativecommons.org/publicdomain/mark/1.0/,eng,"300 dpi  (displayed), Scanned from  black and white print. Master is a 800 dpi Tiff.",2011,5299-06,"University of Idaho Library Special Collections and Archives,<a href=""https://www.lib.uidaho.edu/special-collections/"" target=""_blank"" rel=""noopener"">https://www.lib.uidaho.edu/special-collections/</a> ","University of Idaho Library Digital Initiatives, http://www.lib.uidaho.edu/digital/",University of Idaho Historical Photographs - Theodore Roosevelt Collection http://contentdm.lib.uidaho.edu/cdm4/browse.php?CISOROOT=/spec_uihp,Image;StillImage,Black and White Photograph,image/jpeg,2011-03-03,2014-04-17,http://digital.lib.uidaho.edu:80/cdm/ref/collection/spec_uihp/id/432,432,442.jp2,/spec_uihp/image/442.jp2,troosevelt045,spec_uihp
Gathering Crowd,,"A crowd assembles in front of the University of Idaho Administration Building to hear Roosevelt speak. Boardwalk leading to Administration Building is visible in foreground, as is a horse and buggy on the left. ",1911-04-11,,"MG 5299, Photograph album, 10 April 1911, University of Idaho Library Special Collections and Archives",https://archiveswest.orbiscascade.org/ark:80444/xv206144,crowds;horses;campus buildings;,Photographic prints,United States--Idaho--Latah County--Moscow,"Material determined to be in Public Domain based on date of publication. Material made available by the University of Idaho Library. For more information, please contact University of Idaho Library Special Collections and Archives Department at libspec@uidaho.edu.",https://creativecommons.org/publicdomain/mark/1.0/,eng,"300 dpi  (displayed), Scanned from  black and white print. Master is a 800 dpi Tiff.",2011,5299-07,"University of Idaho Library Special Collections and Archives,<a href=""https://www.lib.uidaho.edu/special-collections/"" target=""_blank"" rel=""noopener"">https://www.lib.uidaho.edu/special-collections/</a> ","University of Idaho Library Digital Initiatives, http://www.lib.uidaho.edu/digital/",University of Idaho Historical Photographs - Theodore Roosevelt Collection http://contentdm.lib.uidaho.edu/cdm4/browse.php?CISOROOT=/spec_uihp,Image;StillImage,Black and White Photograph,image/jpeg,2011-03-03,2014-04-17,http://digital.lib.uidaho.edu:80/cdm/ref/collection/spec_uihp/id/433,433,443.jp2,/spec_uihp/image/443.jp2,troosevelt046,spec_uihp
Roosevelt and Tree,,Theodore Roosevelt watches on as men finish planting the tree that he added to the lawn in front of the University of Idaho Administration Building.,1911-04-11,,"MG 5299, Photograph album, 10 April 1911, University of Idaho Library Special Collections and Archives",https://archiveswest.orbiscascade.org/ark:80444/xv206144,"Roosevelt, Theodore;crowds;hats;trees;",Photographic prints,United States--Idaho--Latah County--Moscow,"Material determined to be in Public Domain based on date of publication. Material made available by the University of Idaho Library. For more information, please contact University of Idaho Library Special Collections and Archives Department at libspec@uidaho.edu.",https://creativecommons.org/publicdomain/mark/1.0/,eng,"300 dpi  (displayed), Scanned from  black and white print. Master is a 800 dpi Tiff.",2011,5299-08,"University of Idaho Library Special Collections and Archives,<a href=""https://www.lib.uidaho.edu/special-collections/"" target=""_blank"" rel=""noopener"">https://www.lib.uidaho.edu/special-collections/</a> ","University of Idaho Library Digital Initiatives, http://www.lib.uidaho.edu/digital/",University of Idaho Historical Photographs - Theodore Roosevelt Collection http://contentdm.lib.uidaho.edu/cdm4/browse.php?CISOROOT=/spec_uihp,Image;StillImage,Black and White Photograph,image/jpeg,2011-03-03,2014-04-17,http://digital.lib.uidaho.edu:80/cdm/ref/collection/spec_uihp/id/434,434,444.jp2,/spec_uihp/image/444.jp2,troosevelt047,spec_uihp
Military Men with Tree [2],,Three uniformed men pose for a photograph with the tree planted by Theodore Roosevelt in the lawn in front of the Administration Building.,1911-04-11,,"MG 5299, Photograph album, 10 April 1911, University of Idaho Library Special Collections and Archives",https://archiveswest.orbiscascade.org/ark:80444/xv206144,military;trees;automobiles;,Photographic prints,United States--Idaho--Latah County--Moscow,"Material determined to be in Public Domain based on date of publication. Material made available by the University of Idaho Library. For more information, please contact University of Idaho Library Special Collections and Archives Department at libspec@uidaho.edu.",https://creativecommons.org/publicdomain/mark/1.0/,eng,"300 dpi  (displayed), Scanned from  black and white print. Master is a 800 dpi Tiff.",2011,5299-09,"University of Idaho Library Special Collections and Archives,<a href=""https://www.lib.uidaho.edu/special-collections/"" target=""_blank"" rel=""noopener"">https://www.lib.uidaho.edu/special-collections/</a> ","University of Idaho Library Digital Initiatives, http://www.lib.uidaho.edu/digital/",University of Idaho Historical Photographs - Theodore Roosevelt Collection http://contentdm.lib.uidaho.edu/cdm4/browse.php?CISOROOT=/spec_uihp,Image;StillImage,Black and White Photograph,image/jpeg,2011-03-03,2014-04-17,http://digital.lib.uidaho.edu:80/cdm/ref/collection/spec_uihp/id/435,435,445.jp2,/spec_uihp/image/445.jp2,troosevelt048,spec_uihp
"Argonaut Issue April 5th, 1911, ""Roosevelt Will Visit Campus on Monday""",University of Idaho Argonaut Student Newspaper,"Debate council - Financial report (pg 5, c1) | Financial report (pg 4, c1) | Preps vs. Lewiston High (pg 2, c2) | President of U.S. 1901-1909 (pg 1, c1)",1911-04-05,,"The Argonaut Student Newspaper Digital Collection, <a href=""https://www.lib.uidaho.edu/digital/argonaut/"" target=""_blank"" rel=""noopener"">https://www.lib.uidaho.edu/digital/argonaut/</a> ",,"Debate council - Financial report; The Idaho Argonaut; Track; Roosevelt, Theodore; newspaper",Newspaper,United States--Idaho--Latah County--Moscow,"Educational use includes non-commercial use of text and images in materials for teaching and research purposes. Digital reproduction permissions granted by University of Idaho Library Special Collections and Archives Department. For other uses beyond free use, please contact University of Idaho Library Special Collections and Archives Department at libspec@uidaho.edu.",https://rightsstatements.org/vocab/InC-EDU/1.0/,eng,,,ARG-1911-04-05,"University of Idaho Library Special Collections and Archives,<a href=""https://www.lib.uidaho.edu/special-collections/"" target=""_blank"" rel=""noopener"">https://www.lib.uidaho.edu/special-collections/</a> ","University of Idaho Library Digital Initiatives, http://www.lib.uidaho.edu/digital/","University of Idaho Library's Argonaut Student Newspaper Digital Collection, https://www.lib.uidaho.edu/digital/argonaut/index.html",text,Newspaper Article,application/pdf,,,https://digital.lib.uidaho.edu/digital/collection/argonaut/id/979,979,,,troosevelt049,argonaut
"Argonaut Issue April 19th, 1911, ""Roosevelt Number""",University of Idaho Argonaut Student Newspaper,"Cadets, Battalion of (pg 8, c1) | Montgomery, James (pg 5, c1) | President of U.S. 1901-1909. Photo (pg 1, c0) | President of U.S. 1901-1909. Photo (pg 2, c1) | President of U.S. 1901-1909. Photo (pg 3, c2) | Varsity team vs. Spokane Indians (pg 4, c3) | Varsity team vs. Washington State College (pg 5, c1) | Women's (pg 7, c1)",1911-04-19,,"The Argonaut Student Newspaper Digital Collection, <a href=""https://www.lib.uidaho.edu/digital/argonaut/"" target=""_blank"" rel=""noopener"">https://www.lib.uidaho.edu/digital/argonaut/</a> ",,"Cadets, Battalion of; Montgomery, James; Roosevelt, Theodore; Baseball; Intramural track; newspaper",Newspaper,United States--Idaho--Latah County--Moscow,"Educational use includes non-commercial use of text and images in materials for teaching and research purposes. Digital reproduction permissions granted by University of Idaho Library Special Collections and Archives Department. For other uses beyond free use, please contact University of Idaho Library Special Collections and Archives Department at libspec@uidaho.edu.",https://rightsstatements.org/vocab/InC-EDU/1.0/,eng,,,ARG-1911-04-19,"University of Idaho Library Special Collections and Archives,<a href=""https://www.lib.uidaho.edu/special-collections/"" target=""_blank"" rel=""noopener"">https://www.lib.uidaho.edu/special-collections/</a> ","University of Idaho Library Digital Initiatives, http://www.lib.uidaho.edu/digital/","University of Idaho Library's Argonaut Student Newspaper Digital Collection, https://www.lib.uidaho.edu/digital/argonaut/index.html",text,Newspaper Article,application/pdf,,,https://digital.lib.uidaho.edu/digital/collection/argonaut/id/984,984,,,troosevelt050,argonaut
"Argonaut Issue March 29th, 1938, ""Lady Eleanor""",University of Idaho Argonaut Student Newspaper,"Pacific coast conference meet (pg 3, c1) | Photo (pg 1, c4) | Photo (pg 14, c3) | Roosevelt, Eleanor (pg 1, c8) | U of I vs. Washington State College, Whitman, Spokane (pg 3, c4) | University of Idaho vs. Washington State College (pg 3, c7)",1938-03-29,,"The Argonaut Student Newspaper Digital Collection, <a href=""https://www.lib.uidaho.edu/digital/argonaut/"" target=""_blank"" rel=""noopener"">https://www.lib.uidaho.edu/digital/argonaut/</a> ",,"Boxing; Roosevelt, Eleanor; Spalding, Albert; Roosevelt, Eleanor; Fencing; Track; newspaper",Newspaper,United States--Idaho--Latah County--Moscow,"Educational use includes non-commercial use of text and images in materials for teaching and research purposes. Digital reproduction permissions granted by University of Idaho Library Special Collections and Archives Department. For other uses beyond free use, please contact University of Idaho Library Special Collections and Archives Department at libspec@uidaho.edu.",https://rightsstatements.org/vocab/InC-EDU/1.0/,eng,,,ARG-1911-04-19,"University of Idaho Library Special Collections and Archives,<a href=""https://www.lib.uidaho.edu/special-collections/"" target=""_blank"" rel=""noopener"">https://www.lib.uidaho.edu/special-collections/</a> ","University of Idaho Library Digital Initiatives, http://www.lib.uidaho.edu/digital/","University of Idaho Library's Argonaut Student Newspaper Digital Collection, https://www.lib.uidaho.edu/digital/argonaut/index.html",text,Newspaper Article,application/pdf,,,https://digital.lib.uidaho.edu/digital/collection/argonaut/id/1788,1788,,,troosevelt051,argonaut
Eleanor Roosevelt and University of Idaho President Dale at University of Idaho [01],,"Eleanor Roosevelt, wife of Franklin D. Roosevelt, visits the University of Idaho on March 26, 1938. University of Idaho president Dale.",1938-03-26,,"PG 90, Clifford M. Ott Collection, University of Idaho Library Special Collections and Archives, <a href=""https://www.lib.uidaho.edu/digital/ott/"" target=""_blank"" rel=""noopener"">https://www.lib.uidaho.edu/digital/ott/</a> ",,"campus; people; Roosevelt, Eleanor",Photographic prints,United States--Idaho--Latah County--Moscow,"Educational use includes non-commercial use of text and images in materials for teaching and research purposes. Digital reproduction permissions granted by University of Idaho Library Special Collections and Archives Department. For other uses beyond free use, please contact University of Idaho Library Special Collections and Archives Department at libspec@uidaho.edu.",https://rightsstatements.org/vocab/InC-EDU/1.0/,eng,150 dpi  jpg displayed; master file is a 400 dpi TIFF.,,90-08-079,"University of Idaho Library Special Collections and Archives,<a href=""https://www.lib.uidaho.edu/special-collections/"" target=""_blank"" rel=""noopener"">https://www.lib.uidaho.edu/special-collections/</a> ","University of Idaho Library Digital Initiatives, http://www.lib.uidaho.edu/digital/","Ott Historical Photograph Collection, http://www.lib.uidaho.edu/digital/ott/",Image;StillImage,Black and White Photograph,image/jpeg,2011-10-24,2018-03-08,http://digital.lib.uidaho.edu:80/cdm/ref/collection/ott/id/1200,1200,,/ott/image/1201.jp2,troosevelt052,ott
Eleanor Roosevelt and University of Idaho President Dale at University of Idaho [02],,"Eleanor Roosevelt on speakers' platform at University of Idaho. March 26, 1938.",1938-03-26,,"PG 90, Clifford M. Ott Collection, University of Idaho Library Special Collections and Archives, <a href=""https://www.lib.uidaho.edu/digital/ott/"" target=""_blank"" rel=""noopener"">https://www.lib.uidaho.edu/digital/ott/</a> ",,"campus; people; Roosevelt, Eleanor",Photographic prints,United States--Idaho--Latah County--Moscow,"Educational use includes non-commercial use of text and images in materials for teaching and research purposes. Digital reproduction permissions granted by University of Idaho Library Special Collections and Archives Department. For other uses beyond free use, please contact University of Idaho Library Special Collections and Archives Department at libspec@uidaho.edu.",https://rightsstatements.org/vocab/InC-EDU/1.0/,eng,150 dpi  jpg displayed; master file is a 400 dpi TIFF.,,90-08-080,"University of Idaho Library Special Collections and Archives,<a href=""https://www.lib.uidaho.edu/special-collections/"" target=""_blank"" rel=""noopener"">https://www.lib.uidaho.edu/special-collections/</a> ","University of Idaho Library Digital Initiatives, http://www.lib.uidaho.edu/digital/","Ott Historical Photograph Collection, http://www.lib.uidaho.edu/digital/ott/",Image;StillImage,Black and White Photograph,image/jpeg,2011-10-24,2018-03-08,http://digital.lib.uidaho.edu:80/cdm/ref/collection/ott/id/1201,1201,,/ott/image/1202.jp2,troosevelt053,ott
"Eleanor Roosevelt visits University of Idaho, March 26, 1938",,"Eleanor Roosevelt, wife of Franklin D. Roosevelt, visits the University of Idaho. March 26, 1938.",1938-03-26,,"PG 90, Clifford M. Ott Collection, University of Idaho Library Special Collections and Archives, <a href=""https://www.lib.uidaho.edu/digital/ott/"" target=""_blank"" rel=""noopener"">https://www.lib.uidaho.edu/digital/ott/</a> ",,"campus; people; Roosevelt, Eleanor",Photographic prints,United States--Idaho--Latah County--Moscow,"Educational use includes non-commercial use of text and images in materials for teaching and research purposes. Digital reproduction permissions granted by University of Idaho Library Special Collections and Archives Department. For other uses beyond free use, please contact University of Idaho Library Special Collections and Archives Department at libspec@uidaho.edu.",https://rightsstatements.org/vocab/InC-EDU/1.0/,eng,150 dpi  jpg displayed; master file is a 400 dpi TIFF.,,90-08-078,"University of Idaho Library Special Collections and Archives,<a href=""https://www.lib.uidaho.edu/special-collections/"" target=""_blank"" rel=""noopener"">https://www.lib.uidaho.edu/special-collections/</a> ","University of Idaho Library Digital Initiatives, http://www.lib.uidaho.edu/digital/","Ott Historical Photograph Collection, http://www.lib.uidaho.edu/digital/ott/",Image;StillImage,Black and White Photograph,image/jpeg,2011-10-24,2018-03-08,http://digital.lib.uidaho.edu:80/cdm/ref/collection/ott/id/1202,1202,,/ott/image/1203.jp2,troosevelt054,ott
"Eleanor Roosevelt in back seat of car at University of Idaho, March 26, 1938",,"Eleanor Roosevelt in back seat of car near side. March 26, 1938.",1938-03-26,,"PG 90, Clifford M. Ott Collection, University of Idaho Library Special Collections and Archives, <a href=""https://www.lib.uidaho.edu/digital/ott/"" target=""_blank"" rel=""noopener"">https://www.lib.uidaho.edu/digital/ott/</a> ",,"campus; people; Roosevelt, Eleanor",Photographic prints,United States--Idaho--Latah County--Moscow,"Educational use includes non-commercial use of text and images in materials for teaching and research purposes. Digital reproduction permissions granted by University of Idaho Library Special Collections and Archives Department. For other uses beyond free use, please contact University of Idaho Library Special Collections and Archives Department at libspec@uidaho.edu.",https://rightsstatements.org/vocab/InC-EDU/1.0/,eng,150 dpi  jpg displayed; master file is a 400 dpi TIFF.,,90-08-081,"University of Idaho Library Special Collections and Archives,<a href=""https://www.lib.uidaho.edu/special-collections/"" target=""_blank"" rel=""noopener"">https://www.lib.uidaho.edu/special-collections/</a> ","University of Idaho Library Digital Initiatives, http://www.lib.uidaho.edu/digital/","Ott Historical Photograph Collection, http://www.lib.uidaho.edu/digital/ott/",Image;StillImage,Black and White Photograph,image/jpeg,2011-10-24,2018-03-08,http://digital.lib.uidaho.edu:80/cdm/ref/collection/ott/id/1203,1203,,/ott/image/1204.jp2,troosevelt055,ott