title,photographer,mine,depth,date,description,donor,subject,subject (lctgm),location,source,digital collection,holding insititution,format original,format,type,identifier,date digital,language,rights,rightsstatement,digitization specifications,date created,date modified,cdm_url,cdmid,contentdm file name,contentdm file path,objectid
Anaconda Mine 1000 ft. level East [no. 1163],"Watkins, Carleton E.",Anaconda Mine,1000,1890,Anaconda Mine 1000 level East. Wealth of ore 45 ft.,"Conley, Cort","Watkins, Carleton E., 1829-1916; Anaconda Company; Butte (Mont.);",Photographic prints,United States;Montana;Silver Bow County;Butte;Anaconda Mine,PG 89 - University of Idaho Library Special Collections & Archives,"Carleton Watkins Interior Views of Anaconda Mines (Butte, MT)",University of Idaho Library; Special Collections & Archives,Black and White Photograph,image/jpeg,Image;StillImage,89-1163,2011-03,eng,"Material in Public Domain due to date of creation. For more information, please contact University of Idaho Library Special Collections and Archives Department at libspec@uidaho.edu.",https://creativecommons.org/publicdomain/mark/1.0/,Original is archival Tiff. Displayed is a reduced jpeg.,2011-04-07,2018-02-09,http://digital.lib.uidaho.edu:80/cdm/ref/collection/watkins/id/0,0,1.jp2,/watkins/image/1.jp2,watkins0
Anaconda Mine 1000 ft. level West [no. 1172],"Watkins, Carleton E.",Anaconda Mine,1000,1890,Anaconda Mine 1000 level West Ore 75 ft.,"Conley, Cort","Watkins, Carleton E., 1829-1916; Anaconda Company; Butte (Mont.);",Photographic prints,United States;Montana;Silver Bow County;Butte;Anaconda Mine,PG 89 - University of Idaho Library Special Collections & Archives,"Carleton Watkins Interior Views of Anaconda Mines (Butte, MT)",University of Idaho Library; Special Collections & Archives,Black and White Photograph,image/jpeg,Image;StillImage,89-1172,2011-03,eng,"Material in Public Domain due to date of creation. For more information, please contact University of Idaho Library Special Collections and Archives Department at libspec@uidaho.edu.",https://creativecommons.org/publicdomain/mark/1.0/,Original is archival Tiff. Displayed is a reduced jpeg.,2011-04-07,2018-02-09,http://digital.lib.uidaho.edu:80/cdm/ref/collection/watkins/id/1,1,10.jp2,/watkins/image/10.jp2,watkins1
Anaconda Mine 900 ft. level West [no. 1173],"Watkins, Carleton E.",Anaconda Mine,900,1890,Anaconda Mine 900 level West Ore 80 ft.,"Conley, Cort","Watkins, Carleton E., 1829-1916; Anaconda Company; Butte (Mont.);",Photographic prints,United States;Montana;Silver Bow County;Butte;Anaconda Mine,PG 89 - University of Idaho Library Special Collections & Archives,"Carleton Watkins Interior Views of Anaconda Mines (Butte, MT)",University of Idaho Library; Special Collections & Archives,Black and White Photograph,image/jpeg,Image;StillImage,89-1173,2011-03,eng,"Material in Public Domain due to date of creation. For more information, please contact University of Idaho Library Special Collections and Archives Department at libspec@uidaho.edu.",https://creativecommons.org/publicdomain/mark/1.0/,Original is archival Tiff. Displayed is a reduced jpeg.,2011-04-07,2018-02-09,http://digital.lib.uidaho.edu:80/cdm/ref/collection/watkins/id/2,2,11.jp2,/watkins/image/11.jp2,watkins2
Anaconda Mine 900 ft. level East [no. 1174],"Watkins, Carleton E.",Anaconda Mine,900,1890,Anaconda Mine 900 level East Ore 80 ft.,"Conley, Cort","Watkins, Carleton E., 1829-1916; Anaconda Company; Butte (Mont.);",Photographic prints,United States;Montana;Silver Bow County;Butte;Anaconda Mine,PG 89 - University of Idaho Library Special Collections & Archives,"Carleton Watkins Interior Views of Anaconda Mines (Butte, MT)",University of Idaho Library; Special Collections & Archives,Black and White Photograph,image/jpeg,Image;StillImage,89-1174,2011-03,eng,"Material in Public Domain due to date of creation. For more information, please contact University of Idaho Library Special Collections and Archives Department at libspec@uidaho.edu.",https://creativecommons.org/publicdomain/mark/1.0/,Original is archival Tiff. Displayed is a reduced jpeg.,2011-04-07,2018-02-09,http://digital.lib.uidaho.edu:80/cdm/ref/collection/watkins/id/3,3,12.jp2,/watkins/image/12.jp2,watkins3
Anaconda Mine 900 ft. level West [no. 1175],"Watkins, Carleton E.",Anaconda Mine,900,1890,Anaconda Mine 900 level West Ore 80 ft.,"Conley, Cort","Watkins, Carleton E., 1829-1916; Anaconda Company; Butte (Mont.);",Photographic prints,United States;Montana;Silver Bow County;Butte;Anaconda Mine,PG 89 - University of Idaho Library Special Collections & Archives,"Carleton Watkins Interior Views of Anaconda Mines (Butte, MT)",University of Idaho Library; Special Collections & Archives,Black and White Photograph,image/jpeg,Image;StillImage,89-1175,2011-03,eng,"Material in Public Domain due to date of creation. For more information, please contact University of Idaho Library Special Collections and Archives Department at libspec@uidaho.edu.",https://creativecommons.org/publicdomain/mark/1.0/,Original is archival Tiff. Displayed is a reduced jpeg.,2011-04-07,2018-02-09,http://digital.lib.uidaho.edu:80/cdm/ref/collection/watkins/id/4,4,13.jp2,/watkins/image/13.jp2,watkins4
Anaconda Mine 900 ft. level East [no. 1176],"Watkins, Carleton E.",Anaconda Mine,900,1890,Anaconda Mine 900 level East Wealth of ore 80 ft.,"Conley, Cort","Watkins, Carleton E., 1829-1916; Anaconda Company; Butte (Mont.);",Photographic prints,United States;Montana;Silver Bow County;Butte;Anaconda Mine,PG 89 - University of Idaho Library Special Collections & Archives,"Carleton Watkins Interior Views of Anaconda Mines (Butte, MT)",University of Idaho Library; Special Collections & Archives,Black and White Photograph,image/jpeg,Image;StillImage,89-1176,2011-03,eng,"Material in Public Domain due to date of creation. For more information, please contact University of Idaho Library Special Collections and Archives Department at libspec@uidaho.edu.",https://creativecommons.org/publicdomain/mark/1.0/,Original is archival Tiff. Displayed is a reduced jpeg.,2011-04-07,2018-02-09,http://digital.lib.uidaho.edu:80/cdm/ref/collection/watkins/id/5,5,14.jp2,/watkins/image/14.jp2,watkins5
Anaconda Mine 900 ft. level East [no. 1177],"Watkins, Carleton E.",Anaconda Mine,900,1890,Anaconda Mine 900 level East Ore 80 ft.,"Conley, Cort","Watkins, Carleton E., 1829-1916; Anaconda Company; Butte (Mont.);",Photographic prints,United States;Montana;Silver Bow County;Butte;Anaconda Mine,PG 89 - University of Idaho Library Special Collections & Archives,"Carleton Watkins Interior Views of Anaconda Mines (Butte, MT)",University of Idaho Library; Special Collections & Archives,Black and White Photograph,image/jpeg,Image;StillImage,89-1177,2011-03,eng,"Material in Public Domain due to date of creation. For more information, please contact University of Idaho Library Special Collections and Archives Department at libspec@uidaho.edu.",https://creativecommons.org/publicdomain/mark/1.0/,Original is archival Tiff. Displayed is a reduced jpeg.,2011-04-07,2018-02-09,http://digital.lib.uidaho.edu:80/cdm/ref/collection/watkins/id/6,6,15.jp2,/watkins/image/15.jp2,watkins6
Anaconda Mine 900 ft. level East [no. 1178],"Watkins, Carleton E.",Anaconda Mine,900,1890,Anaconda Mine 900 level East Ore 80 ft.,"Conley, Cort","Watkins, Carleton E., 1829-1916; Anaconda Company; Butte (Mont.);",Photographic prints,United States;Montana;Silver Bow County;Butte;Anaconda Mine,PG 89 - University of Idaho Library Special Collections & Archives,"Carleton Watkins Interior Views of Anaconda Mines (Butte, MT)",University of Idaho Library; Special Collections & Archives,Black and White Photograph,image/jpeg,Image;StillImage,89-1178,2011-03,eng,"Material in Public Domain due to date of creation. For more information, please contact University of Idaho Library Special Collections and Archives Department at libspec@uidaho.edu.",https://creativecommons.org/publicdomain/mark/1.0/,Original is archival Tiff. Displayed is a reduced jpeg.,2011-04-07,2018-02-09,http://digital.lib.uidaho.edu:80/cdm/ref/collection/watkins/id/7,7,16.jp2,/watkins/image/16.jp2,watkins7
St. Lawrence Mine 800 ft. level West [no. 1179],"Watkins, Carleton E.",St. Lawrence Mine,800,1890,St. Lawrence 800 level West Ore 40 ft.,"Conley, Cort","Watkins, Carleton E., 1829-1916; Anaconda Company; Butte (Mont.);",Photographic prints,United States;Montana;Silver Bow County;Butte;Anaconda Mine,PG 89 - University of Idaho Library Special Collections & Archives,"Carleton Watkins Interior Views of Anaconda Mines (Butte, MT)",University of Idaho Library; Special Collections & Archives,Black and White Photograph,image/jpeg,Image;StillImage,89-1179,2011-03,eng,"Material in Public Domain due to date of creation. For more information, please contact University of Idaho Library Special Collections and Archives Department at libspec@uidaho.edu.",https://creativecommons.org/publicdomain/mark/1.0/,Original is archival Tiff. Displayed is a reduced jpeg.,2011-04-07,2018-02-09,http://digital.lib.uidaho.edu:80/cdm/ref/collection/watkins/id/8,8,17.jp2,/watkins/image/17.jp2,watkins8
St. Lawrence Mine 800 ft. level West [no. 1181],"Watkins, Carleton E.",St. Lawrence Mine,800,1890,St. Lawrence 800 level West Ore 40 ft.,"Conley, Cort","Watkins, Carleton E., 1829-1916; Anaconda Company; Butte (Mont.);",Photographic prints,United States;Montana;Silver Bow County;Butte;Anaconda Mine,PG 89 - University of Idaho Library Special Collections & Archives,"Carleton Watkins Interior Views of Anaconda Mines (Butte, MT)",University of Idaho Library; Special Collections & Archives,Black and White Photograph,image/jpeg,Image;StillImage,89-1181,2011-03,eng,"Material in Public Domain due to date of creation. For more information, please contact University of Idaho Library Special Collections and Archives Department at libspec@uidaho.edu.",https://creativecommons.org/publicdomain/mark/1.0/,Original is archival Tiff. Displayed is a reduced jpeg.,2011-04-07,2018-02-09,http://digital.lib.uidaho.edu:80/cdm/ref/collection/watkins/id/9,9,18.jp2,/watkins/image/18.jp2,watkins9
St. Lawrence Mine 800 ft. level West [no. 1180],"Watkins, Carleton E.",St. Lawrence Mine,800,1890,St. Lawrence 800 level West Ore 40 ft.,"Conley, Cort","Watkins, Carleton E., 1829-1916; Anaconda Company; Butte (Mont.);",Photographic prints,United States;Montana;Silver Bow County;Butte;Anaconda Mine,PG 89 - University of Idaho Library Special Collections & Archives,"Carleton Watkins Interior Views of Anaconda Mines (Butte, MT)",University of Idaho Library; Special Collections & Archives,Black and White Photograph,image/jpeg,Image;StillImage,89-1180,2011-03,eng,"Material in Public Domain due to date of creation. For more information, please contact University of Idaho Library Special Collections and Archives Department at libspec@uidaho.edu.",https://creativecommons.org/publicdomain/mark/1.0/,Original is archival Tiff. Displayed is a reduced jpeg.,2011-04-07,2018-02-09,http://digital.lib.uidaho.edu:80/cdm/ref/collection/watkins/id/10,10,19.jp2,/watkins/image/19.jp2,watkins10
Anaconda Mine 1000 ft. level East [no. 1164],"Watkins, Carleton E.",Anaconda Mine,1000,1890,Anaconda Mine 1000 level East. Wealth of ore 45 ft.,"Conley, Cort","Watkins, Carleton E., 1829-1916; Anaconda Company; Butte (Mont.);",Photographic prints,United States;Montana;Silver Bow County;Butte;Anaconda Mine,PG 89 - University of Idaho Library Special Collections & Archives,"Carleton Watkins Interior Views of Anaconda Mines (Butte, MT)",University of Idaho Library; Special Collections & Archives,Black and White Photograph,image/jpeg,Image;StillImage,89-1164,2011-03,eng,"Material in Public Domain due to date of creation. For more information, please contact University of Idaho Library Special Collections and Archives Department at libspec@uidaho.edu.",https://creativecommons.org/publicdomain/mark/1.0/,Original is archival Tiff. Displayed is a reduced jpeg.,2011-04-07,2018-02-09,http://digital.lib.uidaho.edu:80/cdm/ref/collection/watkins/id/11,11,2.jp2,/watkins/image/2.jp2,watkins11
St. Lawrence Mine 800 ft. level West [no. 1182],"Watkins, Carleton E.",St. Lawrence Mine,800,1890,St. Lawrence 800 level West Ore 40 ft.,"Conley, Cort","Watkins, Carleton E., 1829-1916; Anaconda Company; Butte (Mont.);",Photographic prints,United States;Montana;Silver Bow County;Butte;Anaconda Mine,PG 89 - University of Idaho Library Special Collections & Archives,"Carleton Watkins Interior Views of Anaconda Mines (Butte, MT)",University of Idaho Library; Special Collections & Archives,Black and White Photograph,image/jpeg,Image;StillImage,89-1182,2011-03,eng,"Material in Public Domain due to date of creation. For more information, please contact University of Idaho Library Special Collections and Archives Department at libspec@uidaho.edu.",https://creativecommons.org/publicdomain/mark/1.0/,Original is archival Tiff. Displayed is a reduced jpeg.,2011-04-07,2018-02-09,http://digital.lib.uidaho.edu:80/cdm/ref/collection/watkins/id/12,12,20.jp2,/watkins/image/20.jp2,watkins12
St. Lawrence Mine 700 ft. level East [no. 1183],"Watkins, Carleton E.",St. Lawrence Mine,700,1890,St. Lawrence 700 level East Ore 36 ft.,"Conley, Cort","Watkins, Carleton E., 1829-1916; Anaconda Company; Butte (Mont.);",Photographic prints,United States;Montana;Silver Bow County;Butte;Anaconda Mine,PG 89 - University of Idaho Library Special Collections & Archives,"Carleton Watkins Interior Views of Anaconda Mines (Butte, MT)",University of Idaho Library; Special Collections & Archives,Black and White Photograph,image/jpeg,Image;StillImage,89-1183,2011-03,eng,"Material in Public Domain due to date of creation. For more information, please contact University of Idaho Library Special Collections and Archives Department at libspec@uidaho.edu.",https://creativecommons.org/publicdomain/mark/1.0/,Original is archival Tiff. Displayed is a reduced jpeg.,2011-04-07,2018-02-09,http://digital.lib.uidaho.edu:80/cdm/ref/collection/watkins/id/13,13,21.jp2,/watkins/image/21.jp2,watkins13
St. Lawrence Mine 700 ft. level East [no. 1184],"Watkins, Carleton E.",St. Lawrence Mine,700,1890,St. Lawrence 700 level East Ore 36 ft.,"Conley, Cort","Watkins, Carleton E., 1829-1916; Anaconda Company; Butte (Mont.);",Photographic prints,United States;Montana;Silver Bow County;Butte;Anaconda Mine,PG 89 - University of Idaho Library Special Collections & Archives,"Carleton Watkins Interior Views of Anaconda Mines (Butte, MT)",University of Idaho Library; Special Collections & Archives,Black and White Photograph,image/jpeg,Image;StillImage,89-1184,2011-03,eng,"Material in Public Domain due to date of creation. For more information, please contact University of Idaho Library Special Collections and Archives Department at libspec@uidaho.edu.",https://creativecommons.org/publicdomain/mark/1.0/,Original is archival Tiff. Displayed is a reduced jpeg.,2011-04-07,2018-02-09,http://digital.lib.uidaho.edu:80/cdm/ref/collection/watkins/id/14,14,22.jp2,/watkins/image/22.jp2,watkins14
St. Lawrence Mine 800 ft. level East [no. 1185],"Watkins, Carleton E.",St. Lawrence Mine,800,1890,St. Lawrence 800 level East Ore 35 ft.,"Conley, Cort","Watkins, Carleton E., 1829-1916; Anaconda Company; Butte (Mont.);",Photographic prints,United States;Montana;Silver Bow County;Butte;Anaconda Mine,PG 89 - University of Idaho Library Special Collections & Archives,"Carleton Watkins Interior Views of Anaconda Mines (Butte, MT)",University of Idaho Library; Special Collections & Archives,Black and White Photograph,image/jpeg,Image;StillImage,89-1185,2011-03,eng,"Material in Public Domain due to date of creation. For more information, please contact University of Idaho Library Special Collections and Archives Department at libspec@uidaho.edu.",https://creativecommons.org/publicdomain/mark/1.0/,Original is archival Tiff. Displayed is a reduced jpeg.,2011-04-07,2018-02-09,http://digital.lib.uidaho.edu:80/cdm/ref/collection/watkins/id/15,15,23.jp2,/watkins/image/23.jp2,watkins15
St. Lawrence Mine Pump Station 400' level [no. 1186],"Watkins, Carleton E.",St. Lawrence Mine,400,1890,St. Lawrence Pump Station 400 level,"Conley, Cort","Watkins, Carleton E., 1829-1916; Anaconda Company; Butte (Mont.);",Photographic prints,United States;Montana;Silver Bow County;Butte;Anaconda Mine,PG 89 - University of Idaho Library Special Collections & Archives,"Carleton Watkins Interior Views of Anaconda Mines (Butte, MT)",University of Idaho Library; Special Collections & Archives,Black and White Photograph,image/jpeg,Image;StillImage,89-1186,2011-03,eng,"Material in Public Domain due to date of creation. For more information, please contact University of Idaho Library Special Collections and Archives Department at libspec@uidaho.edu.",https://creativecommons.org/publicdomain/mark/1.0/,Original is archival Tiff. Displayed is a reduced jpeg.,2011-04-07,2018-02-09,http://digital.lib.uidaho.edu:80/cdm/ref/collection/watkins/id/16,16,24.jp2,/watkins/image/24.jp2,watkins16
St. Lawrence Mine 600 ft. level East [no. 1187],"Watkins, Carleton E.",St. Lawrence Mine,600,1890,St. Lawrence 600 level East Ore 35 ft.,"Conley, Cort","Watkins, Carleton E., 1829-1916; Anaconda Company; Butte (Mont.);",Photographic prints,United States;Montana;Silver Bow County;Butte;Anaconda Mine,PG 89 - University of Idaho Library Special Collections & Archives,"Carleton Watkins Interior Views of Anaconda Mines (Butte, MT)",University of Idaho Library; Special Collections & Archives,Black and White Photograph,image/jpeg,Image;StillImage,89-1187,2011-03,eng,"Material in Public Domain due to date of creation. For more information, please contact University of Idaho Library Special Collections and Archives Department at libspec@uidaho.edu.",https://creativecommons.org/publicdomain/mark/1.0/,Original is archival Tiff. Displayed is a reduced jpeg.,2011-04-07,2018-02-09,http://digital.lib.uidaho.edu:80/cdm/ref/collection/watkins/id/17,17,25.jp2,/watkins/image/25.jp2,watkins17
St. Lawrence Mine 600 ft. level East [no. 1188],"Watkins, Carleton E.",St. Lawrence Mine,600,1890,St. Lawrence 600 level East Ore 35 ft.,"Conley, Cort","Watkins, Carleton E., 1829-1916; Anaconda Company; Butte (Mont.);",Photographic prints,United States;Montana;Silver Bow County;Butte;Anaconda Mine,PG 89 - University of Idaho Library Special Collections & Archives,"Carleton Watkins Interior Views of Anaconda Mines (Butte, MT)",University of Idaho Library; Special Collections & Archives,Black and White Photograph,image/jpeg,Image;StillImage,89-1188,2011-03,eng,"Material in Public Domain due to date of creation. For more information, please contact University of Idaho Library Special Collections and Archives Department at libspec@uidaho.edu.",https://creativecommons.org/publicdomain/mark/1.0/,Original is archival Tiff. Displayed is a reduced jpeg.,2011-04-07,2018-02-09,http://digital.lib.uidaho.edu:80/cdm/ref/collection/watkins/id/18,18,26.jp2,/watkins/image/26.jp2,watkins18
St. Lawrence Mine 600 ft. level East [no. 1189],"Watkins, Carleton E.",St. Lawrence Mine,600,1890,St. Lawrence 600 level East Ore 35 ft.,"Conley, Cort","Watkins, Carleton E., 1829-1916; Anaconda Company; Butte (Mont.);",Photographic prints,United States;Montana;Silver Bow County;Butte;Anaconda Mine,PG 89 - University of Idaho Library Special Collections & Archives,"Carleton Watkins Interior Views of Anaconda Mines (Butte, MT)",University of Idaho Library; Special Collections & Archives,Black and White Photograph,image/jpeg,Image;StillImage,89-1189,2011-03,eng,"Material in Public Domain due to date of creation. For more information, please contact University of Idaho Library Special Collections and Archives Department at libspec@uidaho.edu.",https://creativecommons.org/publicdomain/mark/1.0/,Original is archival Tiff. Displayed is a reduced jpeg.,2011-04-07,2018-02-09,http://digital.lib.uidaho.edu:80/cdm/ref/collection/watkins/id/19,19,27.jp2,/watkins/image/27.jp2,watkins19
St. Lawrence Mine 600 ft. level East [no. 1190],"Watkins, Carleton E.",St. Lawrence Mine,600,1890,St. Lawrence 600 level East Ore 35 ft.,"Conley, Cort","Watkins, Carleton E., 1829-1916; Anaconda Company; Butte (Mont.);",Photographic prints,United States;Montana;Silver Bow County;Butte;Anaconda Mine,PG 89 - University of Idaho Library Special Collections & Archives,"Carleton Watkins Interior Views of Anaconda Mines (Butte, MT)",University of Idaho Library; Special Collections & Archives,Black and White Photograph,image/jpeg,Image;StillImage,89-1190,2011-03,eng,"Material in Public Domain due to date of creation. For more information, please contact University of Idaho Library Special Collections and Archives Department at libspec@uidaho.edu.",https://creativecommons.org/publicdomain/mark/1.0/,Original is archival Tiff. Displayed is a reduced jpeg.,2011-04-07,2018-02-09,http://digital.lib.uidaho.edu:80/cdm/ref/collection/watkins/id/20,20,28.jp2,/watkins/image/28.jp2,watkins20
St. Lawrence Mine 600 ft. level East [no. 1191],"Watkins, Carleton E.",St. Lawrence Mine,600,1890,St. Lawrence 600 level East Ore 35 ft.,"Conley, Cort","Watkins, Carleton E., 1829-1916; Anaconda Company; Butte (Mont.);",Photographic prints,United States;Montana;Silver Bow County;Butte;Anaconda Mine,PG 89 - University of Idaho Library Special Collections & Archives,"Carleton Watkins Interior Views of Anaconda Mines (Butte, MT)",University of Idaho Library; Special Collections & Archives,Black and White Photograph,image/jpeg,Image;StillImage,89-1191,2011-03,eng,"Material in Public Domain due to date of creation. For more information, please contact University of Idaho Library Special Collections and Archives Department at libspec@uidaho.edu.",https://creativecommons.org/publicdomain/mark/1.0/,Original is archival Tiff. Displayed is a reduced jpeg.,2011-04-07,2018-02-09,http://digital.lib.uidaho.edu:80/cdm/ref/collection/watkins/id/21,21,29.jp2,/watkins/image/29.jp2,watkins21
Anaconda Mine 1000 ft. level East [no. 1165],"Watkins, Carleton E.",Anaconda Mine,1000,1890,Anaconda Mine 1000 level East. Wealth of ore 45 ft.,"Conley, Cort","Watkins, Carleton E., 1829-1916; Anaconda Company; Butte (Mont.);",Photographic prints,United States;Montana;Silver Bow County;Butte;Anaconda Mine,PG 89 - University of Idaho Library Special Collections & Archives,"Carleton Watkins Interior Views of Anaconda Mines (Butte, MT)",University of Idaho Library; Special Collections & Archives,Black and White Photograph,image/jpeg,Image;StillImage,89-1165,2011-03,eng,"Material in Public Domain due to date of creation. For more information, please contact University of Idaho Library Special Collections and Archives Department at libspec@uidaho.edu.",https://creativecommons.org/publicdomain/mark/1.0/,Original is archival Tiff. Displayed is a reduced jpeg.,2011-04-07,2018-02-09,http://digital.lib.uidaho.edu:80/cdm/ref/collection/watkins/id/22,22,3.jp2,/watkins/image/3.jp2,watkins22
St. Lawrence Mine 600 ft. level East [no. 1192],"Watkins, Carleton E.",St. Lawrence Mine,600,1890,St. Lawrence 600 level East Ore 35 ft.,"Conley, Cort","Watkins, Carleton E., 1829-1916; Anaconda Company; Butte (Mont.);",Photographic prints,United States;Montana;Silver Bow County;Butte;Anaconda Mine,PG 89 - University of Idaho Library Special Collections & Archives,"Carleton Watkins Interior Views of Anaconda Mines (Butte, MT)",University of Idaho Library; Special Collections & Archives,Black and White Photograph,image/jpeg,Image;StillImage,89-1192,2011-03,eng,"Material in Public Domain due to date of creation. For more information, please contact University of Idaho Library Special Collections and Archives Department at libspec@uidaho.edu.",https://creativecommons.org/publicdomain/mark/1.0/,Original is archival Tiff. Displayed is a reduced jpeg.,2011-04-07,2018-02-09,http://digital.lib.uidaho.edu:80/cdm/ref/collection/watkins/id/23,23,30.jp2,/watkins/image/30.jp2,watkins23
High Ore Mine 400 ft. level [no. 1193],"Watkins, Carleton E.",High Ore Mine,400,1890,High ore 400 ft. level Housing Station,"Conley, Cort","Watkins, Carleton E., 1829-1916; Anaconda Company; Butte (Mont.);",Photographic prints,United States;Montana;Silver Bow County;Butte;Anaconda Mine,PG 89 - University of Idaho Library Special Collections & Archives,"Carleton Watkins Interior Views of Anaconda Mines (Butte, MT)",University of Idaho Library; Special Collections & Archives,Black and White Photograph,image/jpeg,Image;StillImage,89-1193,2011-03,eng,"Material in Public Domain due to date of creation. For more information, please contact University of Idaho Library Special Collections and Archives Department at libspec@uidaho.edu.",https://creativecommons.org/publicdomain/mark/1.0/,Original is archival Tiff. Displayed is a reduced jpeg.,2011-04-07,2018-02-09,http://digital.lib.uidaho.edu:80/cdm/ref/collection/watkins/id/24,24,31.jp2,/watkins/image/31.jp2,watkins24
High Ore Mine 600 ft. level [no. 1194],"Watkins, Carleton E.",High Ore Mine,600,1890,High ore 600 level Pump Station,"Conley, Cort","Watkins, Carleton E., 1829-1916; Anaconda Company; Butte (Mont.);",Photographic prints,United States;Montana;Silver Bow County;Butte;Anaconda Mine,PG 89 - University of Idaho Library Special Collections & Archives,"Carleton Watkins Interior Views of Anaconda Mines (Butte, MT)",University of Idaho Library; Special Collections & Archives,Black and White Photograph,image/jpeg,Image;StillImage,89-1194,2011-03,eng,"Material in Public Domain due to date of creation. For more information, please contact University of Idaho Library Special Collections and Archives Department at libspec@uidaho.edu.",https://creativecommons.org/publicdomain/mark/1.0/,Original is archival Tiff. Displayed is a reduced jpeg.,2011-04-07,2018-02-09,http://digital.lib.uidaho.edu:80/cdm/ref/collection/watkins/id/25,25,32.jp2,/watkins/image/32.jp2,watkins25
High Ore Mine 500 ft. level [no. 1195],"Watkins, Carleton E.",High Ore Mine,500,1890,High ore 500 ft. level Housing Station,"Conley, Cort","Watkins, Carleton E., 1829-1916; Anaconda Company; Butte (Mont.);",Photographic prints,United States;Montana;Silver Bow County;Butte;Anaconda Mine,PG 89 - University of Idaho Library Special Collections & Archives,"Carleton Watkins Interior Views of Anaconda Mines (Butte, MT)",University of Idaho Library; Special Collections & Archives,Black and White Photograph,image/jpeg,Image;StillImage,89-1195,2011-03,eng,"Material in Public Domain due to date of creation. For more information, please contact University of Idaho Library Special Collections and Archives Department at libspec@uidaho.edu.",https://creativecommons.org/publicdomain/mark/1.0/,Original is archival Tiff. Displayed is a reduced jpeg.,2011-04-07,2018-02-09,http://digital.lib.uidaho.edu:80/cdm/ref/collection/watkins/id/26,26,33.jp2,/watkins/image/33.jp2,watkins26
High Ore Mine 400 ft. level West [no. 1196],"Watkins, Carleton E.",High Ore Mine,400,1890,High ore 400 ft. level West Showing bulkheading in 1st floor and miner ascending to 2nd floor with hose for drilling machine,"Conley, Cort","Watkins, Carleton E., 1829-1916; Anaconda Company; Butte (Mont.);",Photographic prints,United States;Montana;Silver Bow County;Butte;Anaconda Mine,PG 89 - University of Idaho Library Special Collections & Archives,"Carleton Watkins Interior Views of Anaconda Mines (Butte, MT)",University of Idaho Library; Special Collections & Archives,Black and White Photograph,image/jpeg,Image;StillImage,89-1196,2011-03,eng,"Material in Public Domain due to date of creation. For more information, please contact University of Idaho Library Special Collections and Archives Department at libspec@uidaho.edu.",https://creativecommons.org/publicdomain/mark/1.0/,Original is archival Tiff. Displayed is a reduced jpeg.,2011-04-07,2018-02-09,http://digital.lib.uidaho.edu:80/cdm/ref/collection/watkins/id/27,27,34.jp2,/watkins/image/34.jp2,watkins27
High Ore Mine 300 ft. level East [no. 1197],"Watkins, Carleton E.",High Ore Mine,300,1890,High ore 300 ft. level East Showing men and drilling machine on fourth floor drilling air on breast,"Conley, Cort","Watkins, Carleton E., 1829-1916; Anaconda Company; Butte (Mont.);",Photographic prints,United States;Montana;Silver Bow County;Butte;Anaconda Mine,PG 89 - University of Idaho Library Special Collections & Archives,"Carleton Watkins Interior Views of Anaconda Mines (Butte, MT)",University of Idaho Library; Special Collections & Archives,Black and White Photograph,image/jpeg,Image;StillImage,89-1197,2011-03,eng,"Material in Public Domain due to date of creation. For more information, please contact University of Idaho Library Special Collections and Archives Department at libspec@uidaho.edu.",https://creativecommons.org/publicdomain/mark/1.0/,Original is archival Tiff. Displayed is a reduced jpeg.,2011-04-07,2018-02-09,http://digital.lib.uidaho.edu:80/cdm/ref/collection/watkins/id/28,28,35.jp2,/watkins/image/35.jp2,watkins28
High Ore Mine 200 ft. level West [no. 1198],"Watkins, Carleton E.",High Ore Mine,200,1890,High ore 200 ft. level West Showing face of drift. Timber and lagging,"Conley, Cort","Watkins, Carleton E., 1829-1916; Anaconda Company; Butte (Mont.);",Photographic prints,United States;Montana;Silver Bow County;Butte;Anaconda Mine,PG 89 - University of Idaho Library Special Collections & Archives,"Carleton Watkins Interior Views of Anaconda Mines (Butte, MT)",University of Idaho Library; Special Collections & Archives,Black and White Photograph,image/jpeg,Image;StillImage,89-1198,2011-03,eng,"Material in Public Domain due to date of creation. For more information, please contact University of Idaho Library Special Collections and Archives Department at libspec@uidaho.edu.",https://creativecommons.org/publicdomain/mark/1.0/,Original is archival Tiff. Displayed is a reduced jpeg.,2011-04-07,2018-02-09,http://digital.lib.uidaho.edu:80/cdm/ref/collection/watkins/id/29,29,36.jp2,/watkins/image/36.jp2,watkins29
High Ore Mine 600 ft. level East [no. 1199],"Watkins, Carleton E.",High Ore Mine,600,1890,High ore 600 level East Showing ore in breasts,"Conley, Cort","Watkins, Carleton E., 1829-1916; Anaconda Company; Butte (Mont.);",Photographic prints,United States;Montana;Silver Bow County;Butte;Anaconda Mine,PG 89 - University of Idaho Library Special Collections & Archives,"Carleton Watkins Interior Views of Anaconda Mines (Butte, MT)",University of Idaho Library; Special Collections & Archives,Black and White Photograph,image/jpeg,Image;StillImage,89-1199,2011-03,eng,"Material in Public Domain due to date of creation. For more information, please contact University of Idaho Library Special Collections and Archives Department at libspec@uidaho.edu.",https://creativecommons.org/publicdomain/mark/1.0/,Original is archival Tiff. Displayed is a reduced jpeg.,2011-04-07,2018-02-09,http://digital.lib.uidaho.edu:80/cdm/ref/collection/watkins/id/30,30,37.jp2,/watkins/image/37.jp2,watkins30
High Ore Mine 600 ft. level West [no. 1200],"Watkins, Carleton E.",High Ore Mine,600,1890,High ore 600 level West Showing miner wheeling ore to chutes Ore 10 ft,"Conley, Cort","Watkins, Carleton E., 1829-1916; Anaconda Company; Butte (Mont.);",Photographic prints,United States;Montana;Silver Bow County;Butte;Anaconda Mine,PG 89 - University of Idaho Library Special Collections & Archives,"Carleton Watkins Interior Views of Anaconda Mines (Butte, MT)",University of Idaho Library; Special Collections & Archives,Black and White Photograph,image/jpeg,Image;StillImage,89-1200,2011-03,eng,"Material in Public Domain due to date of creation. For more information, please contact University of Idaho Library Special Collections and Archives Department at libspec@uidaho.edu.",https://creativecommons.org/publicdomain/mark/1.0/,Original is archival Tiff. Displayed is a reduced jpeg.,2011-04-07,2018-02-09,http://digital.lib.uidaho.edu:80/cdm/ref/collection/watkins/id/31,31,38.jp2,/watkins/image/38.jp2,watkins31
High Ore Mine 300 ft. level East [no. 1201],"Watkins, Carleton E.",High Ore Mine,300,1890,High ore 300 level East Showing drilling machine and bar erected for drilling ore breast,"Conley, Cort","Watkins, Carleton E., 1829-1916; Anaconda Company; Butte (Mont.);",Photographic prints,United States;Montana;Silver Bow County;Butte;Anaconda Mine,PG 89 - University of Idaho Library Special Collections & Archives,"Carleton Watkins Interior Views of Anaconda Mines (Butte, MT)",University of Idaho Library; Special Collections & Archives,Black and White Photograph,image/jpeg,Image;StillImage,89-1201,2011-03,eng,"Material in Public Domain due to date of creation. For more information, please contact University of Idaho Library Special Collections and Archives Department at libspec@uidaho.edu.",https://creativecommons.org/publicdomain/mark/1.0/,Original is archival Tiff. Displayed is a reduced jpeg.,2011-04-07,2018-02-09,http://digital.lib.uidaho.edu:80/cdm/ref/collection/watkins/id/32,32,39.jp2,/watkins/image/39.jp2,watkins32
Anaconda Mine 1000 ft. level East [no. 1166],"Watkins, Carleton E.",Anaconda Mine,1000,1890,Anaconda Mine 1000 level East. Wealth of ore 45 ft.,"Conley, Cort","Watkins, Carleton E., 1829-1916; Anaconda Company; Butte (Mont.);",Photographic prints,United States;Montana;Silver Bow County;Butte;Anaconda Mine,PG 89 - University of Idaho Library Special Collections & Archives,"Carleton Watkins Interior Views of Anaconda Mines (Butte, MT)",University of Idaho Library; Special Collections & Archives,Black and White Photograph,image/jpeg,Image;StillImage,89-1166,2011-03,eng,"Material in Public Domain due to date of creation. For more information, please contact University of Idaho Library Special Collections and Archives Department at libspec@uidaho.edu.",https://creativecommons.org/publicdomain/mark/1.0/,Original is archival Tiff. Displayed is a reduced jpeg.,2011-04-07,2018-02-09,http://digital.lib.uidaho.edu:80/cdm/ref/collection/watkins/id/33,33,4.jp2,/watkins/image/4.jp2,watkins33
High Ore Mine 400 ft. level East [no. 1202],"Watkins, Carleton E.",High Ore Mine,400,1890,High ore 400 level East Showing ore after blast ore 15 ft,"Conley, Cort","Watkins, Carleton E., 1829-1916; Anaconda Company; Butte (Mont.);",Photographic prints,United States;Montana;Silver Bow County;Butte;Anaconda Mine,PG 89 - University of Idaho Library Special Collections & Archives,"Carleton Watkins Interior Views of Anaconda Mines (Butte, MT)",University of Idaho Library; Special Collections & Archives,Black and White Photograph,image/jpeg,Image;StillImage,89-1202,2011-03,eng,"Material in Public Domain due to date of creation. For more information, please contact University of Idaho Library Special Collections and Archives Department at libspec@uidaho.edu.",https://creativecommons.org/publicdomain/mark/1.0/,Original is archival Tiff. Displayed is a reduced jpeg.,2011-04-07,2018-02-09,http://digital.lib.uidaho.edu:80/cdm/ref/collection/watkins/id/34,34,40.jp2,/watkins/image/40.jp2,watkins34
High Ore Mine 300 ft. level West [no. 1203],"Watkins, Carleton E.",High Ore Mine,300,1890,High ore 300 ft. level West Showing timbers along foot wall,"Conley, Cort","Watkins, Carleton E., 1829-1916; Anaconda Company; Butte (Mont.);",Photographic prints,United States;Montana;Silver Bow County;Butte;Anaconda Mine,PG 89 - University of Idaho Library Special Collections & Archives,"Carleton Watkins Interior Views of Anaconda Mines (Butte, MT)",University of Idaho Library; Special Collections & Archives,Black and White Photograph,image/jpeg,Image;StillImage,89-1203,2011-03,eng,"Material in Public Domain due to date of creation. For more information, please contact University of Idaho Library Special Collections and Archives Department at libspec@uidaho.edu.",https://creativecommons.org/publicdomain/mark/1.0/,Original is archival Tiff. Displayed is a reduced jpeg.,2011-04-07,2018-02-09,http://digital.lib.uidaho.edu:80/cdm/ref/collection/watkins/id/35,35,41.jp2,/watkins/image/41.jp2,watkins35
High Ore Mine 500 ft. level West [no. 1204],"Watkins, Carleton E.",High Ore Mine,500,1890,High ore 500 ft. level West Showing ore and timbers on foot wall,"Conley, Cort","Watkins, Carleton E., 1829-1916; Anaconda Company; Butte (Mont.);",Photographic prints,United States;Montana;Silver Bow County;Butte;Anaconda Mine,PG 89 - University of Idaho Library Special Collections & Archives,"Carleton Watkins Interior Views of Anaconda Mines (Butte, MT)",University of Idaho Library; Special Collections & Archives,Black and White Photograph,image/jpeg,Image;StillImage,89-1204,2011-03,eng,"Material in Public Domain due to date of creation. For more information, please contact University of Idaho Library Special Collections and Archives Department at libspec@uidaho.edu.",https://creativecommons.org/publicdomain/mark/1.0/,Original is archival Tiff. Displayed is a reduced jpeg.,2011-04-07,2018-02-09,http://digital.lib.uidaho.edu:80/cdm/ref/collection/watkins/id/36,36,42.jp2,/watkins/image/42.jp2,watkins36
High Ore Mine 300 ft. level East [no. 1205],"Watkins, Carleton E.",High Ore Mine,300,1890,High ore 300 ft. level East Showing tripod and drilling machine in operation,"Conley, Cort","Watkins, Carleton E., 1829-1916; Anaconda Company; Butte (Mont.);",Photographic prints,United States;Montana;Silver Bow County;Butte;Anaconda Mine,PG 89 - University of Idaho Library Special Collections & Archives,"Carleton Watkins Interior Views of Anaconda Mines (Butte, MT)",University of Idaho Library; Special Collections & Archives,Black and White Photograph,image/jpeg,Image;StillImage,89-1205,2011-03,eng,"Material in Public Domain due to date of creation. For more information, please contact University of Idaho Library Special Collections and Archives Department at libspec@uidaho.edu.",https://creativecommons.org/publicdomain/mark/1.0/,Original is archival Tiff. Displayed is a reduced jpeg.,2011-04-07,2018-02-09,http://digital.lib.uidaho.edu:80/cdm/ref/collection/watkins/id/37,37,43.jp2,/watkins/image/43.jp2,watkins37
High Ore Mine 300 ft. level West [no. 1206],"Watkins, Carleton E.",High Ore Mine,300,1890,High ore 300 ft. level West Showing [timbering along foot wall landing],"Conley, Cort","Watkins, Carleton E., 1829-1916; Anaconda Company; Butte (Mont.);",Photographic prints,United States;Montana;Silver Bow County;Butte;Anaconda Mine,PG 89 - University of Idaho Library Special Collections & Archives,"Carleton Watkins Interior Views of Anaconda Mines (Butte, MT)",University of Idaho Library; Special Collections & Archives,Black and White Photograph,image/jpeg,Image;StillImage,89-1206,2011-03,eng,"Material in Public Domain due to date of creation. For more information, please contact University of Idaho Library Special Collections and Archives Department at libspec@uidaho.edu.",https://creativecommons.org/publicdomain/mark/1.0/,Original is archival Tiff. Displayed is a reduced jpeg.,2011-04-07,2018-02-09,http://digital.lib.uidaho.edu:80/cdm/ref/collection/watkins/id/38,38,44.jp2,/watkins/image/44.jp2,watkins38
High Ore Mine 300 ft. level West [no. 1207],"Watkins, Carleton E.",High Ore Mine,300,1890,High ore 300 ft. level West Showing ore after blasting,"Conley, Cort","Watkins, Carleton E., 1829-1916; Anaconda Company; Butte (Mont.);",Photographic prints,United States;Montana;Silver Bow County;Butte;Anaconda Mine,PG 89 - University of Idaho Library Special Collections & Archives,"Carleton Watkins Interior Views of Anaconda Mines (Butte, MT)",University of Idaho Library; Special Collections & Archives,Black and White Photograph,image/jpeg,Image;StillImage,89-1207,2011-03,eng,"Material in Public Domain due to date of creation. For more information, please contact University of Idaho Library Special Collections and Archives Department at libspec@uidaho.edu.",https://creativecommons.org/publicdomain/mark/1.0/,Original is archival Tiff. Displayed is a reduced jpeg.,2011-04-07,2018-02-09,http://digital.lib.uidaho.edu:80/cdm/ref/collection/watkins/id/39,39,45.jp2,/watkins/image/45.jp2,watkins39
High Ore Mine 200 ft. level East [no. 1208],"Watkins, Carleton E.",High Ore Mine,200,1890,High ore 200 ft. level East Showing two sets of ore in face of drift,"Conley, Cort","Watkins, Carleton E., 1829-1916; Anaconda Company; Butte (Mont.);",Photographic prints,United States;Montana;Silver Bow County;Butte;Anaconda Mine,PG 89 - University of Idaho Library Special Collections & Archives,"Carleton Watkins Interior Views of Anaconda Mines (Butte, MT)",University of Idaho Library; Special Collections & Archives,Black and White Photograph,image/jpeg,Image;StillImage,89-1208,2011-03,eng,"Material in Public Domain due to date of creation. For more information, please contact University of Idaho Library Special Collections and Archives Department at libspec@uidaho.edu.",https://creativecommons.org/publicdomain/mark/1.0/,Original is archival Tiff. Displayed is a reduced jpeg.,2011-04-07,2018-02-09,http://digital.lib.uidaho.edu:80/cdm/ref/collection/watkins/id/40,40,46.jp2,/watkins/image/46.jp2,watkins40
High Ore Mine 200 ft. level East [no. 1209],"Watkins, Carleton E.",High Ore Mine,200,1890,High ore 200 ft. level East Showing ore in hanging wall Ore 15 ft.,"Conley, Cort","Watkins, Carleton E., 1829-1916; Anaconda Company; Butte (Mont.);",Photographic prints,United States;Montana;Silver Bow County;Butte;Anaconda Mine,PG 89 - University of Idaho Library Special Collections & Archives,"Carleton Watkins Interior Views of Anaconda Mines (Butte, MT)",University of Idaho Library; Special Collections & Archives,Black and White Photograph,image/jpeg,Image;StillImage,89-1209,2011-03,eng,"Material in Public Domain due to date of creation. For more information, please contact University of Idaho Library Special Collections and Archives Department at libspec@uidaho.edu.",https://creativecommons.org/publicdomain/mark/1.0/,Original is archival Tiff. Displayed is a reduced jpeg.,2011-04-07,2018-02-09,http://digital.lib.uidaho.edu:80/cdm/ref/collection/watkins/id/41,41,47.jp2,/watkins/image/47.jp2,watkins41
High Ore Mine 200 ft. level East [no. 1210],"Watkins, Carleton E.",High Ore Mine,200,1890,High ore 200 ft. level East Ore 25 ft.,"Conley, Cort","Watkins, Carleton E., 1829-1916; Anaconda Company; Butte (Mont.);",Photographic prints,United States;Montana;Silver Bow County;Butte;Anaconda Mine,PG 89 - University of Idaho Library Special Collections & Archives,"Carleton Watkins Interior Views of Anaconda Mines (Butte, MT)",University of Idaho Library; Special Collections & Archives,Black and White Photograph,image/jpeg,Image;StillImage,89-1210,2011-03,eng,"Material in Public Domain due to date of creation. For more information, please contact University of Idaho Library Special Collections and Archives Department at libspec@uidaho.edu.",https://creativecommons.org/publicdomain/mark/1.0/,Original is archival Tiff. Displayed is a reduced jpeg.,2011-04-07,2018-02-09,http://digital.lib.uidaho.edu:80/cdm/ref/collection/watkins/id/42,42,48.jp2,/watkins/image/48.jp2,watkins42
High Ore Mine 400 ft. level East still floor [no. 1211],"Watkins, Carleton E.",High Ore Mine,400,1890,High ore 400 level East sill showing floor Showing ore breast,"Conley, Cort","Watkins, Carleton E., 1829-1916; Anaconda Company; Butte (Mont.);",Photographic prints,United States;Montana;Silver Bow County;Butte;Anaconda Mine,PG 89 - University of Idaho Library Special Collections & Archives,"Carleton Watkins Interior Views of Anaconda Mines (Butte, MT)",University of Idaho Library; Special Collections & Archives,Black and White Photograph,image/jpeg,Image;StillImage,89-1211,2011-03,eng,"Material in Public Domain due to date of creation. For more information, please contact University of Idaho Library Special Collections and Archives Department at libspec@uidaho.edu.",https://creativecommons.org/publicdomain/mark/1.0/,Original is archival Tiff. Displayed is a reduced jpeg.,2011-04-07,2018-02-09,http://digital.lib.uidaho.edu:80/cdm/ref/collection/watkins/id/43,43,49.jp2,/watkins/image/49.jp2,watkins43
Anaconda Mine 1000 ft. level West [no. 1168],"Watkins, Carleton E.",Anaconda Mine,1000,1890,Anaconda Mine 1000 level West. Wealth of ore 75 ft.,"Conley, Cort","Watkins, Carleton E., 1829-1916; Anaconda Company; Butte (Mont.);",Photographic prints,United States;Montana;Silver Bow County;Butte;Anaconda Mine,PG 89 - University of Idaho Library Special Collections & Archives,"Carleton Watkins Interior Views of Anaconda Mines (Butte, MT)",University of Idaho Library; Special Collections & Archives,Black and White Photograph,image/jpeg,Image;StillImage,89-1168,2011-03,eng,"Material in Public Domain due to date of creation. For more information, please contact University of Idaho Library Special Collections and Archives Department at libspec@uidaho.edu.",https://creativecommons.org/publicdomain/mark/1.0/,Original is archival Tiff. Displayed is a reduced jpeg.,2011-04-07,2018-02-09,http://digital.lib.uidaho.edu:80/cdm/ref/collection/watkins/id/44,44,5.jp2,/watkins/image/5.jp2,watkins44
"Mountain Consolidated Mine 100 ft. level Station (note ""1890"" on beam) [no. 1212]","Watkins, Carleton E.",Mountain Consolidated Mine,100,1890,"Mt Com 100 Station [note ""1890"" on beam]","Conley, Cort","Watkins, Carleton E., 1829-1916; Anaconda Company; Butte (Mont.);",Photographic prints,United States;Montana;Silver Bow County;Butte;Anaconda Mine,PG 89 - University of Idaho Library Special Collections & Archives,"Carleton Watkins Interior Views of Anaconda Mines (Butte, MT)",University of Idaho Library; Special Collections & Archives,Black and White Photograph,image/jpeg,Image;StillImage,89-1212,2011-03,eng,"Material in Public Domain due to date of creation. For more information, please contact University of Idaho Library Special Collections and Archives Department at libspec@uidaho.edu.",https://creativecommons.org/publicdomain/mark/1.0/,Original is archival Tiff. Displayed is a reduced jpeg.,2011-04-07,2018-02-09,http://digital.lib.uidaho.edu:80/cdm/ref/collection/watkins/id/45,45,50.jp2,/watkins/image/50.jp2,watkins45
Mountain Consolidated Mine 100 Station at shaft [no. 1214],"Watkins, Carleton E.",Mountain Consolidated Mine,100,1890,Mt Con 100 Station at shaft,"Conley, Cort","Watkins, Carleton E., 1829-1916; Anaconda Company; Butte (Mont.);",Photographic prints,United States;Montana;Silver Bow County;Butte;Anaconda Mine,PG 89 - University of Idaho Library Special Collections & Archives,"Carleton Watkins Interior Views of Anaconda Mines (Butte, MT)",University of Idaho Library; Special Collections & Archives,Black and White Photograph,image/jpeg,Image;StillImage,89-1214,2011-03,eng,"Material in Public Domain due to date of creation. For more information, please contact University of Idaho Library Special Collections and Archives Department at libspec@uidaho.edu.",https://creativecommons.org/publicdomain/mark/1.0/,Original is archival Tiff. Displayed is a reduced jpeg.,2011-04-07,2018-02-09,http://digital.lib.uidaho.edu:80/cdm/ref/collection/watkins/id/46,46,51.jp2,/watkins/image/51.jp2,watkins46
Mountain Consolidated Mine 100 ft. level [no. 1215],"Watkins, Carleton E.",Mountain Consolidated Mine,100,1890,Mt Con 100 level Showing miners replacing and repairing old timbers,"Conley, Cort","Watkins, Carleton E., 1829-1916; Anaconda Company; Butte (Mont.);",Photographic prints,United States;Montana;Silver Bow County;Butte;Anaconda Mine,PG 89 - University of Idaho Library Special Collections & Archives,"Carleton Watkins Interior Views of Anaconda Mines (Butte, MT)",University of Idaho Library; Special Collections & Archives,Black and White Photograph,image/jpeg,Image;StillImage,89-1215,2011-03,eng,"Material in Public Domain due to date of creation. For more information, please contact University of Idaho Library Special Collections and Archives Department at libspec@uidaho.edu.",https://creativecommons.org/publicdomain/mark/1.0/,Original is archival Tiff. Displayed is a reduced jpeg.,2011-04-07,2018-02-09,http://digital.lib.uidaho.edu:80/cdm/ref/collection/watkins/id/47,47,52.jp2,/watkins/image/52.jp2,watkins47
Mountain Consolidated Mine 400 ft. level East still floor breast [no. 1216],"Watkins, Carleton E.",Mountain Consolidated Mine,400,1890,Mt Con 400 level East sill floor breast. Showing Supt. Carroll and drilling machine in act of drilling ore breast,"Conley, Cort","Watkins, Carleton E., 1829-1916; Anaconda Company; Butte (Mont.);",Photographic prints,United States;Montana;Silver Bow County;Butte;Anaconda Mine,PG 89 - University of Idaho Library Special Collections & Archives,"Carleton Watkins Interior Views of Anaconda Mines (Butte, MT)",University of Idaho Library; Special Collections & Archives,Black and White Photograph,image/jpeg,Image;StillImage,89-1216,2011-03,eng,"Material in Public Domain due to date of creation. For more information, please contact University of Idaho Library Special Collections and Archives Department at libspec@uidaho.edu.",https://creativecommons.org/publicdomain/mark/1.0/,Original is archival Tiff. Displayed is a reduced jpeg.,2011-04-07,2018-02-09,http://digital.lib.uidaho.edu:80/cdm/ref/collection/watkins/id/48,48,53.jp2,/watkins/image/53.jp2,watkins48
Mountain Consolidated Mine 100 ft. level East still floor [no. 1217],"Watkins, Carleton E.",Mountain Consolidated Mine,100,1890,Mt Con 100 level East sill floor.  Showing miners in ore breast filling ore cars. Ore 12 ft.,"Conley, Cort","Watkins, Carleton E., 1829-1916; Anaconda Company; Butte (Mont.);",Photographic prints,United States;Montana;Silver Bow County;Butte;Anaconda Mine,PG 89 - University of Idaho Library Special Collections & Archives,"Carleton Watkins Interior Views of Anaconda Mines (Butte, MT)",University of Idaho Library; Special Collections & Archives,Black and White Photograph,image/jpeg,Image;StillImage,89-1217,2011-03,eng,"Material in Public Domain due to date of creation. For more information, please contact University of Idaho Library Special Collections and Archives Department at libspec@uidaho.edu.",https://creativecommons.org/publicdomain/mark/1.0/,Original is archival Tiff. Displayed is a reduced jpeg.,2011-04-07,2018-02-09,http://digital.lib.uidaho.edu:80/cdm/ref/collection/watkins/id/49,49,54.jp2,/watkins/image/54.jp2,watkins49
Mountain Consolidated Mine 400 ft. level East [no. 1218],"Watkins, Carleton E.",Mountain Consolidated Mine,400,1890,Mt Con 400 level East. Showing drift and timbers 100 ft. west of ore breast,"Conley, Cort","Watkins, Carleton E., 1829-1916; Anaconda Company; Butte (Mont.);",Photographic prints,United States;Montana;Silver Bow County;Butte;Anaconda Mine,PG 89 - University of Idaho Library Special Collections & Archives,"Carleton Watkins Interior Views of Anaconda Mines (Butte, MT)",University of Idaho Library; Special Collections & Archives,Black and White Photograph,image/jpeg,Image;StillImage,89-1218,2011-03,eng,"Material in Public Domain due to date of creation. For more information, please contact University of Idaho Library Special Collections and Archives Department at libspec@uidaho.edu.",https://creativecommons.org/publicdomain/mark/1.0/,Original is archival Tiff. Displayed is a reduced jpeg.,2011-04-07,2018-02-09,http://digital.lib.uidaho.edu:80/cdm/ref/collection/watkins/id/50,50,55.jp2,/watkins/image/55.jp2,watkins50
Mountain Consolidated Mine 100 ft. level West still floor [no. 1219],"Watkins, Carleton E.",Mountain Consolidated Mine,100,1890,Mt Con 100 level West sill floor.  Showing untimbered ore breast,"Conley, Cort","Watkins, Carleton E., 1829-1916; Anaconda Company; Butte (Mont.);",Photographic prints,United States;Montana;Silver Bow County;Butte;Anaconda Mine,PG 89 - University of Idaho Library Special Collections & Archives,"Carleton Watkins Interior Views of Anaconda Mines (Butte, MT)",University of Idaho Library; Special Collections & Archives,Black and White Photograph,image/jpeg,Image;StillImage,89-1219,2011-03,eng,"Material in Public Domain due to date of creation. For more information, please contact University of Idaho Library Special Collections and Archives Department at libspec@uidaho.edu.",https://creativecommons.org/publicdomain/mark/1.0/,Original is archival Tiff. Displayed is a reduced jpeg.,2011-04-07,2018-02-09,http://digital.lib.uidaho.edu:80/cdm/ref/collection/watkins/id/51,51,56.jp2,/watkins/image/56.jp2,watkins51
Mountain Consolidated Mine 400 ft. level East still floor [no. 1220],"Watkins, Carleton E.",Mountain Consolidated Mine,400,1890,Mt Con 400 level East sill floor Showing ore breast without timbers,"Conley, Cort","Watkins, Carleton E., 1829-1916; Anaconda Company; Butte (Mont.);",Photographic prints,United States;Montana;Silver Bow County;Butte;Anaconda Mine,PG 89 - University of Idaho Library Special Collections & Archives,"Carleton Watkins Interior Views of Anaconda Mines (Butte, MT)",University of Idaho Library; Special Collections & Archives,Black and White Photograph,image/jpeg,Image;StillImage,89-1220,2011-03,eng,"Material in Public Domain due to date of creation. For more information, please contact University of Idaho Library Special Collections and Archives Department at libspec@uidaho.edu.",https://creativecommons.org/publicdomain/mark/1.0/,Original is archival Tiff. Displayed is a reduced jpeg.,2011-04-07,2018-02-09,http://digital.lib.uidaho.edu:80/cdm/ref/collection/watkins/id/52,52,57.jp2,/watkins/image/57.jp2,watkins52
Mountain Consolidated Mine 550 ft. level East still floor,"Watkins, Carleton E.",Mountain Consolidated Mine,550,1890,Mountain Consolidated Mine 550 level East sill floor.  Showing a fine ore breast untimbered,"Conley, Cort","Watkins, Carleton E., 1829-1916; Anaconda Company; Butte (Mont.);",Photographic prints,United States;Montana;Silver Bow County;Butte;Anaconda Mine,PG 89 - University of Idaho Library Special Collections & Archives,"Carleton Watkins Interior Views of Anaconda Mines (Butte, MT)",University of Idaho Library; Special Collections & Archives,Black and White Photograph,image/jpeg,Image;StillImage,89-1221,2011-03,eng,"Material in Public Domain due to date of creation. For more information, please contact University of Idaho Library Special Collections and Archives Department at libspec@uidaho.edu.",https://creativecommons.org/publicdomain/mark/1.0/,Original is archival Tiff. Displayed is a reduced jpeg.,2011-04-07,2018-02-09,http://digital.lib.uidaho.edu:80/cdm/ref/collection/watkins/id/53,53,58.jp2,/watkins/image/58.jp2,watkins53
Mountain Consolidated Mine 550 ft. level East [no. 1222],"Watkins, Carleton E.",Mountain Consolidated Mine,550,1890,Mt Con 550 level East.  Showing a fine ore body with part of 1st or 2nd floor timbers in sight,"Conley, Cort","Watkins, Carleton E., 1829-1916; Anaconda Company; Butte (Mont.);",Photographic prints,United States;Montana;Silver Bow County;Butte;Anaconda Mine,PG 89 - University of Idaho Library Special Collections & Archives,"Carleton Watkins Interior Views of Anaconda Mines (Butte, MT)",University of Idaho Library; Special Collections & Archives,Black and White Photograph,image/jpeg,Image;StillImage,89-1222,2011-03,eng,"Material in Public Domain due to date of creation. For more information, please contact University of Idaho Library Special Collections and Archives Department at libspec@uidaho.edu.",https://creativecommons.org/publicdomain/mark/1.0/,Original is archival Tiff. Displayed is a reduced jpeg.,2011-04-07,2018-02-09,http://digital.lib.uidaho.edu:80/cdm/ref/collection/watkins/id/54,54,59.jp2,/watkins/image/59.jp2,watkins54
Anaconda Mine 1000 ft. level East [no. 1167],"Watkins, Carleton E.",Anaconda Mine,1000,1890,Anaconda Mine 1000 level East. Wealth of ore 45 ft.,"Conley, Cort","Watkins, Carleton E., 1829-1916; Anaconda Company; Butte (Mont.);",Photographic prints,United States;Montana;Silver Bow County;Butte;Anaconda Mine,PG 89 - University of Idaho Library Special Collections & Archives,"Carleton Watkins Interior Views of Anaconda Mines (Butte, MT)",University of Idaho Library; Special Collections & Archives,Black and White Photograph,image/jpeg,Image;StillImage,89-1167,2011-03,eng,"Material in Public Domain due to date of creation. For more information, please contact University of Idaho Library Special Collections and Archives Department at libspec@uidaho.edu.",https://creativecommons.org/publicdomain/mark/1.0/,Original is archival Tiff. Displayed is a reduced jpeg.,2011-04-07,2018-02-09,http://digital.lib.uidaho.edu:80/cdm/ref/collection/watkins/id/55,55,6.jp2,/watkins/image/6.jp2,watkins55
Mountain Consolidated Mine 300 ft. level East still floor  [no. 1223],"Watkins, Carleton E.",Mountain Consolidated Mine,300,1890,Mt Con 300 level East still floor.  Ore breast showing miners at world Ore 40 ft,"Conley, Cort","Watkins, Carleton E., 1829-1916; Anaconda Company; Butte (Mont.);",Photographic prints,United States;Montana;Silver Bow County;Butte;Anaconda Mine,PG 89 - University of Idaho Library Special Collections & Archives,"Carleton Watkins Interior Views of Anaconda Mines (Butte, MT)",University of Idaho Library; Special Collections & Archives,Black and White Photograph,image/jpeg,Image;StillImage,89-1223,2011-03,eng,"Material in Public Domain due to date of creation. For more information, please contact University of Idaho Library Special Collections and Archives Department at libspec@uidaho.edu.",https://creativecommons.org/publicdomain/mark/1.0/,Original is archival Tiff. Displayed is a reduced jpeg.,2011-04-07,2018-02-09,http://digital.lib.uidaho.edu:80/cdm/ref/collection/watkins/id/56,56,60.jp2,/watkins/image/60.jp2,watkins56
Mountain Consolidated Mine 200 ft. level East sill floor  [no. 1224],"Watkins, Carleton E.",Mountain Consolidated Mine,200,1890,Mt Con 200 level East sill floor.  Showing ore and timbers on hanging wall,"Conley, Cort","Watkins, Carleton E., 1829-1916; Anaconda Company; Butte (Mont.);",Photographic prints,United States;Montana;Silver Bow County;Butte;Anaconda Mine,PG 89 - University of Idaho Library Special Collections & Archives,"Carleton Watkins Interior Views of Anaconda Mines (Butte, MT)",University of Idaho Library; Special Collections & Archives,Black and White Photograph,image/jpeg,Image;StillImage,89-1224,2011-03,eng,"Material in Public Domain due to date of creation. For more information, please contact University of Idaho Library Special Collections and Archives Department at libspec@uidaho.edu.",https://creativecommons.org/publicdomain/mark/1.0/,Original is archival Tiff. Displayed is a reduced jpeg.,2011-04-07,2018-02-09,http://digital.lib.uidaho.edu:80/cdm/ref/collection/watkins/id/57,57,61.jp2,/watkins/image/61.jp2,watkins57
Mountain Consolidated Mine 400 ft. level East sill floor  [no. 1225],"Watkins, Carleton E.",Mountain Consolidated Mine,400,1890,Mt Con 400 level East sill floor.  Showing ore breast,"Conley, Cort","Watkins, Carleton E., 1829-1916; Anaconda Company; Butte (Mont.);",Photographic prints,United States;Montana;Silver Bow County;Butte;Anaconda Mine,PG 89 - University of Idaho Library Special Collections & Archives,"Carleton Watkins Interior Views of Anaconda Mines (Butte, MT)",University of Idaho Library; Special Collections & Archives,Black and White Photograph,image/jpeg,Image;StillImage,89-1225,2011-03,eng,"Material in Public Domain due to date of creation. For more information, please contact University of Idaho Library Special Collections and Archives Department at libspec@uidaho.edu.",https://creativecommons.org/publicdomain/mark/1.0/,Original is archival Tiff. Displayed is a reduced jpeg.,2011-04-07,2018-02-09,http://digital.lib.uidaho.edu:80/cdm/ref/collection/watkins/id/58,58,62.jp2,/watkins/image/62.jp2,watkins58
Mountain Consolidated Mine 200 ft. level East sill floor  [no. 1226],"Watkins, Carleton E.",Mountain Consolidated Mine,200,1890,Mt Con 200 level East sill floor.  Showing ore after a blast.,"Conley, Cort","Watkins, Carleton E., 1829-1916; Anaconda Company; Butte (Mont.);",Photographic prints,United States;Montana;Silver Bow County;Butte;Anaconda Mine,PG 89 - University of Idaho Library Special Collections & Archives,"Carleton Watkins Interior Views of Anaconda Mines (Butte, MT)",University of Idaho Library; Special Collections & Archives,Black and White Photograph,image/jpeg,Image;StillImage,89-1226,2011-03,eng,"Material in Public Domain due to date of creation. For more information, please contact University of Idaho Library Special Collections and Archives Department at libspec@uidaho.edu.",https://creativecommons.org/publicdomain/mark/1.0/,Original is archival Tiff. Displayed is a reduced jpeg.,2011-04-07,2018-02-09,http://digital.lib.uidaho.edu:80/cdm/ref/collection/watkins/id/59,59,63.jp2,/watkins/image/63.jp2,watkins59
Mountain Consolidated Mine 100 ft. level West sill floor  [no. 1227],"Watkins, Carleton E.",Mountain Consolidated Mine,100,1890,Mt Con 100 level West sill floor.  Showing ore blast of level,"Conley, Cort","Watkins, Carleton E., 1829-1916; Anaconda Company; Butte (Mont.);",Photographic prints,United States;Montana;Silver Bow County;Butte;Anaconda Mine,PG 89 - University of Idaho Library Special Collections & Archives,"Carleton Watkins Interior Views of Anaconda Mines (Butte, MT)",University of Idaho Library; Special Collections & Archives,Black and White Photograph,image/jpeg,Image;StillImage,89-1227,2011-03,eng,"Material in Public Domain due to date of creation. For more information, please contact University of Idaho Library Special Collections and Archives Department at libspec@uidaho.edu.",https://creativecommons.org/publicdomain/mark/1.0/,Original is archival Tiff. Displayed is a reduced jpeg.,2011-04-07,2018-02-09,http://digital.lib.uidaho.edu:80/cdm/ref/collection/watkins/id/60,60,64.jp2,/watkins/image/64.jp2,watkins60
Mountain Consolidated Mine 400 ft. level East sill floor  [no. 1228],"Watkins, Carleton E.",Mountain Consolidated Mine,400,1890,Mt Con 400 level East sill floor.  Ore breast showing ore in foot wall,"Conley, Cort","Watkins, Carleton E., 1829-1916; Anaconda Company; Butte (Mont.);",Photographic prints,United States;Montana;Silver Bow County;Butte;Anaconda Mine,PG 89 - University of Idaho Library Special Collections & Archives,"Carleton Watkins Interior Views of Anaconda Mines (Butte, MT)",University of Idaho Library; Special Collections & Archives,Black and White Photograph,image/jpeg,Image;StillImage,89-1228,2011-03,eng,"Material in Public Domain due to date of creation. For more information, please contact University of Idaho Library Special Collections and Archives Department at libspec@uidaho.edu.",https://creativecommons.org/publicdomain/mark/1.0/,Original is archival Tiff. Displayed is a reduced jpeg.,2011-04-07,2018-02-09,http://digital.lib.uidaho.edu:80/cdm/ref/collection/watkins/id/61,61,65.jp2,/watkins/image/65.jp2,watkins61
Mountain Consolidated Mine 400 ft. level East sill floor  [no. 1229],"Watkins, Carleton E.",Mountain Consolidated Mine,400,1890,Mt Con 400 level East sill floor.  Ore breast showing miners drilling in ore.,"Conley, Cort","Watkins, Carleton E., 1829-1916; Anaconda Company; Butte (Mont.);",Photographic prints,United States;Montana;Silver Bow County;Butte;Anaconda Mine,PG 89 - University of Idaho Library Special Collections & Archives,"Carleton Watkins Interior Views of Anaconda Mines (Butte, MT)",University of Idaho Library; Special Collections & Archives,Black and White Photograph,image/jpeg,Image;StillImage,89-1229,2011-03,eng,"Material in Public Domain due to date of creation. For more information, please contact University of Idaho Library Special Collections and Archives Department at libspec@uidaho.edu.",https://creativecommons.org/publicdomain/mark/1.0/,Original is archival Tiff. Displayed is a reduced jpeg.,2011-04-07,2018-02-09,http://digital.lib.uidaho.edu:80/cdm/ref/collection/watkins/id/62,62,66.jp2,/watkins/image/66.jp2,watkins62
Mountain Consolidated Mine 300 ft. level East sill floor  [no. 1230],"Watkins, Carleton E.",Mountain Consolidated Mine,300,1890,Mt Con 300 level East sill floor.  Showing ore breast closely timbered.,"Conley, Cort","Watkins, Carleton E., 1829-1916; Anaconda Company; Butte (Mont.);",Photographic prints,United States;Montana;Silver Bow County;Butte;Anaconda Mine,PG 89 - University of Idaho Library Special Collections & Archives,"Carleton Watkins Interior Views of Anaconda Mines (Butte, MT)",University of Idaho Library; Special Collections & Archives,Black and White Photograph,image/jpeg,Image;StillImage,89-1230,2011-03,eng,"Material in Public Domain due to date of creation. For more information, please contact University of Idaho Library Special Collections and Archives Department at libspec@uidaho.edu.",https://creativecommons.org/publicdomain/mark/1.0/,Original is archival Tiff. Displayed is a reduced jpeg.,2011-04-07,2018-02-09,http://digital.lib.uidaho.edu:80/cdm/ref/collection/watkins/id/63,63,67.jp2,/watkins/image/67.jp2,watkins63
Mountain Consolidated Mine 300 ft. level East sill floor  [no. 1231],"Watkins, Carleton E.",Mountain Consolidated Mine,300,1890,Mt Con 300 level East sill floor.  Ore breast showing ore in foot wall.,"Conley, Cort","Watkins, Carleton E., 1829-1916; Anaconda Company; Butte (Mont.);",Photographic prints,United States;Montana;Silver Bow County;Butte;Anaconda Mine,PG 89 - University of Idaho Library Special Collections & Archives,"Carleton Watkins Interior Views of Anaconda Mines (Butte, MT)",University of Idaho Library; Special Collections & Archives,Black and White Photograph,image/jpeg,Image;StillImage,89-1231,2011-03,eng,"Material in Public Domain due to date of creation. For more information, please contact University of Idaho Library Special Collections and Archives Department at libspec@uidaho.edu.",https://creativecommons.org/publicdomain/mark/1.0/,Original is archival Tiff. Displayed is a reduced jpeg.,2011-04-07,2018-02-09,http://digital.lib.uidaho.edu:80/cdm/ref/collection/watkins/id/64,64,68.jp2,/watkins/image/68.jp2,watkins64
Mountain Consolidated Mine 100 ft. level West sill floor  [no. 1232],"Watkins, Carleton E.",Mountain Consolidated Mine,100,1890,Mt Con 100 level West sill floor.  Showing machine drilling ore breast.,"Conley, Cort","Watkins, Carleton E., 1829-1916; Anaconda Company; Butte (Mont.);",Photographic prints,United States;Montana;Silver Bow County;Butte;Anaconda Mine,PG 89 - University of Idaho Library Special Collections & Archives,"Carleton Watkins Interior Views of Anaconda Mines (Butte, MT)",University of Idaho Library; Special Collections & Archives,Black and White Photograph,image/jpeg,Image;StillImage,89-1232,2011-03,eng,"Material in Public Domain due to date of creation. For more information, please contact University of Idaho Library Special Collections and Archives Department at libspec@uidaho.edu.",https://creativecommons.org/publicdomain/mark/1.0/,Original is archival Tiff. Displayed is a reduced jpeg.,2011-04-07,2018-02-09,http://digital.lib.uidaho.edu:80/cdm/ref/collection/watkins/id/65,65,69.jp2,/watkins/image/69.jp2,watkins65
Anaconda Mine 1000 ft. level West [no. 1169],"Watkins, Carleton E.",Anaconda Mine,1000,1890,Anaconda Mine 1000 level West. Wealth of ore 75 ft.,"Conley, Cort","Watkins, Carleton E., 1829-1916; Anaconda Company; Butte (Mont.);",Photographic prints,United States;Montana;Silver Bow County;Butte;Anaconda Mine,PG 89 - University of Idaho Library Special Collections & Archives,"Carleton Watkins Interior Views of Anaconda Mines (Butte, MT)",University of Idaho Library; Special Collections & Archives,Black and White Photograph,image/jpeg,Image;StillImage,89-1169,2011-03,eng,"Material in Public Domain due to date of creation. For more information, please contact University of Idaho Library Special Collections and Archives Department at libspec@uidaho.edu.",https://creativecommons.org/publicdomain/mark/1.0/,Original is archival Tiff. Displayed is a reduced jpeg.,2011-04-07,2018-02-09,http://digital.lib.uidaho.edu:80/cdm/ref/collection/watkins/id/66,66,7.jp2,/watkins/image/7.jp2,watkins66
Mountain Consolidated Mine 550 ft. level East sill floor [no. 1233],"Watkins, Carleton E.",Mountain Consolidated Mine,550,1890,Mt Con 550 level East sill floor.  Showing ore breast on hanging wall.,"Conley, Cort","Watkins, Carleton E., 1829-1916; Anaconda Company; Butte (Mont.);",Photographic prints,United States;Montana;Silver Bow County;Butte;Anaconda Mine,PG 89 - University of Idaho Library Special Collections & Archives,"Carleton Watkins Interior Views of Anaconda Mines (Butte, MT)",University of Idaho Library; Special Collections & Archives,Black and White Photograph,image/jpeg,Image;StillImage,89-1233,2011-03,eng,"Material in Public Domain due to date of creation. For more information, please contact University of Idaho Library Special Collections and Archives Department at libspec@uidaho.edu.",https://creativecommons.org/publicdomain/mark/1.0/,Original is archival Tiff. Displayed is a reduced jpeg.,2011-04-07,2018-02-09,http://digital.lib.uidaho.edu:80/cdm/ref/collection/watkins/id/67,67,70.jp2,/watkins/image/70.jp2,watkins67
Mountain Consolidated Mine 200 ft. level East sill floor [no. 1234],"Watkins, Carleton E.",Mountain Consolidated Mine,200,1890,Mt Con 200 level East sill floor.  Showing ore breast.,"Conley, Cort","Watkins, Carleton E., 1829-1916; Anaconda Company; Butte (Mont.);",Photographic prints,United States;Montana;Silver Bow County;Butte;Anaconda Mine,PG 89 - University of Idaho Library Special Collections & Archives,"Carleton Watkins Interior Views of Anaconda Mines (Butte, MT)",University of Idaho Library; Special Collections & Archives,Black and White Photograph,image/jpeg,Image;StillImage,89-1234,2011-03,eng,"Material in Public Domain due to date of creation. For more information, please contact University of Idaho Library Special Collections and Archives Department at libspec@uidaho.edu.",https://creativecommons.org/publicdomain/mark/1.0/,Original is archival Tiff. Displayed is a reduced jpeg.,2011-04-07,2018-02-09,http://digital.lib.uidaho.edu:80/cdm/ref/collection/watkins/id/68,68,71.jp2,/watkins/image/71.jp2,watkins68
Mountain Consolidated Mine 550 ft. level East sill floor,"Watkins, Carleton E.",Mountain Consolidated Mine,550,1890,Mountain Consolidated Mine 550 level East sill floor.  Showing drilling machine drilling ore breast . Ore 45 ft.,"Conley, Cort","Watkins, Carleton E., 1829-1916; Anaconda Company; Butte (Mont.);",Photographic prints,United States;Montana;Silver Bow County;Butte;Anaconda Mine,PG 89 - University of Idaho Library Special Collections & Archives,"Carleton Watkins Interior Views of Anaconda Mines (Butte, MT)",University of Idaho Library; Special Collections & Archives,Black and White Photograph,image/jpeg,Image;StillImage,89-1235,2011-03,eng,"Material in Public Domain due to date of creation. For more information, please contact University of Idaho Library Special Collections and Archives Department at libspec@uidaho.edu.",https://creativecommons.org/publicdomain/mark/1.0/,Original is archival Tiff. Displayed is a reduced jpeg.,2011-04-07,2018-02-09,http://digital.lib.uidaho.edu:80/cdm/ref/collection/watkins/id/69,69,72.jp2,/watkins/image/72.jp2,watkins69
Mountain Consolidated Mine 400 ft. level East [no. 1236],"Watkins, Carleton E.",Mountain Consolidated Mine,400,1890,Mt Con 400 level East.  Showing two sets of ore in face timbered close to breast.  Ore 25 ft.,"Conley, Cort","Watkins, Carleton E., 1829-1916; Anaconda Company; Butte (Mont.);",Photographic prints,United States;Montana;Silver Bow County;Butte;Anaconda Mine,PG 89 - University of Idaho Library Special Collections & Archives,"Carleton Watkins Interior Views of Anaconda Mines (Butte, MT)",University of Idaho Library; Special Collections & Archives,Black and White Photograph,image/jpeg,Image;StillImage,89-1236,2011-03,eng,"Material in Public Domain due to date of creation. For more information, please contact University of Idaho Library Special Collections and Archives Department at libspec@uidaho.edu.",https://creativecommons.org/publicdomain/mark/1.0/,Original is archival Tiff. Displayed is a reduced jpeg.,2011-04-07,2018-02-09,http://digital.lib.uidaho.edu:80/cdm/ref/collection/watkins/id/70,70,73.jp2,/watkins/image/73.jp2,watkins70
Mountain Consolidated Mine 300 ft. level West [no. 1237],"Watkins, Carleton E.",Mountain Consolidated Mine,300,1890,Mt Con 300 level West.  Showing course of extraction of ore.  Ore 30 ft.,"Conley, Cort","Watkins, Carleton E., 1829-1916; Anaconda Company; Butte (Mont.);",Photographic prints,United States;Montana;Silver Bow County;Butte;Anaconda Mine,PG 89 - University of Idaho Library Special Collections & Archives,"Carleton Watkins Interior Views of Anaconda Mines (Butte, MT)",University of Idaho Library; Special Collections & Archives,Black and White Photograph,image/jpeg,Image;StillImage,89-1237,2011-03,eng,"Material in Public Domain due to date of creation. For more information, please contact University of Idaho Library Special Collections and Archives Department at libspec@uidaho.edu.",https://creativecommons.org/publicdomain/mark/1.0/,Original is archival Tiff. Displayed is a reduced jpeg.,2011-04-07,2018-02-09,http://digital.lib.uidaho.edu:80/cdm/ref/collection/watkins/id/71,71,74.jp2,/watkins/image/74.jp2,watkins71
Mountain Consolidated Mine 400 ft. level East [no. 1238],"Watkins, Carleton E.",Mountain Consolidated Mine,400,1890,Mt Con 400 level East.  Showing ore towards hanging wall.,"Conley, Cort","Watkins, Carleton E., 1829-1916; Anaconda Company; Butte (Mont.);",Photographic prints,United States;Montana;Silver Bow County;Butte;Anaconda Mine,PG 89 - University of Idaho Library Special Collections & Archives,"Carleton Watkins Interior Views of Anaconda Mines (Butte, MT)",University of Idaho Library; Special Collections & Archives,Black and White Photograph,image/jpeg,Image;StillImage,89-1238,2011-03,eng,"Material in Public Domain due to date of creation. For more information, please contact University of Idaho Library Special Collections and Archives Department at libspec@uidaho.edu.",https://creativecommons.org/publicdomain/mark/1.0/,Original is archival Tiff. Displayed is a reduced jpeg.,2011-04-07,2018-02-09,http://digital.lib.uidaho.edu:80/cdm/ref/collection/watkins/id/72,72,75.jp2,/watkins/image/75.jp2,watkins72
Mountain Consolidated Mine 400 ft. level East,"Watkins, Carleton E.",Mountain Consolidated Mine,400,1890,Showing waste filling between timbers 25 ft. From ore breast.  Ore 25 ft. Mountain Consolidated Mine 400 ft. level East,"Conley, Cort","Watkins, Carleton E., 1829-1916; Anaconda Company; Butte (Mont.);",Photographic prints,United States;Montana;Silver Bow County;Butte;Anaconda Mine,PG 89 - University of Idaho Library Special Collections & Archives,"Carleton Watkins Interior Views of Anaconda Mines (Butte, MT)",University of Idaho Library; Special Collections & Archives,Black and White Photograph,image/jpeg,Image;StillImage,89-1239,2011-03,eng,"Material in Public Domain due to date of creation. For more information, please contact University of Idaho Library Special Collections and Archives Department at libspec@uidaho.edu.",https://creativecommons.org/publicdomain/mark/1.0/,Original is archival Tiff. Displayed is a reduced jpeg.,2011-04-07,2018-02-09,http://digital.lib.uidaho.edu:80/cdm/ref/collection/watkins/id/73,73,76.jp2,/watkins/image/76.jp2,watkins73
Mountain Consolidated Mine 550 ft. level East [no. 1240],"Watkins, Carleton E.",Mountain Consolidated Mine,550,1890,Mt Con 550 level East.  Showing ore in breast.,"Conley, Cort","Watkins, Carleton E., 1829-1916; Anaconda Company; Butte (Mont.);",Photographic prints,United States;Montana;Silver Bow County;Butte;Anaconda Mine,PG 89 - University of Idaho Library Special Collections & Archives,"Carleton Watkins Interior Views of Anaconda Mines (Butte, MT)",University of Idaho Library; Special Collections & Archives,Black and White Photograph,image/jpeg,Image;StillImage,89-1240,2011-03,eng,"Material in Public Domain due to date of creation. For more information, please contact University of Idaho Library Special Collections and Archives Department at libspec@uidaho.edu.",https://creativecommons.org/publicdomain/mark/1.0/,Original is archival Tiff. Displayed is a reduced jpeg.,2011-04-07,2018-02-09,http://digital.lib.uidaho.edu:80/cdm/ref/collection/watkins/id/74,74,77.jp2,/watkins/image/77.jp2,watkins74
Mountain Consolidated Mine 400 ft. level East [no. 1241],"Watkins, Carleton E.",Mountain Consolidated Mine,400,1890,Mt Con 550 level East.  Showing drilling machine in operation.,"Conley, Cort","Watkins, Carleton E., 1829-1916; Anaconda Company; Butte (Mont.);",Photographic prints,United States;Montana;Silver Bow County;Butte;Anaconda Mine,PG 89 - University of Idaho Library Special Collections & Archives,"Carleton Watkins Interior Views of Anaconda Mines (Butte, MT)",University of Idaho Library; Special Collections & Archives,Black and White Photograph,image/jpeg,Image;StillImage,89-1241,2011-03,eng,"Material in Public Domain due to date of creation. For more information, please contact University of Idaho Library Special Collections and Archives Department at libspec@uidaho.edu.",https://creativecommons.org/publicdomain/mark/1.0/,Original is archival Tiff. Displayed is a reduced jpeg.,2011-04-07,2018-02-09,http://digital.lib.uidaho.edu:80/cdm/ref/collection/watkins/id/75,75,78.jp2,/watkins/image/78.jp2,watkins75
Mountain Consolidated Mine 550 ft. level East [no. 1242],"Watkins, Carleton E.",Mountain Consolidated Mine,550,1890,Mt Con 550 level East.  Showing ore after blasting.,"Conley, Cort","Watkins, Carleton E., 1829-1916; Anaconda Company; Butte (Mont.);",Photographic prints,United States;Montana;Silver Bow County;Butte;Anaconda Mine,PG 89 - University of Idaho Library Special Collections & Archives,"Carleton Watkins Interior Views of Anaconda Mines (Butte, MT)",University of Idaho Library; Special Collections & Archives,Black and White Photograph,image/jpeg,Image;StillImage,89-1242,2011-03,eng,"Material in Public Domain due to date of creation. For more information, please contact University of Idaho Library Special Collections and Archives Department at libspec@uidaho.edu.",https://creativecommons.org/publicdomain/mark/1.0/,Original is archival Tiff. Displayed is a reduced jpeg.,2011-04-07,2018-02-09,http://digital.lib.uidaho.edu:80/cdm/ref/collection/watkins/id/76,76,79.jp2,/watkins/image/79.jp2,watkins76
Anaconda Mine 1000 ft. level West [no. 1170],"Watkins, Carleton E.",Anaconda Mine,1000,1890,Anaconda Mine 1000 level West Ore 75 ft.,"Conley, Cort","Watkins, Carleton E., 1829-1916; Anaconda Company; Butte (Mont.);",Photographic prints,United States;Montana;Silver Bow County;Butte;Anaconda Mine,PG 89 - University of Idaho Library Special Collections & Archives,"Carleton Watkins Interior Views of Anaconda Mines (Butte, MT)",University of Idaho Library; Special Collections & Archives,Black and White Photograph,image/jpeg,Image;StillImage,89-1170,2011-03,eng,"Material in Public Domain due to date of creation. For more information, please contact University of Idaho Library Special Collections and Archives Department at libspec@uidaho.edu.",https://creativecommons.org/publicdomain/mark/1.0/,Original is archival Tiff. Displayed is a reduced jpeg.,2011-04-07,2018-02-09,http://digital.lib.uidaho.edu:80/cdm/ref/collection/watkins/id/77,77,8.jp2,/watkins/image/8.jp2,watkins77
Mountain Consolidated Mine 550 ft. level [no. 1243],"Watkins, Carleton E.",Mountain Consolidated Mine,550,1890,Mt Con 550 level.  Pump station.,"Conley, Cort","Watkins, Carleton E., 1829-1916; Anaconda Company; Butte (Mont.);",Photographic prints,United States;Montana;Silver Bow County;Butte;Anaconda Mine,PG 89 - University of Idaho Library Special Collections & Archives,"Carleton Watkins Interior Views of Anaconda Mines (Butte, MT)",University of Idaho Library; Special Collections & Archives,Black and White Photograph,image/jpeg,Image;StillImage,89-1243,2011-03,eng,"Material in Public Domain due to date of creation. For more information, please contact University of Idaho Library Special Collections and Archives Department at libspec@uidaho.edu.",https://creativecommons.org/publicdomain/mark/1.0/,Original is archival Tiff. Displayed is a reduced jpeg.,2011-04-07,2018-02-09,http://digital.lib.uidaho.edu:80/cdm/ref/collection/watkins/id/78,78,80.jp2,/watkins/image/80.jp2,watkins78
Anaconda Mine 1000 ft. level West [no. 1171],"Watkins, Carleton E.",Anaconda Mine,1000,1890,Anaconda Mine 1000 level West Ore 75 ft.,"Conley, Cort","Watkins, Carleton E., 1829-1916; Anaconda Company; Butte (Mont.);",Photographic prints,United States;Montana;Silver Bow County;Butte;Anaconda Mine,PG 89 - University of Idaho Library Special Collections & Archives,"Carleton Watkins Interior Views of Anaconda Mines (Butte, MT)",University of Idaho Library; Special Collections & Archives,Black and White Photograph,image/jpeg,Image;StillImage,89-1171,2011-03,eng,"Material in Public Domain due to date of creation. For more information, please contact University of Idaho Library Special Collections and Archives Department at libspec@uidaho.edu.",https://creativecommons.org/publicdomain/mark/1.0/,Original is archival Tiff. Displayed is a reduced jpeg.,2011-04-07,2018-02-09,http://digital.lib.uidaho.edu:80/cdm/ref/collection/watkins/id/79,79,9.jp2,/watkins/image/9.jp2,watkins79